ply
format ascii 1.0
comment SFM-X Georeferenced Point Cloud
element vertex 14750
property float x
property float y
property float z
property uchar red
property uchar green
property uchar blue
property float confidence
property int semantic_class
end_header
-75.000 -65.000 0.097 52 160 69 0.820 3
-73.315 -65.000 0.142 40 156 57 0.820 3
-71.629 -65.000 0.187 41 158 61 0.820 3
-69.944 -65.000 0.231 39 159 69 0.820 3
-68.258 -65.000 0.274 51 148 70 0.820 3
-66.573 -65.000 0.316 42 150 65 0.820 3
-64.888 -65.000 0.356 44 174 69 0.820 3
-63.202 -65.000 0.395 48 151 70 0.820 3
-61.517 -65.000 0.432 43 151 68 0.820 3
-59.831 -65.000 0.466 37 167 72 0.820 3
-58.146 -65.000 0.499 50 170 68 0.820 3
-56.461 -65.000 0.530 50 154 68 0.820 3
-54.775 -65.000 0.558 50 153 59 0.820 3
-53.090 -65.000 0.583 37 158 61 0.820 3
-51.404 -65.000 0.606 40 163 68 0.820 3
-49.719 -65.000 0.626 39 164 67 0.820 3
-48.034 -65.000 0.644 51 172 64 0.820 3
-46.348 -65.000 0.658 48 171 59 0.820 3
-44.663 -65.000 0.670 44 145 60 0.820 3
-42.978 -65.000 0.678 46 155 72 0.820 3
-41.292 -65.000 0.683 49 172 67 0.820 3
-39.607 -65.000 0.685 49 173 70 0.820 3
-37.921 -65.000 0.685 43 155 58 0.820 3
-36.236 -65.000 0.680 46 168 58 0.820 3
-34.551 -65.000 0.673 49 167 63 0.820 3
-32.865 -65.000 0.663 46 151 69 0.820 3
-31.180 -65.000 0.650 50 150 64 0.820 3
-29.494 -65.000 0.634 194 174 135 0.910 0
-27.809 -65.000 0.615 190 172 130 0.910 0
-26.124 -65.000 0.593 188 175 127 0.910 0
-24.438 -65.000 0.568 182 171 122 0.910 0
-22.753 -65.000 0.541 194 178 125 0.910 0
-21.067 -65.000 0.512 177 171 137 0.910 0
-19.382 -65.000 0.480 189 162 132 0.910 0
-17.697 -65.000 0.446 191 175 135 0.910 0
-16.011 -65.000 0.410 184 161 120 0.910 0
-14.326 -65.000 0.372 193 164 125 0.910 0
-12.640 -65.000 0.332 175 162 125 0.910 0
-10.955 -65.000 0.291 182 179 132 0.910 0
-9.270 -65.000 0.248 192 179 132 0.910 0
-7.584 -65.000 0.205 190 161 132 0.910 0
-5.899 -65.000 0.160 178 169 126 0.910 0
-4.213 -65.000 0.115 176 171 131 0.910 0
-2.528 -65.000 0.069 184 178 139 0.910 0
-0.843 -65.000 0.023 177 166 138 0.910 0
0.843 -65.000 -0.023 182 161 131 0.910 0
2.528 -65.000 -0.069 187 175 135 0.910 0
4.213 -65.000 -0.115 185 163 121 0.910 0
5.899 -65.000 -0.160 185 175 139 0.910 0
7.584 -65.000 -0.205 178 178 132 0.910 0
9.270 -65.000 -0.248 190 175 132 0.910 0
10.955 -65.000 -0.291 175 177 127 0.910 0
12.640 -65.000 -0.332 177 174 131 0.910 0
14.326 -65.000 -0.372 175 178 132 0.910 0
16.011 -65.000 -0.410 179 173 131 0.910 0
17.697 -65.000 -0.446 177 168 132 0.910 0
19.382 -65.000 -0.480 186 166 124 0.910 0
21.067 -65.000 -0.512 180 162 122 0.910 0
22.753 -65.000 -0.541 181 169 128 0.910 0
24.438 -65.000 -0.568 189 178 123 0.910 0
26.124 -65.000 -0.593 192 171 120 0.910 0
27.809 -65.000 -0.615 184 164 131 0.910 0
29.494 -65.000 -0.634 186 174 129 0.910 0
31.180 -65.000 -0.650 178 163 122 0.910 0
32.865 -65.000 -0.663 188 167 138 0.910 0
34.551 -65.000 -0.673 176 161 131 0.910 0
36.236 -65.000 -0.680 175 170 135 0.910 0
37.921 -65.000 -0.685 175 161 131 0.910 0
39.607 -65.000 -0.685 188 163 124 0.910 0
41.292 -65.000 -0.683 176 164 130 0.910 0
42.978 -65.000 -0.678 186 164 120 0.910 0
44.663 -65.000 -0.670 182 170 128 0.910 0
46.348 -65.000 -0.658 178 171 120 0.910 0
48.034 -65.000 -0.644 190 177 127 0.910 0
49.719 -65.000 -0.626 176 160 125 0.910 0
51.404 -65.000 -0.606 190 160 128 0.910 0
53.090 -65.000 -0.583 181 175 124 0.910 0
54.775 -65.000 -0.558 191 162 125 0.910 0
56.461 -65.000 -0.530 183 177 135 0.910 0
58.146 -65.000 -0.499 189 171 123 0.910 0
59.831 -65.000 -0.466 187 171 132 0.910 0
61.517 -65.000 -0.432 180 171 131 0.910 0
63.202 -65.000 -0.395 181 165 123 0.910 0
64.888 -65.000 -0.356 193 162 122 0.910 0
66.573 -65.000 -0.316 185 168 130 0.910 0
68.258 -65.000 -0.274 179 168 120 0.910 0
69.944 -65.000 -0.231 187 162 138 0.910 0
71.629 -65.000 -0.187 187 171 139 0.910 0
73.315 -65.000 -0.142 188 174 126 0.910 0
75.000 -65.000 -0.097 194 170 126 0.910 0
-75.000 -63.354 0.093 48 159 69 0.820 3
-73.315 -63.354 0.136 38 148 70 0.820 3
-71.629 -63.354 0.179 43 156 60 0.820 3
-69.944 -63.354 0.221 43 169 64 0.820 3
-68.258 -63.354 0.263 43 160 62 0.820 3
-66.573 -63.354 0.303 40 145 63 0.820 3
-64.888 -63.354 0.341 37 150 68 0.820 3
-63.202 -63.354 0.378 39 158 71 0.820 3
-61.517 -63.354 0.414 47 148 64 0.820 3
-59.831 -63.354 0.447 51 163 72 0.820 3
-58.146 -63.354 0.478 38 154 66 0.820 3
-56.461 -63.354 0.508 44 150 58 0.820 3
-54.775 -63.354 0.535 44 153 72 0.820 3
-53.090 -63.354 0.559 48 146 61 0.820 3
-51.404 -63.354 0.581 37 168 66 0.820 3
-49.719 -63.354 0.600 41 173 64 0.820 3
-48.034 -63.354 0.617 50 165 57 0.820 3
-46.348 -63.354 0.631 48 161 71 0.820 3
-44.663 -63.354 0.642 50 169 72 0.820 3
-42.978 -63.354 0.650 45 154 60 0.820 3
-41.292 -63.354 0.655 43 160 58 0.820 3
-39.607 -63.354 0.657 47 164 59 0.820 3
-37.921 -63.354 0.656 42 163 70 0.820 3
-36.236 -63.354 0.652 40 164 66 0.820 3
-34.551 -63.354 0.645 52 154 72 0.820 3
-32.865 -63.354 0.635 47 156 68 0.820 3
-31.180 -63.354 0.623 39 146 67 0.820 3
-29.494 -63.354 0.607 181 160 120 0.910 0
-27.809 -63.354 0.589 194 179 127 0.910 0
-26.124 -63.354 0.568 180 179 135 0.910 0
-24.438 -63.354 0.545 192 172 123 0.910 0
-22.753 -63.354 0.519 176 179 127 0.910 0
-21.067 -63.354 0.490 183 164 139 0.910 0
-19.382 -63.354 0.460 175 169 132 0.910 0
-17.697 -63.354 0.427 184 167 133 0.910 0
-16.011 -63.354 0.393 193 164 121 0.910 0
-14.326 -63.354 0.356 188 179 130 0.910 0
-12.640 -63.354 0.318 192 173 132 0.910 0
-10.955 -63.354 0.279 178 163 121 0.910 0
-9.270 -63.354 0.238 186 172 129 0.910 0
-7.584 -63.354 0.196 176 165 123 0.910 0
-5.899 -63.354 0.154 179 171 120 0.910 0
-4.213 -63.354 0.110 181 171 124 0.910 0
-2.528 -63.354 0.066 177 179 136 0.910 0
-0.843 -63.354 0.022 188 176 137 0.910 0
0.843 -63.354 -0.022 186 160 135 0.910 0
2.528 -63.354 -0.066 176 177 124 0.910 0
4.213 -63.354 -0.110 175 169 122 0.910 0
5.899 -63.354 -0.154 175 162 129 0.910 0
7.584 -63.354 -0.196 176 174 122 0.910 0
9.270 -63.354 -0.238 182 170 133 0.910 0
10.955 -63.354 -0.279 183 161 128 0.910 0
12.640 -63.354 -0.318 176 171 128 0.910 0
14.326 -63.354 -0.356 190 168 124 0.910 0
16.011 -63.354 -0.393 183 176 134 0.910 0
17.697 -63.354 -0.427 182 162 125 0.910 0
19.382 -63.354 -0.460 193 164 130 0.910 0
21.067 -63.354 -0.490 177 161 120 0.910 0
22.753 -63.354 -0.519 191 170 126 0.910 0
24.438 -63.354 -0.545 177 176 135 0.910 0
26.124 -63.354 -0.568 184 160 129 0.910 0
27.809 -63.354 -0.589 177 172 131 0.910 0
29.494 -63.354 -0.607 177 175 133 0.910 0
31.180 -63.354 -0.623 181 164 127 0.910 0
32.865 -63.354 -0.635 177 169 128 0.910 0
34.551 -63.354 -0.645 189 165 121 0.910 0
36.236 -63.354 -0.652 181 160 128 0.910 0
37.921 -63.354 -0.656 182 165 127 0.910 0
39.607 -63.354 -0.657 178 167 121 0.910 0
41.292 -63.354 -0.655 184 173 131 0.910 0
42.978 -63.354 -0.650 178 167 133 0.910 0
44.663 -63.354 -0.642 187 174 133 0.910 0
46.348 -63.354 -0.631 188 160 128 0.910 0
48.034 -63.354 -0.617 191 160 122 0.910 0
49.719 -63.354 -0.600 180 179 126 0.910 0
51.404 -63.354 -0.581 182 168 133 0.910 0
53.090 -63.354 -0.559 175 170 128 0.910 0
54.775 -63.354 -0.535 188 170 132 0.910 0
56.461 -63.354 -0.508 192 163 123 0.910 0
58.146 -63.354 -0.478 175 173 131 0.910 0
59.831 -63.354 -0.447 179 166 139 0.910 0
61.517 -63.354 -0.414 194 177 127 0.910 0
63.202 -63.354 -0.378 185 164 133 0.910 0
64.888 -63.354 -0.341 191 171 120 0.910 0
66.573 -63.354 -0.303 183 164 128 0.910 0
68.258 -63.354 -0.263 176 170 129 0.910 0
69.944 -63.354 -0.221 179 164 135 0.910 0
71.629 -63.354 -0.179 187 169 127 0.910 0
73.315 -63.354 -0.136 179 170 125 0.910 0
75.000 -63.354 -0.093 179 175 138 0.910 0
-75.000 -61.709 0.088 43 157 68 0.820 3
-73.315 -61.709 0.130 49 171 60 0.820 3
-71.629 -61.709 0.171 42 150 60 0.820 3
-69.944 -61.709 0.211 37 148 60 0.820 3
-68.258 -61.709 0.250 37 169 72 0.820 3
-66.573 -61.709 0.288 44 161 71 0.820 3
-64.888 -61.709 0.325 49 156 63 0.820 3
-63.202 -61.709 0.360 52 150 69 0.820 3
-61.517 -61.709 0.394 47 172 58 0.820 3
-59.831 -61.709 0.426 40 157 71 0.820 3
-58.146 -61.709 0.455 52 158 60 0.820 3
-56.461 -61.709 0.483 47 155 70 0.820 3
-54.775 -61.709 0.509 46 163 65 0.820 3
-53.090 -61.709 0.532 46 156 67 0.820 3
-51.404 -61.709 0.553 46 170 65 0.820 3
-49.719 -61.709 0.572 38 147 66 0.820 3
-48.034 -61.709 0.587 37 167 64 0.820 3
-46.348 -61.709 0.601 50 167 57 0.820 3
-44.663 -61.709 0.611 39 164 59 0.820 3
-42.978 -61.709 0.619 38 154 62 0.820 3
-41.292 -61.709 0.623 42 156 57 0.820 3
-39.607 -61.709 0.625 50 151 60 0.820 3
-37.921 -61.709 0.625 49 153 62 0.820 3
-36.236 -61.709 0.621 47 147 65 0.820 3
-34.551 -61.709 0.614 45 165 62 0.820 3
-32.865 -61.709 0.605 39 167 72 0.820 3
-31.180 -61.709 0.593 45 161 68 0.820 3
-29.494 -61.709 0.578 175 167 126 0.910 0
-27.809 -61.709 0.561 189 165 136 0.910 0
-26.124 -61.709 0.541 175 179 129 0.910 0
-24.438 -61.709 0.519 183 173 121 0.910 0
-22.753 -61.709 0.494 182 168 124 0.910 0
-21.067 -61.709 0.467 185 169 121 0.910 0
-19.382 -61.709 0.438 188 163 136 0.910 0
-17.697 -61.709 0.407 192 174 128 0.910 0
-16.011 -61.709 0.374 185 163 125 0.910 0
-14.326 -61.709 0.339 175 166 134 0.910 0
-12.640 -61.709 0.303 180 162 125 0.910 0
-10.955 -61.709 0.265 181 162 121 0.910 0
-9.270 -61.709 0.227 193 163 139 0.910 0
-7.584 -61.709 0.187 194 173 135 0.910 0
-5.899 -61.709 0.146 191 170 135 0.910 0
-4.213 -61.709 0.105 177 179 124 0.910 0
-2.528 -61.709 0.063 182 166 123 0.910 0
-0.843 -61.709 0.021 181 160 128 0.910 0
0.843 -61.709 -0.021 187 174 126 0.910 0
2.528 -61.709 -0.063 187 162 139 0.910 0
4.213 -61.709 -0.105 191 165 135 0.910 0
5.899 -61.709 -0.146 178 177 132 0.910 0
7.584 -61.709 -0.187 187 176 135 0.910 0
9.270 -61.709 -0.227 184 175 129 0.910 0
10.955 -61.709 -0.265 181 164 136 0.910 0
12.640 -61.709 -0.303 194 178 133 0.910 0
14.326 -61.709 -0.339 181 161 137 0.910 0
16.011 -61.709 -0.374 187 167 130 0.910 0
17.697 -61.709 -0.407 182 170 139 0.910 0
19.382 -61.709 -0.438 178 177 132 0.910 0
21.067 -61.709 -0.467 175 162 135 0.910 0
22.753 -61.709 -0.494 182 162 136 0.910 0
24.438 -61.709 -0.519 177 167 135 0.910 0
26.124 -61.709 -0.541 189 166 135 0.910 0
27.809 -61.709 -0.561 179 165 138 0.910 0
29.494 -61.709 -0.578 186 178 120 0.910 0
31.180 -61.709 -0.593 175 171 130 0.910 0
32.865 -61.709 -0.605 176 176 121 0.910 0
34.551 -61.709 -0.614 178 166 135 0.910 0
36.236 -61.709 -0.621 185 169 132 0.910 0
37.921 -61.709 -0.625 188 170 136 0.910 0
39.607 -61.709 -0.625 178 165 132 0.910 0
41.292 -61.709 -0.623 190 179 120 0.910 0
42.978 -61.709 -0.619 175 172 136 0.910 0
44.663 -61.709 -0.611 182 179 132 0.910 0
46.348 -61.709 -0.601 187 164 122 0.910 0
48.034 -61.709 -0.587 179 175 137 0.910 0
49.719 -61.709 -0.572 176 170 137 0.910 0
51.404 -61.709 -0.553 179 166 131 0.910 0
53.090 -61.709 -0.532 182 173 129 0.910 0
54.775 -61.709 -0.509 187 176 133 0.910 0
56.461 -61.709 -0.483 187 165 132 0.910 0
58.146 -61.709 -0.455 183 173 127 0.910 0
59.831 -61.709 -0.426 184 160 131 0.910 0
61.517 -61.709 -0.394 192 166 135 0.910 0
63.202 -61.709 -0.360 191 169 137 0.910 0
64.888 -61.709 -0.325 190 171 122 0.910 0
66.573 -61.709 -0.288 176 164 122 0.910 0
68.258 -61.709 -0.250 189 160 133 0.910 0
69.944 -61.709 -0.211 184 172 123 0.910 0
71.629 -61.709 -0.171 179 174 130 0.910 0
73.315 -61.709 -0.130 180 166 133 0.910 0
75.000 -61.709 -0.088 191 164 129 0.910 0
-75.000 -60.063 0.083 37 150 66 0.820 3
-73.315 -60.063 0.123 51 156 64 0.820 3
-71.629 -60.063 0.161 46 169 65 0.820 3
-69.944 -60.063 0.199 50 159 72 0.820 3
-68.258 -60.063 0.236 49 147 61 0.820 3
-66.573 -60.063 0.272 38 160 71 0.820 3
-64.888 -60.063 0.307 52 157 67 0.820 3
-63.202 -60.063 0.340 40 149 58 0.820 3
-61.517 -60.063 0.372 43 146 66 0.820 3
-59.831 -60.063 0.402 48 170 68 0.820 3
-58.146 -60.063 0.431 49 164 60 0.820 3
-56.461 -60.063 0.457 50 164 68 0.820 3
-54.775 -60.063 0.481 49 153 61 0.820 3
-53.090 -60.063 0.503 49 155 66 0.820 3
-51.404 -60.063 0.523 37 166 69 0.820 3
-49.719 -60.063 0.540 37 153 69 0.820 3
-48.034 -60.063 0.555 40 148 67 0.820 3
-46.348 -60.063 0.568 38 150 70 0.820 3
-44.663 -60.063 0.578 51 160 72 0.820 3
-42.978 -60.063 0.585 49 168 72 0.820 3
-41.292 -60.063 0.589 37 156 70 0.820 3
-39.607 -60.063 0.591 37 161 60 0.820 3
-37.921 -60.063 0.590 52 147 64 0.820 3
-36.236 -60.063 0.587 49 149 72 0.820 3
-34.551 -60.063 0.581 42 165 68 0.820 3
-32.865 -60.063 0.572 48 149 60 0.820 3
-31.180 -60.063 0.561 47 154 64 0.820 3
-29.494 -60.063 0.547 179 171 127 0.910 0
-27.809 -60.063 0.530 188 172 124 0.910 0
-26.124 -60.063 0.511 185 177 139 0.910 0
-24.438 -60.063 0.490 187 174 120 0.910 0
-22.753 -60.063 0.467 190 177 130 0.910 0
-21.067 -60.063 0.441 175 172 121 0.910 0
-19.382 -60.063 0.414 186 173 134 0.910 0
-17.697 -60.063 0.384 178 168 137 0.910 0
-16.011 -60.063 0.353 191 174 129 0.910 0
-14.326 -60.063 0.321 194 169 129 0.910 0
-12.640 -60.063 0.286 175 166 122 0.910 0
-10.955 -60.063 0.251 190 178 122 0.910 0
-9.270 -60.063 0.214 179 177 123 0.910 0
-7.584 -60.063 0.177 175 178 125 0.910 0
-5.899 -60.063 0.138 188 175 125 0.910 0
-4.213 -60.063 0.099 193 164 122 0.910 0
-2.528 -60.063 0.060 183 171 127 0.910 0
-0.843 -60.063 0.020 187 164 132 0.910 0
0.843 -60.063 -0.020 179 176 127 0.910 0
2.528 -60.063 -0.060 175 168 130 0.910 0
4.213 -60.063 -0.099 179 167 137 0.910 0
5.899 -60.063 -0.138 183 166 137 0.910 0
7.584 -60.063 -0.177 182 165 135 0.910 0
9.270 -60.063 -0.214 192 166 133 0.910 0
10.955 -60.063 -0.251 188 169 132 0.910 0
12.640 -60.063 -0.286 190 169 134 0.910 0
14.326 -60.063 -0.321 182 174 126 0.910 0
16.011 -60.063 -0.353 179 173 120 0.910 0
17.697 -60.063 -0.384 178 164 129 0.910 0
19.382 -60.063 -0.414 175 170 123 0.910 0
21.067 -60.063 -0.441 181 162 129 0.910 0
22.753 -60.063 -0.467 189 163 123 0.910 0
24.438 -60.063 -0.490 175 168 125 0.910 0
26.124 -60.063 -0.511 189 165 128 0.910 0
27.809 -60.063 -0.530 187 166 128 0.910 0
29.494 -60.063 -0.547 182 169 132 0.910 0
31.180 -60.063 -0.561 182 178 133 0.910 0
32.865 -60.063 -0.572 189 174 126 0.910 0
34.551 -60.063 -0.581 178 162 137 0.910 0
36.236 -60.063 -0.587 181 178 126 0.910 0
37.921 -60.063 -0.590 175 171 121 0.910 0
39.607 -60.063 -0.591 180 178 139 0.910 0
41.292 -60.063 -0.589 184 171 125 0.910 0
42.978 -60.063 -0.585 184 178 125 0.910 0
44.663 -60.063 -0.578 183 169 127 0.910 0
46.348 -60.063 -0.568 175 166 127 0.910 0
48.034 -60.063 -0.555 186 176 129 0.910 0
49.719 -60.063 -0.540 178 162 128 0.910 0
51.404 -60.063 -0.523 178 163 136 0.910 0
53.090 -60.063 -0.503 184 170 127 0.910 0
54.775 -60.063 -0.481 189 179 120 0.910 0
56.461 -60.063 -0.457 187 164 127 0.910 0
58.146 -60.063 -0.431 180 166 124 0.910 0
59.831 -60.063 -0.402 181 162 133 0.910 0
61.517 -60.063 -0.372 188 174 120 0.910 0
63.202 -60.063 -0.340 185 163 124 0.910 0
64.888 -60.063 -0.307 191 175 132 0.910 0
66.573 -60.063 -0.272 184 169 125 0.910 0
68.258 -60.063 -0.236 194 163 124 0.910 0
69.944 -60.063 -0.199 179 172 122 0.910 0
71.629 -60.063 -0.161 183 177 127 0.910 0
73.315 -60.063 -0.123 189 177 123 0.910 0
75.000 -60.063 -0.083 177 163 124 0.910 0
-75.000 -58.418 0.078 40 151 62 0.820 3
-73.315 -58.418 0.115 49 148 67 0.820 3
-71.629 -58.418 0.151 39 174 70 0.820 3
-69.944 -58.418 0.187 43 158 65 0.820 3
-68.258 -58.418 0.222 41 167 60 0.820 3
-66.573 -58.418 0.255 41 157 59 0.820 3
-64.888 -58.418 0.288 41 167 59 0.820 3
-63.202 -58.418 0.319 49 160 71 0.820 3
-61.517 -58.418 0.349 39 151 63 0.820 3
-59.831 -58.418 0.377 37 156 72 0.820 3
-58.146 -58.418 0.404 52 162 68 0.820 3
-56.461 -58.418 0.429 43 152 57 0.820 3
-54.775 -58.418 0.451 51 162 66 0.820 3
-53.090 -58.418 0.472 46 158 71 0.820 3
-51.404 -58.418 0.491 39 171 72 0.820 3
-49.719 -58.418 0.507 40 162 57 0.820 3
-48.034 -58.418 0.521 48 151 71 0.820 3
-46.348 -58.418 0.532 52 170 68 0.820 3
-44.663 -58.418 0.542 51 171 66 0.820 3
-42.978 -58.418 0.548 52 160 64 0.820 3
-41.292 -58.418 0.553 37 152 70 0.820 3
-39.607 -58.418 0.555 39 147 58 0.820 3
-37.921 -58.418 0.554 48 161 72 0.820 3
-36.236 -58.418 0.550 50 158 57 0.820 3
-34.551 -58.418 0.545 37 166 71 0.820 3
-32.865 -58.418 0.536 42 155 57 0.820 3
-31.180 -58.418 0.526 43 147 71 0.820 3
-29.494 -58.418 0.513 175 170 139 0.910 0
-27.809 -58.418 0.497 175 176 125 0.910 0
-26.124 -58.418 0.480 175 175 122 0.910 0
-24.438 -58.418 0.460 193 173 133 0.910 0
-22.753 -58.418 0.438 188 177 120 0.910 0
-21.067 -58.418 0.414 185 160 136 0.910 0
-19.382 -58.418 0.388 180 165 133 0.910 0
-17.697 -58.418 0.361 193 163 132 0.910 0
-16.011 -58.418 0.331 183 179 139 0.910 0
-14.326 -58.418 0.301 190 168 136 0.910 0
-12.640 -58.418 0.269 176 176 121 0.910 0
-10.955 -58.418 0.235 189 177 132 0.910 0
-9.270 -58.418 0.201 189 163 126 0.910 0
-7.584 -58.418 0.166 192 175 122 0.910 0
-5.899 -58.418 0.130 179 161 126 0.910 0
-4.213 -58.418 0.093 183 171 120 0.910 0
-2.528 -58.418 0.056 188 163 130 0.910 0
-0.843 -58.418 0.019 179 162 134 0.910 0
0.843 -58.418 -0.019 188 178 129 0.910 0
2.528 -58.418 -0.056 190 169 128 0.910 0
4.213 -58.418 -0.093 185 173 134 0.910 0
5.899 -58.418 -0.130 177 174 122 0.910 0
7.584 -58.418 -0.166 178 168 127 0.910 0
9.270 -58.418 -0.201 183 176 126 0.910 0
10.955 -58.418 -0.235 191 178 122 0.910 0
12.640 -58.418 -0.269 175 167 122 0.910 0
14.326 -58.418 -0.301 176 178 127 0.910 0
16.011 -58.418 -0.331 178 162 132 0.910 0
17.697 -58.418 -0.361 183 174 136 0.910 0
19.382 -58.418 -0.388 185 167 124 0.910 0
21.067 -58.418 -0.414 189 160 133 0.910 0
22.753 -58.418 -0.438 180 165 135 0.910 0
24.438 -58.418 -0.460 185 169 138 0.910 0
26.124 -58.418 -0.480 190 160 135 0.910 0
27.809 -58.418 -0.497 182 166 136 0.910 0
29.494 -58.418 -0.513 177 170 139 0.910 0
31.180 -58.418 -0.526 192 166 130 0.910 0
32.865 -58.418 -0.536 192 174 126 0.910 0
34.551 -58.418 -0.545 193 172 139 0.910 0
36.236 -58.418 -0.550 176 177 122 0.910 0
37.921 -58.418 -0.554 177 170 132 0.910 0
39.607 -58.418 -0.555 177 169 124 0.910 0
41.292 -58.418 -0.553 194 170 124 0.910 0
42.978 -58.418 -0.548 182 168 133 0.910 0
44.663 -58.418 -0.542 184 172 124 0.910 0
46.348 -58.418 -0.532 179 174 122 0.910 0
48.034 -58.418 -0.521 184 167 129 0.910 0
49.719 -58.418 -0.507 192 175 137 0.910 0
51.404 -58.418 -0.491 186 171 138 0.910 0
53.090 -58.418 -0.472 179 173 135 0.910 0
54.775 -58.418 -0.451 193 178 120 0.910 0
56.461 -58.418 -0.429 180 170 135 0.910 0
58.146 -58.418 -0.404 192 168 137 0.910 0
59.831 -58.418 -0.377 178 167 132 0.910 0
61.517 -58.418 -0.349 181 160 138 0.910 0
63.202 -58.418 -0.319 193 174 127 0.910 0
64.888 -58.418 -0.288 176 170 138 0.910 0
66.573 -58.418 -0.255 190 165 120 0.910 0
68.258 -58.418 -0.222 180 166 131 0.910 0
69.944 -58.418 -0.187 183 178 136 0.910 0
71.629 -58.418 -0.151 187 177 138 0.910 0
73.315 -58.418 -0.115 182 166 126 0.910 0
75.000 -58.418 -0.078 180 170 138 0.910 0
-75.000 -56.772 0.073 38 168 70 0.820 3
-73.315 -56.772 0.107 41 171 71 0.820 3
-71.629 -56.772 0.141 39 157 68 0.820 3
-69.944 -56.772 0.174 41 152 60 0.820 3
-68.258 -56.772 0.206 40 164 61 0.820 3
-66.573 -56.772 0.237 41 163 64 0.820 3
-64.888 -56.772 0.268 37 160 57 0.820 3
-63.202 -56.772 0.297 48 164 72 0.820 3
-61.517 -56.772 0.324 49 148 67 0.820 3
-59.831 -56.772 0.351 47 173 60 0.820 3
-58.146 -56.772 0.375 37 147 66 0.820 3
-56.461 -56.772 0.398 45 170 72 0.820 3
-54.775 -56.772 0.419 47 174 66 0.820 3
-53.090 -56.772 0.439 46 153 62 0.820 3
-51.404 -56.772 0.456 51 154 65 0.820 3
-49.719 -56.772 0.471 47 167 68 0.820 3
-48.034 -56.772 0.484 47 156 63 0.820 3
-46.348 -56.772 0.495 37 148 69 0.820 3
-44.663 -56.772 0.503 43 167 57 0.820 3
-42.978 -56.772 0.510 46 161 68 0.820 3
-41.292 -56.772 0.514 37 166 64 0.820 3
-39.607 -56.772 0.515 38 162 65 0.820 3
-37.921 -56.772 0.515 47 154 64 0.820 3
-36.236 -56.772 0.512 46 169 66 0.820 3
-34.551 -56.772 0.506 40 171 64 0.820 3
-32.865 -56.772 0.499 37 155 67 0.820 3
-31.180 -56.772 0.489 45 174 60 0.820 3
-29.494 -56.772 0.477 178 164 129 0.910 0
-27.809 -56.772 0.462 184 164 132 0.910 0
-26.124 -56.772 0.446 184 175 130 0.910 0
-24.438 -56.772 0.427 179 161 139 0.910 0
-22.753 -56.772 0.407 185 174 138 0.910 0
-21.067 -56.772 0.385 189 172 135 0.910 0
-19.382 -56.772 0.361 191 179 124 0.910 0
-17.697 -56.772 0.335 192 160 128 0.910 0
-16.011 -56.772 0.308 185 171 138 0.910 0
-14.326 -56.772 0.279 194 160 120 0.910 0
-12.640 -56.772 0.250 191 166 131 0.910 0
-10.955 -56.772 0.219 193 162 132 0.910 0
-9.270 -56.772 0.187 179 168 136 0.910 0
-7.584 -56.772 0.154 193 165 124 0.910 0
-5.899 -56.772 0.120 179 166 130 0.910 0
-4.213 -56.772 0.086 188 176 127 0.910 0
-2.528 -56.772 0.052 187 175 139 0.910 0
-0.843 -56.772 0.017 187 167 123 0.910 0
0.843 -56.772 -0.017 176 176 133 0.910 0
2.528 -56.772 -0.052 177 172 133 0.910 0
4.213 -56.772 -0.086 194 170 130 0.910 0
5.899 -56.772 -0.120 181 177 127 0.910 0
7.584 -56.772 -0.154 183 167 134 0.910 0
9.270 -56.772 -0.187 185 163 122 0.910 0
10.955 -56.772 -0.219 183 161 124 0.910 0
12.640 -56.772 -0.250 180 163 123 0.910 0
14.326 -56.772 -0.279 185 169 120 0.910 0
16.011 -56.772 -0.308 191 167 125 0.910 0
17.697 -56.772 -0.335 183 166 127 0.910 0
19.382 -56.772 -0.361 179 179 127 0.910 0
21.067 -56.772 -0.385 183 160 122 0.910 0
22.753 -56.772 -0.407 177 160 127 0.910 0
24.438 -56.772 -0.427 178 177 130 0.910 0
26.124 -56.772 -0.446 178 165 120 0.910 0
27.809 -56.772 -0.462 187 174 128 0.910 0
29.494 -56.772 -0.477 178 166 131 0.910 0
31.180 -56.772 -0.489 186 164 134 0.910 0
32.865 -56.772 -0.499 191 161 133 0.910 0
34.551 -56.772 -0.506 193 173 133 0.910 0
36.236 -56.772 -0.512 192 161 126 0.910 0
37.921 -56.772 -0.515 194 167 134 0.910 0
39.607 -56.772 -0.515 189 164 124 0.910 0
41.292 -56.772 -0.514 190 167 137 0.910 0
42.978 -56.772 -0.510 186 160 135 0.910 0
44.663 -56.772 -0.503 186 161 120 0.910 0
46.348 -56.772 -0.495 184 167 135 0.910 0
48.034 -56.772 -0.484 180 169 124 0.910 0
49.719 -56.772 -0.471 186 178 135 0.910 0
51.404 -56.772 -0.456 187 176 123 0.910 0
53.090 -56.772 -0.439 193 175 133 0.910 0
54.775 -56.772 -0.419 181 172 123 0.910 0
56.461 -56.772 -0.398 191 168 130 0.910 0
58.146 -56.772 -0.375 180 163 121 0.910 0
59.831 -56.772 -0.351 179 168 121 0.910 0
61.517 -56.772 -0.324 186 168 120 0.910 0
63.202 -56.772 -0.297 192 160 124 0.910 0
64.888 -56.772 -0.268 182 176 133 0.910 0
66.573 -56.772 -0.237 180 175 127 0.910 0
68.258 -56.772 -0.206 186 162 123 0.910 0
69.944 -56.772 -0.174 177 167 132 0.910 0
71.629 -56.772 -0.141 193 161 128 0.910 0
73.315 -56.772 -0.107 183 170 130 0.910 0
75.000 -56.772 -0.073 185 174 137 0.910 0
-75.000 -55.127 0.067 38 145 69 0.820 3
-73.315 -55.127 0.098 48 159 71 0.820 3
-71.629 -55.127 0.129 49 166 64 0.820 3
-69.944 -55.127 0.160 51 153 63 0.820 3
-68.258 -55.127 0.190 44 158 60 0.820 3
-66.573 -55.127 0.218 41 150 57 0.820 3
-64.888 -55.127 0.246 39 155 66 0.820 3
-63.202 -55.127 0.273 39 170 63 0.820 3
-61.517 -55.127 0.298 40 153 68 0.820 3
-59.831 -55.127 0.323 39 150 61 0.820 3
-58.146 -55.127 0.345 48 161 62 0.820 3
-56.461 -55.127 0.366 43 158 62 0.820 3
-54.775 -55.127 0.386 46 148 64 0.820 3
-53.090 -55.127 0.403 38 163 61 0.820 3
-51.404 -55.127 0.419 45 146 58 0.820 3
-49.719 -55.127 0.433 47 168 58 0.820 3
-48.034 -55.127 0.445 39 147 65 0.820 3
-46.348 -55.127 0.455 46 165 63 0.820 3
-44.663 -55.127 0.463 39 156 65 0.820 3
-42.978 -55.127 0.469 50 148 57 0.820 3
-41.292 -55.127 0.473 46 154 63 0.820 3
-39.607 -55.127 0.474 41 174 64 0.820 3
-37.921 -55.127 0.473 42 148 60 0.820 3
-36.236 -55.127 0.471 47 170 58 0.820 3
-34.551 -55.127 0.466 45 166 62 0.820 3
-32.865 -55.127 0.459 43 163 66 0.820 3
-31.180 -55.127 0.449 52 168 68 0.820 3
-29.494 -55.127 0.438 186 177 137 0.910 0
-27.809 -55.127 0.425 190 167 132 0.910 0
-26.124 -55.127 0.410 179 164 137 0.910 0
-24.438 -55.127 0.393 176 175 138 0.910 0
-22.753 -55.127 0.374 191 172 120 0.910 0
-21.067 -55.127 0.354 185 170 136 0.910 0
-19.382 -55.127 0.332 194 165 129 0.910 0
-17.697 -55.127 0.308 189 163 127 0.910 0
-16.011 -55.127 0.283 184 178 120 0.910 0
-14.326 -55.127 0.257 193 166 134 0.910 0
-12.640 -55.127 0.230 188 177 122 0.910 0
-10.955 -55.127 0.201 187 160 123 0.910 0
-9.270 -55.127 0.172 185 166 138 0.910 0
-7.584 -55.127 0.142 179 165 138 0.910 0
-5.899 -55.127 0.111 180 164 124 0.910 0
-4.213 -55.127 0.080 183 162 132 0.910 0
-2.528 -55.127 0.048 182 160 127 0.910 0
-0.843 -55.127 0.016 189 168 138 0.910 0
0.843 -55.127 -0.016 189 162 133 0.910 0
2.528 -55.127 -0.048 179 166 133 0.910 0
4.213 -55.127 -0.080 187 176 126 0.910 0
5.899 -55.127 -0.111 185 164 131 0.910 0
7.584 -55.127 -0.142 186 161 131 0.910 0
9.270 -55.127 -0.172 192 175 122 0.910 0
10.955 -55.127 -0.201 185 161 131 0.910 0
12.640 -55.127 -0.230 176 161 128 0.910 0
14.326 -55.127 -0.257 181 169 136 0.910 0
16.011 -55.127 -0.283 187 164 125 0.910 0
17.697 -55.127 -0.308 175 169 126 0.910 0
19.382 -55.127 -0.332 183 163 138 0.910 0
21.067 -55.127 -0.354 175 162 120 0.910 0
22.753 -55.127 -0.374 193 177 138 0.910 0
24.438 -55.127 -0.393 192 174 126 0.910 0
26.124 -55.127 -0.410 183 178 121 0.910 0
27.809 -55.127 -0.425 181 162 122 0.910 0
29.494 -55.127 -0.438 176 178 127 0.910 0
31.180 -55.127 -0.449 194 174 124 0.910 0
32.865 -55.127 -0.459 185 175 132 0.910 0
34.551 -55.127 -0.466 183 172 134 0.910 0
36.236 -55.127 -0.471 192 178 138 0.910 0
37.921 -55.127 -0.473 176 174 123 0.910 0
39.607 -55.127 -0.474 184 172 129 0.910 0
41.292 -55.127 -0.473 183 168 121 0.910 0
42.978 -55.127 -0.469 185 166 126 0.910 0
44.663 -55.127 -0.463 193 162 132 0.910 0
46.348 -55.127 -0.455 175 178 131 0.910 0
48.034 -55.127 -0.445 182 174 132 0.910 0
49.719 -55.127 -0.433 187 172 131 0.910 0
51.404 -55.127 -0.419 193 174 120 0.910 0
53.090 -55.127 -0.403 181 164 134 0.910 0
54.775 -55.127 -0.386 189 164 139 0.910 0
56.461 -55.127 -0.366 190 179 137 0.910 0
58.146 -55.127 -0.345 178 172 138 0.910 0
59.831 -55.127 -0.323 188 174 123 0.910 0
61.517 -55.127 -0.298 180 172 124 0.910 0
63.202 -55.127 -0.273 176 178 139 0.910 0
64.888 -55.127 -0.246 186 161 139 0.910 0
66.573 -55.127 -0.218 180 176 130 0.910 0
68.258 -55.127 -0.190 186 172 126 0.910 0
69.944 -55.127 -0.160 189 167 131 0.910 0
71.629 -55.127 -0.129 187 174 137 0.910 0
73.315 -55.127 -0.098 185 176 139 0.910 0
75.000 -55.127 -0.067 191 176 135 0.910 0
-75.000 -53.481 0.061 43 158 63 0.820 3
-73.315 -53.481 0.089 37 172 72 0.820 3
-71.629 -53.481 0.118 49 145 59 0.820 3
-69.944 -53.481 0.145 48 163 59 0.820 3
-68.258 -53.481 0.172 46 169 58 0.820 3
-66.573 -53.481 0.198 42 169 63 0.820 3
-64.888 -53.481 0.224 50 150 61 0.820 3
-63.202 -53.481 0.248 38 169 61 0.820 3
-61.517 -53.481 0.271 37 158 67 0.820 3
-59.831 -53.481 0.293 39 152 58 0.820 3
-58.146 -53.481 0.314 43 152 64 0.820 3
-56.461 -53.481 0.333 46 155 66 0.820 3
-54.775 -53.481 0.350 44 145 71 0.820 3
-53.090 -53.481 0.367 39 161 58 0.820 3
-51.404 -53.481 0.381 42 155 60 0.820 3
-49.719 -53.481 0.394 40 163 59 0.820 3
-48.034 -53.481 0.404 51 148 58 0.820 3
-46.348 -53.481 0.414 44 173 58 0.820 3
-44.663 -53.481 0.421 47 154 67 0.820 3
-42.978 -53.481 0.426 45 170 66 0.820 3
-41.292 -53.481 0.429 40 147 71 0.820 3
-39.607 -53.481 0.431 39 174 66 0.820 3
-37.921 -53.481 0.430 50 166 58 0.820 3
-36.236 -53.481 0.427 45 171 71 0.820 3
-34.551 -53.481 0.423 42 166 71 0.820 3
-32.865 -53.481 0.417 49 166 69 0.820 3
-31.180 -53.481 0.408 37 163 69 0.820 3
-29.494 -53.481 0.398 190 168 129 0.910 0
-27.809 -53.481 0.386 192 179 121 0.910 0
-26.124 -53.481 0.372 186 175 137 0.910 0
-24.438 -53.481 0.357 179 170 131 0.910 0
-22.753 -53.481 0.340 181 164 120 0.910 0
-21.067 -53.481 0.321 194 167 121 0.910 0
-19.382 -53.481 0.301 186 167 135 0.910 0
-17.697 -53.481 0.280 175 167 124 0.910 0
-16.011 -53.481 0.257 191 160 128 0.910 0
-14.326 -53.481 0.233 188 163 132 0.910 0
-12.640 -53.481 0.209 185 173 121 0.910 0
-10.955 -53.481 0.183 177 161 136 0.910 0
-9.270 -53.481 0.156 176 173 123 0.910 0
-7.584 -53.481 0.129 192 167 122 0.910 0
-5.899 -53.481 0.101 193 161 120 0.910 0
-4.213 -53.481 0.072 190 170 124 0.910 0
-2.528 -53.481 0.043 177 166 124 0.910 0
-0.843 -53.481 0.015 193 168 127 0.910 0
0.843 -53.481 -0.015 176 165 139 0.910 0
2.528 -53.481 -0.043 177 178 138 0.910 0
4.213 -53.481 -0.072 177 173 139 0.910 0
5.899 -53.481 -0.101 181 173 139 0.910 0
7.584 -53.481 -0.129 182 164 126 0.910 0
9.270 -53.481 -0.156 177 161 138 0.910 0
10.955 -53.481 -0.183 182 178 136 0.910 0
12.640 -53.481 -0.209 190 173 137 0.910 0
14.326 -53.481 -0.233 193 177 120 0.910 0
16.011 -53.481 -0.257 194 170 125 0.910 0
17.697 -53.481 -0.280 190 168 139 0.910 0
19.382 -53.481 -0.301 191 165 133 0.910 0
21.067 -53.481 -0.321 186 167 120 0.910 0
22.753 -53.481 -0.340 176 164 138 0.910 0
24.438 -53.481 -0.357 175 166 137 0.910 0
26.124 -53.481 -0.372 189 161 121 0.910 0
27.809 -53.481 -0.386 180 177 133 0.910 0
29.494 -53.481 -0.398 189 178 131 0.910 0
31.180 -53.481 -0.408 175 172 129 0.910 0
32.865 -53.481 -0.417 190 179 127 0.910 0
34.551 -53.481 -0.423 193 167 134 0.910 0
36.236 -53.481 -0.427 181 163 139 0.910 0
37.921 -53.481 -0.430 180 170 130 0.910 0
39.607 -53.481 -0.431 194 163 121 0.910 0
41.292 -53.481 -0.429 180 179 125 0.910 0
42.978 -53.481 -0.426 193 176 136 0.910 0
44.663 -53.481 -0.421 182 174 120 0.910 0
46.348 -53.481 -0.414 194 179 124 0.910 0
48.034 -53.481 -0.404 193 173 133 0.910 0
49.719 -53.481 -0.394 194 169 134 0.910 0
51.404 -53.481 -0.381 191 171 122 0.910 0
53.090 -53.481 -0.367 180 172 139 0.910 0
54.775 -53.481 -0.350 191 171 132 0.910 0
56.461 -53.481 -0.333 178 164 130 0.910 0
58.146 -53.481 -0.314 189 173 120 0.910 0
59.831 -53.481 -0.293 176 162 132 0.910 0
61.517 -53.481 -0.271 187 162 130 0.910 0
63.202 -53.481 -0.248 179 172 124 0.910 0
64.888 -53.481 -0.224 182 170 123 0.910 0
66.573 -53.481 -0.198 191 175 120 0.910 0
68.258 -53.481 -0.172 194 167 121 0.910 0
69.944 -53.481 -0.145 193 177 124 0.910 0
71.629 -53.481 -0.118 179 178 126 0.910 0
73.315 -53.481 -0.089 186 164 135 0.910 0
75.000 -53.481 -0.061 178 178 122 0.910 0
-75.000 -51.835 0.054 50 161 62 0.820 3
-73.315 -51.835 0.080 49 154 66 0.820 3
-71.629 -51.835 0.105 50 160 70 0.820 3
-69.944 -51.835 0.130 45 148 65 0.820 3
-68.258 -51.835 0.154 49 169 65 0.820 3
-66.573 -51.835 0.178 41 147 64 0.820 3
-64.888 -51.835 0.200 41 164 72 0.820 3
-63.202 -51.835 0.222 45 164 63 0.820 3
-61.517 -51.835 0.243 42 158 60 0.820 3
-59.831 -51.835 0.262 41 163 58 0.820 3
-58.146 -51.835 0.281 40 171 65 0.820 3
-56.461 -51.835 0.298 43 147 63 0.820 3
-54.775 -51.835 0.314 45 156 62 0.820 3
-53.090 -51.835 0.328 43 163 69 0.820 3
-51.404 -51.835 0.341 42 169 72 0.820 3
-49.719 -51.835 0.352 42 145 72 0.820 3
-48.034 -51.835 0.362 45 174 59 0.820 3
-46.348 -51.835 0.370 43 153 59 0.820 3
-44.663 -51.835 0.376 51 166 70 0.820 3
-42.978 -51.835 0.381 41 146 59 0.820 3
-41.292 -51.835 0.384 48 151 67 0.820 3
-39.607 -51.835 0.385 37 164 71 0.820 3
-37.921 -51.835 0.385 43 165 69 0.820 3
-36.236 -51.835 0.383 51 169 67 0.820 3
-34.551 -51.835 0.379 41 145 59 0.820 3
-32.865 -51.835 0.373 41 164 65 0.820 3
-31.180 -51.835 0.365 44 163 67 0.820 3
-29.494 -51.835 0.356 176 174 139 0.910 0
-27.809 -51.835 0.346 190 171 128 0.910 0
-26.124 -51.835 0.333 187 169 130 0.910 0
-24.438 -51.835 0.320 194 166 137 0.910 0
-22.753 -51.835 0.304 187 160 135 0.910 0
-21.067 -51.835 0.288 181 165 123 0.910 0
-19.382 -51.835 0.270 194 177 124 0.910 0
-17.697 -51.835 0.251 177 163 121 0.910 0
-16.011 -51.835 0.230 178 163 124 0.910 0
-14.326 -51.835 0.209 189 172 126 0.910 0
-12.640 -51.835 0.187 176 161 121 0.910 0
-10.955 -51.835 0.164 184 171 122 0.910 0
-9.270 -51.835 0.140 187 178 131 0.910 0
-7.584 -51.835 0.115 180 174 127 0.910 0
-5.899 -51.835 0.090 177 167 123 0.910 0
-4.213 -51.835 0.065 181 170 123 0.910 0
-2.528 -51.835 0.039 193 172 121 0.910 0
-0.843 -51.835 0.013 180 168 133 0.910 0
0.843 -51.835 -0.013 190 170 132 0.910 0
2.528 -51.835 -0.039 184 167 133 0.910 0
4.213 -51.835 -0.065 186 172 132 0.910 0
5.899 -51.835 -0.090 187 160 135 0.910 0
7.584 -51.835 -0.115 175 171 136 0.910 0
9.270 -51.835 -0.140 178 173 123 0.910 0
10.955 -51.835 -0.164 179 168 127 0.910 0
12.640 -51.835 -0.187 180 174 124 0.910 0
14.326 -51.835 -0.209 183 176 131 0.910 0
16.011 -51.835 -0.230 194 178 122 0.910 0
17.697 -51.835 -0.251 181 163 126 0.910 0
19.382 -51.835 -0.270 177 162 139 0.910 0
21.067 -51.835 -0.288 181 166 136 0.910 0
22.753 -51.835 -0.304 190 165 128 0.910 0
24.438 -51.835 -0.320 186 175 139 0.910 0
26.124 -51.835 -0.333 189 172 132 0.910 0
27.809 -51.835 -0.346 187 161 137 0.910 0
29.494 -51.835 -0.356 193 175 131 0.910 0
31.180 -51.835 -0.365 183 160 123 0.910 0
32.865 -51.835 -0.373 175 177 125 0.910 0
34.551 -51.835 -0.379 185 165 129 0.910 0
36.236 -51.835 -0.383 180 174 125 0.910 0
37.921 -51.835 -0.385 187 167 128 0.910 0
39.607 -51.835 -0.385 180 161 125 0.910 0
41.292 -51.835 -0.384 194 168 136 0.910 0
42.978 -51.835 -0.381 181 165 122 0.910 0
44.663 -51.835 -0.376 178 171 123 0.910 0
46.348 -51.835 -0.370 185 160 123 0.910 0
48.034 -51.835 -0.362 193 172 134 0.910 0
49.719 -51.835 -0.352 184 161 120 0.910 0
51.404 -51.835 -0.341 188 164 125 0.910 0
53.090 -51.835 -0.328 180 177 133 0.910 0
54.775 -51.835 -0.314 178 165 131 0.910 0
56.461 -51.835 -0.298 184 163 128 0.910 0
58.146 -51.835 -0.281 186 164 135 0.910 0
59.831 -51.835 -0.262 182 170 132 0.910 0
61.517 -51.835 -0.243 179 173 123 0.910 0
63.202 -51.835 -0.222 179 165 125 0.910 0
64.888 -51.835 -0.200 175 168 135 0.910 0
66.573 -51.835 -0.178 180 179 132 0.910 0
68.258 -51.835 -0.154 188 162 120 0.910 0
69.944 -51.835 -0.130 182 166 131 0.910 0
71.629 -51.835 -0.105 192 178 129 0.910 0
73.315 -51.835 -0.080 175 170 126 0.910 0
75.000 -51.835 -0.054 181 163 133 0.910 0
-75.000 -50.190 0.048 38 156 58 0.820 3
-73.315 -50.190 0.070 39 154 70 0.820 3
-71.629 -50.190 0.092 41 151 63 0.820 3
-69.944 -50.190 0.114 47 150 70 0.820 3
-68.258 -50.190 0.135 38 152 69 0.820 3
-66.573 -50.190 0.156 47 149 59 0.820 3
-64.888 -50.190 0.176 49 172 58 0.820 3
-63.202 -50.190 0.195 41 147 69 0.820 3
-61.517 -50.190 0.213 37 172 57 0.820 3
-59.831 -50.190 0.230 43 153 64 0.820 3
-58.146 -50.190 0.246 46 163 71 0.820 3
-56.461 -50.190 0.262 40 165 61 0.820 3
-54.775 -50.190 0.275 38 162 57 0.820 3
-53.090 -50.190 0.288 48 158 72 0.820 3
-51.404 -50.190 0.299 42 174 58 0.820 3
-49.719 -50.190 0.309 52 173 59 0.820 3
-48.034 -50.190 0.318 49 168 58 0.820 3
-46.348 -50.190 0.325 37 153 67 0.820 3
-44.663 -50.190 0.331 47 147 63 0.820 3
-42.978 -50.190 0.335 42 157 62 0.820 3
-41.292 -50.190 0.337 47 163 63 0.820 3
-39.607 -50.190 0.338 37 169 68 0.820 3
-37.921 -50.190 0.338 43 149 64 0.820 3
-36.236 -50.190 0.336 47 152 64 0.820 3
-34.551 -50.190 0.332 43 160 61 0.820 3
-32.865 -50.190 0.327 50 164 63 0.820 3
-31.180 -50.190 0.321 39 165 57 0.820 3
-29.494 -50.190 0.313 185 165 124 0.910 0
-27.809 -50.190 0.303 193 163 121 0.910 0
-26.124 -50.190 0.293 178 168 121 0.910 0
-24.438 -50.190 0.281 175 179 129 0.910 0
-22.753 -50.190 0.267 180 162 127 0.910 0
-21.067 -50.190 0.253 187 166 124 0.910 0
-19.382 -50.190 0.237 186 165 136 0.910 0
-17.697 -50.190 0.220 184 166 123 0.910 0
-16.011 -50.190 0.202 194 167 134 0.910 0
-14.326 -50.190 0.183 185 165 138 0.910 0
-12.640 -50.190 0.164 183 162 129 0.910 0
-10.955 -50.190 0.144 192 174 130 0.910 0
-9.270 -50.190 0.123 182 177 133 0.910 0
-7.584 -50.190 0.101 187 165 133 0.910 0
-5.899 -50.190 0.079 181 170 136 0.910 0
-4.213 -50.190 0.057 183 174 139 0.910 0
-2.528 -50.190 0.034 192 160 136 0.910 0
-0.843 -50.190 0.011 185 166 125 0.910 0
0.843 -50.190 -0.011 179 160 121 0.910 0
2.528 -50.190 -0.034 176 165 128 0.910 0
4.213 -50.190 -0.057 190 162 129 0.910 0
5.899 -50.190 -0.079 185 178 135 0.910 0
7.584 -50.190 -0.101 194 166 139 0.910 0
9.270 -50.190 -0.123 187 170 121 0.910 0
10.955 -50.190 -0.144 186 166 134 0.910 0
12.640 -50.190 -0.164 187 167 123 0.910 0
14.326 -50.190 -0.183 178 167 121 0.910 0
16.011 -50.190 -0.202 175 170 136 0.910 0
17.697 -50.190 -0.220 184 168 130 0.910 0
19.382 -50.190 -0.237 187 176 121 0.910 0
21.067 -50.190 -0.253 184 167 134 0.910 0
22.753 -50.190 -0.267 176 168 138 0.910 0
24.438 -50.190 -0.281 181 175 131 0.910 0
26.124 -50.190 -0.293 175 173 123 0.910 0
27.809 -50.190 -0.303 188 169 131 0.910 0
29.494 -50.190 -0.313 183 162 128 0.910 0
31.180 -50.190 -0.321 175 177 123 0.910 0
32.865 -50.190 -0.327 186 174 139 0.910 0
34.551 -50.190 -0.332 179 179 128 0.910 0
36.236 -50.190 -0.336 179 162 138 0.910 0
37.921 -50.190 -0.338 190 176 124 0.910 0
39.607 -50.190 -0.338 178 164 122 0.910 0
41.292 -50.190 -0.337 185 162 128 0.910 0
42.978 -50.190 -0.335 183 166 135 0.910 0
44.663 -50.190 -0.331 179 167 138 0.910 0
46.348 -50.190 -0.325 191 161 137 0.910 0
48.034 -50.190 -0.318 178 167 125 0.910 0
49.719 -50.190 -0.309 191 166 127 0.910 0
51.404 -50.190 -0.299 188 160 139 0.910 0
53.090 -50.190 -0.288 175 171 123 0.910 0
54.775 -50.190 -0.275 186 178 121 0.910 0
56.461 -50.190 -0.262 183 162 131 0.910 0
58.146 -50.190 -0.246 183 171 121 0.910 0
59.831 -50.190 -0.230 183 171 120 0.910 0
61.517 -50.190 -0.213 185 160 123 0.910 0
63.202 -50.190 -0.195 184 170 129 0.910 0
64.888 -50.190 -0.176 184 163 128 0.910 0
66.573 -50.190 -0.156 190 169 134 0.910 0
68.258 -50.190 -0.135 183 171 126 0.910 0
69.944 -50.190 -0.114 177 178 135 0.910 0
71.629 -50.190 -0.092 194 174 124 0.910 0
73.315 -50.190 -0.070 193 160 120 0.910 0
75.000 -50.190 -0.048 180 173 124 0.910 0
-75.000 -48.544 0.041 38 150 66 0.820 3
-73.315 -48.544 0.060 49 166 63 0.820 3
-71.629 -48.544 0.079 42 165 65 0.820 3
-69.944 -48.544 0.098 42 158 66 0.820 3
-68.258 -48.544 0.116 49 169 68 0.820 3
-66.573 -48.544 0.134 43 159 68 0.820 3
-64.888 -48.544 0.151 52 153 59 0.820 3
-63.202 -48.544 0.167 50 170 71 0.820 3
-61.517 -48.544 0.183 38 167 66 0.820 3
-59.831 -48.544 0.197 48 166 58 0.820 3
-58.146 -48.544 0.211 50 152 67 0.820 3
-56.461 -48.544 0.224 44 149 65 0.820 3
-54.775 -48.544 0.236 45 156 65 0.820 3
-53.090 -48.544 0.247 49 148 65 0.820 3
-51.404 -48.544 0.257 43 164 63 0.820 3
-49.719 -48.544 0.265 43 163 72 0.820 3
-48.034 -48.544 0.272 45 152 66 0.820 3
-46.348 -48.544 0.278 48 171 71 0.820 3
-44.663 -48.544 0.283 47 167 71 0.820 3
-42.978 -48.544 0.287 41 156 67 0.820 3
-41.292 -48.544 0.289 48 148 58 0.820 3
-39.607 -48.544 0.290 51 169 61 0.820 3
-37.921 -48.544 0.290 48 166 69 0.820 3
-36.236 -48.544 0.288 38 167 61 0.820 3
-34.551 -48.544 0.285 50 163 59 0.820 3
-32.865 -48.544 0.281 42 164 59 0.820 3
-31.180 -48.544 0.275 48 171 67 0.820 3
-29.494 -48.544 0.268 185 167 135 0.910 0
-27.809 -48.544 0.260 176 170 125 0.910 0
-26.124 -48.544 0.251 191 172 124 0.910 0
-24.438 -48.544 0.240 176 165 121 0.910 0
-22.753 -48.544 0.229 176 177 131 0.910 0
-21.067 -48.544 0.216 180 177 124 0.910 0
-19.382 -48.544 0.203 191 178 135 0.910 0
-17.697 -48.544 0.189 188 164 135 0.910 0
-16.011 -48.544 0.173 193 179 129 0.910 0
-14.326 -48.544 0.157 191 176 135 0.910 0
-12.640 -48.544 0.140 185 175 121 0.910 0
-10.955 -48.544 0.123 193 178 135 0.910 0
-9.270 -48.544 0.105 189 162 121 0.910 0
-7.584 -48.544 0.087 188 171 134 0.910 0
-5.899 -48.544 0.068 193 163 130 0.910 0
-4.213 -48.544 0.049 180 171 127 0.910 0
-2.528 -48.544 0.029 194 167 138 0.910 0
-0.843 -48.544 0.010 183 175 133 0.910 0
0.843 -48.544 -0.010 178 178 123 0.910 0
2.528 -48.544 -0.029 177 168 129 0.910 0
4.213 -48.544 -0.049 175 166 125 0.910 0
5.899 -48.544 -0.068 184 176 123 0.910 0
7.584 -48.544 -0.087 185 173 120 0.910 0
9.270 -48.544 -0.105 184 179 122 0.910 0
10.955 -48.544 -0.123 182 161 139 0.910 0
12.640 -48.544 -0.140 177 177 132 0.910 0
14.326 -48.544 -0.157 193 160 132 0.910 0
16.011 -48.544 -0.173 192 172 126 0.910 0
17.697 -48.544 -0.189 194 166 137 0.910 0
19.382 -48.544 -0.203 189 161 124 0.910 0
21.067 -48.544 -0.216 185 173 129 0.910 0
22.753 -48.544 -0.229 176 171 139 0.910 0
24.438 -48.544 -0.240 177 174 127 0.910 0
26.124 -48.544 -0.251 186 173 130 0.910 0
27.809 -48.544 -0.260 190 172 127 0.910 0
29.494 -48.544 -0.268 194 174 124 0.910 0
31.180 -48.544 -0.275 189 169 131 0.910 0
32.865 -48.544 -0.281 176 176 125 0.910 0
34.551 -48.544 -0.285 184 162 125 0.910 0
36.236 -48.544 -0.288 175 167 121 0.910 0
37.921 -48.544 -0.290 183 170 129 0.910 0
39.607 -48.544 -0.290 193 179 128 0.910 0
41.292 -48.544 -0.289 191 168 135 0.910 0
42.978 -48.544 -0.287 176 179 132 0.910 0
44.663 -48.544 -0.283 176 166 132 0.910 0
46.348 -48.544 -0.278 184 164 129 0.910 0
48.034 -48.544 -0.272 180 171 139 0.910 0
49.719 -48.544 -0.265 193 168 131 0.910 0
51.404 -48.544 -0.257 180 166 120 0.910 0
53.090 -48.544 -0.247 177 164 122 0.910 0
54.775 -48.544 -0.236 188 171 135 0.910 0
56.461 -48.544 -0.224 175 178 131 0.910 0
58.146 -48.544 -0.211 193 166 124 0.910 0
59.831 -48.544 -0.197 183 174 129 0.910 0
61.517 -48.544 -0.183 184 177 132 0.910 0
63.202 -48.544 -0.167 185 179 138 0.910 0
64.888 -48.544 -0.151 183 179 125 0.910 0
66.573 -48.544 -0.134 189 173 120 0.910 0
68.258 -48.544 -0.116 181 161 132 0.910 0
69.944 -48.544 -0.098 186 175 120 0.910 0
71.629 -48.544 -0.079 175 176 136 0.910 0
73.315 -48.544 -0.060 188 174 132 0.910 0
75.000 -48.544 -0.041 191 175 134 0.910 0
-75.000 -46.899 0.034 43 150 58 0.820 3
-73.315 -46.899 0.050 43 147 58 0.820 3
-71.629 -46.899 0.066 42 173 68 0.820 3
-69.944 -46.899 0.081 51 146 64 0.820 3
-68.258 -46.899 0.096 43 147 62 0.820 3
-66.573 -46.899 0.111 38 168 65 0.820 3
-64.888 -46.899 0.125 48 147 72 0.820 3
-63.202 -46.899 0.138 51 152 66 0.820 3
-61.517 -46.899 0.151 48 167 66 0.820 3
-59.831 -46.899 0.164 45 169 62 0.820 3
-58.146 -46.899 0.175 52 172 67 0.820 3
-56.461 -46.899 0.186 52 164 68 0.820 3
-54.775 -46.899 0.196 50 145 69 0.820 3
-53.090 -46.899 0.205 43 158 72 0.820 3
-51.404 -46.899 0.213 42 158 57 0.820 3
-49.719 -46.899 0.220 39 152 65 0.820 3
-48.034 -46.899 0.226 42 157 72 0.820 3
-46.348 -46.899 0.231 39 164 64 0.820 3
-44.663 -46.899 0.235 46 148 62 0.820 3
-42.978 -46.899 0.238 42 171 71 0.820 3
-41.292 -46.899 0.240 52 166 59 0.820 3
-39.607 -46.899 0.240 46 160 64 0.820 3
-37.921 -46.899 0.240 44 163 57 0.820 3
-36.236 -46.899 0.239 42 166 58 0.820 3
-34.551 -46.899 0.236 49 155 69 0.820 3
-32.865 -46.899 0.233 46 147 70 0.820 3
-31.180 -46.899 0.228 41 158 61 0.820 3
-29.494 -46.899 0.222 191 167 133 0.910 0
-27.809 -46.899 0.216 179 162 124 0.910 0
-26.124 -46.899 0.208 175 178 126 0.910 0
-24.438 -46.899 0.199 176 168 120 0.910 0
-22.753 -46.899 0.190 177 170 131 0.910 0
-21.067 -46.899 0.179 180 166 139 0.910 0
-19.382 -46.899 0.168 176 167 126 0.910 0
-17.697 -46.899 0.156 185 169 128 0.910 0
-16.011 -46.899 0.144 186 166 125 0.910 0
-14.326 -46.899 0.130 192 174 139 0.910 0
-12.640 -46.899 0.116 177 166 120 0.910 0
-10.955 -46.899 0.102 181 169 127 0.910 0
-9.270 -46.899 0.087 178 170 125 0.910 0
-7.584 -46.899 0.072 185 175 130 0.910 0
-5.899 -46.899 0.056 193 178 127 0.910 0
-4.213 -46.899 0.040 177 160 130 0.910 0
-2.528 -46.899 0.024 182 168 134 0.910 0
-0.843 -46.899 0.008 192 179 123 0.910 0
0.843 -46.899 -0.008 192 168 128 0.910 0
2.528 -46.899 -0.024 184 160 127 0.910 0
4.213 -46.899 -0.040 192 174 133 0.910 0
5.899 -46.899 -0.056 185 175 137 0.910 0
7.584 -46.899 -0.072 181 170 125 0.910 0
9.270 -46.899 -0.087 192 167 131 0.910 0
10.955 -46.899 -0.102 179 161 135 0.910 0
12.640 -46.899 -0.116 192 177 138 0.910 0
14.326 -46.899 -0.130 180 164 125 0.910 0
16.011 -46.899 -0.144 182 170 120 0.910 0
17.697 -46.899 -0.156 183 163 123 0.910 0
19.382 -46.899 -0.168 181 178 130 0.910 0
21.067 -46.899 -0.179 176 178 137 0.910 0
22.753 -46.899 -0.190 184 177 127 0.910 0
24.438 -46.899 -0.199 182 176 131 0.910 0
26.124 -46.899 -0.208 178 164 135 0.910 0
27.809 -46.899 -0.216 192 161 135 0.910 0
29.494 -46.899 -0.222 176 173 128 0.910 0
31.180 -46.899 -0.228 191 174 122 0.910 0
32.865 -46.899 -0.233 183 171 127 0.910 0
34.551 -46.899 -0.236 187 171 135 0.910 0
36.236 -46.899 -0.239 192 163 133 0.910 0
37.921 -46.899 -0.240 178 166 122 0.910 0
39.607 -46.899 -0.240 182 177 121 0.910 0
41.292 -46.899 -0.240 180 172 134 0.910 0
42.978 -46.899 -0.238 190 169 133 0.910 0
44.663 -46.899 -0.235 178 167 134 0.910 0
46.348 -46.899 -0.231 183 167 139 0.910 0
48.034 -46.899 -0.226 180 175 138 0.910 0
49.719 -46.899 -0.220 181 176 121 0.910 0
51.404 -46.899 -0.213 184 170 139 0.910 0
53.090 -46.899 -0.205 179 160 132 0.910 0
54.775 -46.899 -0.196 187 174 128 0.910 0
56.461 -46.899 -0.186 181 178 124 0.910 0
58.146 -46.899 -0.175 191 172 131 0.910 0
59.831 -46.899 -0.164 179 168 139 0.910 0
61.517 -46.899 -0.151 194 179 134 0.910 0
63.202 -46.899 -0.138 175 165 125 0.910 0
64.888 -46.899 -0.125 184 164 135 0.910 0
66.573 -46.899 -0.111 191 179 126 0.910 0
68.258 -46.899 -0.096 181 173 139 0.910 0
69.944 -46.899 -0.081 190 166 127 0.910 0
71.629 -46.899 -0.066 194 168 138 0.910 0
73.315 -46.899 -0.050 188 176 129 0.910 0
75.000 -46.899 -0.034 181 174 123 0.910 0
-75.000 -45.253 0.027 42 146 61 0.820 3
-73.315 -45.253 0.039 41 162 65 0.820 3
-71.629 -45.253 0.052 38 148 60 0.820 3
-69.944 -45.253 0.064 49 155 68 0.820 3
-68.258 -45.253 0.076 39 170 69 0.820 3
-66.573 -45.253 0.087 48 169 61 0.820 3
-64.888 -45.253 0.098 49 148 65 0.820 3
-63.202 -45.253 0.109 50 153 67 0.820 3
-61.517 -45.253 0.119 44 174 69 0.820 3
-59.831 -45.253 0.129 47 154 58 0.820 3
-58.146 -45.253 0.138 47 145 59 0.820 3
-56.461 -45.253 0.147 42 168 69 0.820 3
-54.775 -45.253 0.154 52 173 58 0.820 3
-53.090 -45.253 0.161 52 170 66 0.820 3
-51.404 -45.253 0.168 39 148 58 0.820 3
-49.719 -45.253 0.173 48 170 67 0.820 3
-48.034 -45.253 0.178 40 149 58 0.820 3
-46.348 -45.253 0.182 41 172 64 0.820 3
-44.663 -45.253 0.185 44 163 60 0.820 3
-42.978 -45.253 0.188 39 166 60 0.820 3
-41.292 -45.253 0.189 37 145 61 0.820 3
-39.607 -45.253 0.190 42 168 72 0.820 3
-37.921 -45.253 0.189 39 170 62 0.820 3
-36.236 -45.253 0.188 38 162 58 0.820 3
-34.551 -45.253 0.186 44 157 57 0.820 3
-32.865 -45.253 0.183 41 157 62 0.820 3
-31.180 -45.253 0.180 37 156 62 0.820 3
-29.494 -45.253 0.175 191 163 133 0.910 0
-27.809 -45.253 0.170 182 172 132 0.910 0
-26.124 -45.253 0.164 180 178 124 0.910 0
-24.438 -45.253 0.157 191 170 125 0.910 0
-22.753 -45.253 0.150 180 163 129 0.910 0
-21.067 -45.253 0.142 188 160 125 0.910 0
-19.382 -45.253 0.133 191 162 124 0.910 0
-17.697 -45.253 0.123 184 175 121 0.910 0
-16.011 -45.253 0.113 191 174 128 0.910 0
-14.326 -45.253 0.103 178 168 129 0.910 0
-12.640 -45.253 0.092 191 176 127 0.910 0
-10.955 -45.253 0.080 180 163 123 0.910 0
-9.270 -45.253 0.069 189 167 138 0.910 0
-7.584 -45.253 0.057 184 162 139 0.910 0
-5.899 -45.253 0.044 185 160 135 0.910 0
-4.213 -45.253 0.032 189 178 122 0.910 0
-2.528 -45.253 0.019 193 162 124 0.910 0
-0.843 -45.253 0.006 177 161 127 0.910 0
0.843 -45.253 -0.006 190 163 129 0.910 0
2.528 -45.253 -0.019 187 169 127 0.910 0
4.213 -45.253 -0.032 179 172 125 0.910 0
5.899 -45.253 -0.044 183 166 132 0.910 0
7.584 -45.253 -0.057 192 165 137 0.910 0
9.270 -45.253 -0.069 181 171 127 0.910 0
10.955 -45.253 -0.080 194 168 126 0.910 0
12.640 -45.253 -0.092 185 179 130 0.910 0
14.326 -45.253 -0.103 189 166 129 0.910 0
16.011 -45.253 -0.113 176 177 123 0.910 0
17.697 -45.253 -0.123 176 167 129 0.910 0
19.382 -45.253 -0.133 178 171 122 0.910 0
21.067 -45.253 -0.142 194 166 139 0.910 0
22.753 -45.253 -0.150 192 168 120 0.910 0
24.438 -45.253 -0.157 190 171 135 0.910 0
26.124 -45.253 -0.164 184 169 131 0.910 0
27.809 -45.253 -0.170 176 165 128 0.910 0
29.494 -45.253 -0.175 176 164 132 0.910 0
31.180 -45.253 -0.180 178 167 129 0.910 0
32.865 -45.253 -0.183 179 167 139 0.910 0
34.551 -45.253 -0.186 178 175 139 0.910 0
36.236 -45.253 -0.188 182 165 126 0.910 0
37.921 -45.253 -0.189 178 174 137 0.910 0
39.607 -45.253 -0.190 185 171 138 0.910 0
41.292 -45.253 -0.189 182 170 123 0.910 0
42.978 -45.253 -0.188 175 168 125 0.910 0
44.663 -45.253 -0.185 192 176 124 0.910 0
46.348 -45.253 -0.182 187 167 124 0.910 0
48.034 -45.253 -0.178 184 161 130 0.910 0
49.719 -45.253 -0.173 175 165 136 0.910 0
51.404 -45.253 -0.168 186 165 131 0.910 0
53.090 -45.253 -0.161 181 168 130 0.910 0
54.775 -45.253 -0.154 189 179 127 0.910 0
56.461 -45.253 -0.147 183 165 121 0.910 0
58.146 -45.253 -0.138 191 161 123 0.910 0
59.831 -45.253 -0.129 183 172 139 0.910 0
61.517 -45.253 -0.119 181 165 134 0.910 0
63.202 -45.253 -0.109 176 179 138 0.910 0
64.888 -45.253 -0.098 180 175 130 0.910 0
66.573 -45.253 -0.087 189 163 132 0.910 0
68.258 -45.253 -0.076 193 165 139 0.910 0
69.944 -45.253 -0.064 178 179 135 0.910 0
71.629 -45.253 -0.052 179 161 129 0.910 0
73.315 -45.253 -0.039 190 160 135 0.910 0
75.000 -45.253 -0.027 181 169 131 0.910 0
-75.000 -43.608 0.019 46 170 62 0.820 3
-73.315 -43.608 0.029 40 163 63 0.820 3
-71.629 -43.608 0.038 45 161 69 0.820 3
-69.944 -43.608 0.047 39 163 61 0.820 3
-68.258 -43.608 0.055 50 164 61 0.820 3
-66.573 -43.608 0.064 44 156 62 0.820 3
-64.888 -43.608 0.072 37 147 63 0.820 3
-63.202 -43.608 0.080 43 147 68 0.820 3
-61.517 -43.608 0.087 42 162 70 0.820 3
-59.831 -43.608 0.094 51 159 60 0.820 3
-58.146 -43.608 0.101 40 162 68 0.820 3
-56.461 -43.608 0.107 51 160 63 0.820 3
-54.775 -43.608 0.112 42 152 60 0.820 3
-53.090 -43.608 0.118 52 166 62 0.820 3
-51.404 -43.608 0.122 38 169 69 0.820 3
-49.719 -43.608 0.126 47 154 69 0.820 3
-48.034 -43.608 0.130 50 162 69 0.820 3
-46.348 -43.608 0.133 52 174 60 0.820 3
-44.663 -43.608 0.135 39 162 68 0.820 3
-42.978 -43.608 0.137 43 164 57 0.820 3
-41.292 -43.608 0.138 38 150 65 0.820 3
-39.607 -43.608 0.138 50 149 61 0.820 3
-37.921 -43.608 0.138 40 145 69 0.820 3
-36.236 -43.608 0.137 49 161 66 0.820 3
-34.551 -43.608 0.136 41 171 65 0.820 3
-32.865 -43.608 0.134 51 147 68 0.820 3
-31.180 -43.608 0.131 52 165 58 0.820 3
-29.494 -43.608 0.128 177 169 138 0.910 0
-27.809 -43.608 0.124 185 171 139 0.910 0
-26.124 -43.608 0.119 188 175 139 0.910 0
-24.438 -43.608 0.115 192 166 138 0.910 0
-22.753 -43.608 0.109 193 175 135 0.910 0
-21.067 -43.608 0.103 178 164 124 0.910 0
-19.382 -43.608 0.097 181 171 129 0.910 0
-17.697 -43.608 0.090 177 160 121 0.910 0
-16.011 -43.608 0.083 181 179 125 0.910 0
-14.326 -43.608 0.075 191 167 134 0.910 0
-12.640 -43.608 0.067 184 176 133 0.910 0
-10.955 -43.608 0.059 193 164 136 0.910 0
-9.270 -43.608 0.050 186 168 136 0.910 0
-7.584 -43.608 0.041 187 165 125 0.910 0
-5.899 -43.608 0.032 188 175 127 0.910 0
-4.213 -43.608 0.023 191 177 124 0.910 0
-2.528 -43.608 0.014 184 175 133 0.910 0
-0.843 -43.608 0.005 190 164 138 0.910 0
0.843 -43.608 -0.005 176 177 123 0.910 0
2.528 -43.608 -0.014 180 161 126 0.910 0
4.213 -43.608 -0.023 192 175 125 0.910 0
5.899 -43.608 -0.032 193 169 128 0.910 0
7.584 -43.608 -0.041 187 178 136 0.910 0
9.270 -43.608 -0.050 188 161 134 0.910 0
10.955 -43.608 -0.059 191 171 135 0.910 0
12.640 -43.608 -0.067 192 179 138 0.910 0
14.326 -43.608 -0.075 182 176 134 0.910 0
16.011 -43.608 -0.083 189 179 128 0.910 0
17.697 -43.608 -0.090 176 173 130 0.910 0
19.382 -43.608 -0.097 185 179 136 0.910 0
21.067 -43.608 -0.103 182 162 131 0.910 0
22.753 -43.608 -0.109 190 171 125 0.910 0
24.438 -43.608 -0.115 194 177 126 0.910 0
26.124 -43.608 -0.119 190 163 137 0.910 0
27.809 -43.608 -0.124 193 170 130 0.910 0
29.494 -43.608 -0.128 175 163 137 0.910 0
31.180 -43.608 -0.131 178 176 123 0.910 0
32.865 -43.608 -0.134 192 160 125 0.910 0
34.551 -43.608 -0.136 190 177 139 0.910 0
36.236 -43.608 -0.137 184 160 131 0.910 0
37.921 -43.608 -0.138 179 160 138 0.910 0
39.607 -43.608 -0.138 179 162 134 0.910 0
41.292 -43.608 -0.138 192 177 137 0.910 0
42.978 -43.608 -0.137 191 172 121 0.910 0
44.663 -43.608 -0.135 178 161 135 0.910 0
46.348 -43.608 -0.133 186 167 128 0.910 0
48.034 -43.608 -0.130 186 172 136 0.910 0
49.719 -43.608 -0.126 186 174 121 0.910 0
51.404 -43.608 -0.122 190 168 129 0.910 0
53.090 -43.608 -0.118 186 174 135 0.910 0
54.775 -43.608 -0.112 184 168 134 0.910 0
56.461 -43.608 -0.107 178 176 125 0.910 0
58.146 -43.608 -0.101 190 162 127 0.910 0
59.831 -43.608 -0.094 184 171 133 0.910 0
61.517 -43.608 -0.087 188 174 121 0.910 0
63.202 -43.608 -0.080 190 173 132 0.910 0
64.888 -43.608 -0.072 181 167 131 0.910 0
66.573 -43.608 -0.064 176 173 125 0.910 0
68.258 -43.608 -0.055 185 179 121 0.910 0
69.944 -43.608 -0.047 178 168 133 0.910 0
71.629 -43.608 -0.038 189 172 135 0.910 0
73.315 -43.608 -0.029 180 179 132 0.910 0
75.000 -43.608 -0.019 193 164 122 0.910 0
-75.000 -41.962 0.012 47 171 63 0.820 3
-73.315 -41.962 0.018 45 145 68 0.820 3
-71.629 -41.962 0.023 46 158 57 0.820 3
-69.944 -41.962 0.029 48 164 70 0.820 3
-68.258 -41.962 0.034 49 168 71 0.820 3
-66.573 -41.962 0.040 40 157 66 0.820 3
-64.888 -41.962 0.045 49 151 67 0.820 3
-63.202 -41.962 0.050 37 167 61 0.820 3
-61.517 -41.962 0.054 47 171 60 0.820 3
-59.831 -41.962 0.059 41 147 71 0.820 3
-58.146 -41.962 0.063 44 173 70 0.820 3
-56.461 -41.962 0.066 49 174 66 0.820 3
-54.775 -41.962 0.070 41 158 71 0.820 3
-53.090 -41.962 0.073 40 147 71 0.820 3
-36.236 -41.962 0.085 46 151 57 0.820 3
-34.551 -41.962 0.084 38 168 71 0.820 3
-32.865 -41.962 0.083 47 157 66 0.820 3
-31.180 -41.962 0.082 47 146 67 0.820 3
-29.494 -41.962 0.079 191 172 139 0.910 0
-27.809 -41.962 0.077 188 162 128 0.910 0
-26.124 -41.962 0.074 176 164 135 0.910 0
-24.438 -41.962 0.071 181 175 130 0.910 0
-22.753 -41.962 0.068 193 163 139 0.910 0
-21.067 -41.962 0.064 192 175 123 0.910 0
-19.382 -41.962 0.060 178 161 136 0.910 0
-17.697 -41.962 0.056 183 176 129 0.910 0
-16.011 -41.962 0.051 175 161 126 0.910 0
-14.326 -41.962 0.047 187 161 124 0.910 0
-12.640 -41.962 0.042 180 166 127 0.910 0
-10.955 -41.962 0.036 188 165 139 0.910 0
-9.270 -41.962 0.031 191 177 130 0.910 0
-7.584 -41.962 0.026 190 167 127 0.910 0
-5.899 -41.962 0.020 182 170 124 0.910 0
-4.213 -41.962 0.014 177 172 139 0.910 0
-2.528 -41.962 0.009 175 166 122 0.910 0
-0.843 -41.962 0.003 179 160 132 0.910 0
0.843 -41.962 -0.003 177 161 132 0.910 0
2.528 -41.962 -0.009 175 168 125 0.910 0
4.213 -41.962 -0.014 179 163 131 0.910 0
5.899 -41.962 -0.020 176 176 127 0.910 0
7.584 -41.962 -0.026 188 162 128 0.910 0
9.270 -41.962 -0.031 187 175 133 0.910 0
10.955 -41.962 -0.036 189 167 120 0.910 0
12.640 -41.962 -0.042 176 174 136 0.910 0
14.326 -41.962 -0.047 183 162 122 0.910 0
16.011 -41.962 -0.051 186 166 125 0.910 0
17.697 -41.962 -0.056 192 177 121 0.910 0
19.382 -41.962 -0.060 184 175 122 0.910 0
21.067 -41.962 -0.064 178 162 134 0.910 0
22.753 -41.962 -0.068 192 170 139 0.910 0
24.438 -41.962 -0.071 192 163 127 0.910 0
26.124 -41.962 -0.074 182 163 136 0.910 0
27.809 -41.962 -0.077 189 169 132 0.910 0
29.494 -41.962 -0.079 190 160 126 0.910 0
31.180 -41.962 -0.082 180 162 123 0.910 0
32.865 -41.962 -0.083 179 160 139 0.910 0
34.551 -41.962 -0.084 178 164 129 0.910 0
36.236 -41.962 -0.085 177 172 123 0.910 0
37.921 -41.962 -0.086 177 161 122 0.910 0
39.607 -41.962 -0.086 175 161 130 0.910 0
41.292 -41.962 -0.086 189 160 129 0.910 0
42.978 -41.962 -0.085 192 167 128 0.910 0
44.663 -41.962 -0.084 175 171 120 0.910 0
46.348 -41.962 -0.083 187 160 130 0.910 0
48.034 -41.962 -0.081 186 175 130 0.910 0
49.719 -41.962 -0.079 185 176 138 0.910 0
51.404 -41.962 -0.076 180 162 120 0.910 0
53.090 -41.962 -0.073 181 177 129 0.910 0
54.775 -41.962 -0.070 185 163 124 0.910 0
56.461 -41.962 -0.066 182 166 125 0.910 0
58.146 -41.962 -0.063 193 177 137 0.910 0
59.831 -41.962 -0.059 177 168 126 0.910 0
61.517 -41.962 -0.054 176 165 132 0.910 0
63.202 -41.962 -0.050 185 163 131 0.910 0
64.888 -41.962 -0.045 187 176 126 0.910 0
66.573 -41.962 -0.040 189 165 130 0.910 0
68.258 -41.962 -0.034 180 173 131 0.910 0
69.944 -41.962 -0.029 177 174 133 0.910 0
71.629 -41.962 -0.023 183 161 125 0.910 0
73.315 -41.962 -0.018 186 177 129 0.910 0
75.000 -41.962 -0.012 193 170 121 0.910 0
-75.000 -40.316 0.005 51 174 68 0.820 3
-73.315 -40.316 0.007 52 157 66 0.820 3
-71.629 -40.316 0.009 41 159 72 0.820 3
-69.944 -40.316 0.011 43 149 67 0.820 3
-68.258 -40.316 0.013 42 161 60 0.820 3
-66.573 -40.316 0.015 40 147 62 0.820 3
-64.888 -40.316 0.017 39 145 60 0.820 3
-63.202 -40.316 0.019 44 158 64 0.820 3
-61.517 -40.316 0.021 39 155 57 0.820 3
-59.831 -40.316 0.023 47 151 68 0.820 3
-58.146 -40.316 0.024 49 153 60 0.820 3
-56.461 -40.316 0.026 43 172 63 0.820 3
-54.775 -40.316 0.027 48 162 63 0.820 3
-53.090 -40.316 0.028 38 150 66 0.820 3
-36.236 -40.316 0.033 45 174 63 0.820 3
-34.551 -40.316 0.033 44 173 65 0.820 3
-32.865 -40.316 0.032 45 164 61 0.820 3
-31.180 -40.316 0.032 39 160 70 0.820 3
-29.494 -40.316 0.031 192 178 122 0.910 0
-27.809 -40.316 0.030 192 165 131 0.910 0
-26.124 -40.316 0.029 187 171 127 0.910 0
-24.438 -40.316 0.028 185 171 122 0.910 0
-22.753 -40.316 0.026 183 165 130 0.910 0
-21.067 -40.316 0.025 189 179 135 0.910 0
-19.382 -40.316 0.023 177 162 124 0.910 0
-17.697 -40.316 0.022 183 172 121 0.910 0
-16.011 -40.316 0.020 183 175 124 0.910 0
-14.326 -40.316 0.018 185 179 128 0.910 0
-12.640 -40.316 0.016 184 164 139 0.910 0
-10.955 -40.316 0.014 192 172 131 0.910 0
-9.270 -40.316 0.012 184 172 128 0.910 0
-7.584 -40.316 0.010 184 166 132 0.910 0
-5.899 -40.316 0.008 180 161 128 0.910 0
-4.213 -40.316 0.006 181 165 136 0.910 0
-2.528 -40.316 0.003 181 170 139 0.910 0
-0.843 -40.316 0.001 178 175 122 0.910 0
0.843 -40.316 -0.001 188 163 121 0.910 0
2.528 -40.316 -0.003 177 161 137 0.910 0
4.213 -40.316 -0.006 194 161 137 0.910 0
5.899 -40.316 -0.008 191 172 123 0.910 0
7.584 -40.316 -0.010 175 170 134 0.910 0
9.270 -40.316 -0.012 179 161 121 0.910 0
10.955 -40.316 -0.014 177 168 139 0.910 0
12.640 -40.316 -0.016 186 167 128 0.910 0
14.326 -40.316 -0.018 177 170 133 0.910 0
16.011 -40.316 -0.020 175 176 136 0.910 0
17.697 -40.316 -0.022 178 174 138 0.910 0
19.382 -40.316 -0.023 176 176 125 0.910 0
21.067 -40.316 -0.025 175 169 133 0.910 0
22.753 -40.316 -0.026 194 162 125 0.910 0
24.438 -40.316 -0.028 192 177 131 0.910 0
26.124 -40.316 -0.029 194 165 121 0.910 0
27.809 -40.316 -0.030 189 167 122 0.910 0
29.494 -40.316 -0.031 185 163 135 0.910 0
31.180 -40.316 -0.032 183 171 124 0.910 0
32.865 -40.316 -0.032 180 179 133 0.910 0
34.551 -40.316 -0.033 190 167 122 0.910 0
36.236 -40.316 -0.033 182 162 131 0.910 0
37.921 -40.316 -0.033 194 173 121 0.910 0
39.607 -40.316 -0.033 178 174 130 0.910 0
41.292 -40.316 -0.033 190 178 121 0.910 0
42.978 -40.316 -0.033 193 167 136 0.910 0
44.663 -40.316 -0.033 187 170 131 0.910 0
46.348 -40.316 -0.032 188 161 133 0.910 0
48.034 -40.316 -0.031 191 164 138 0.910 0
49.719 -40.316 -0.031 185 178 135 0.910 0
51.404 -40.316 -0.030 182 162 129 0.910 0
53.090 -40.316 -0.028 179 165 120 0.910 0
54.775 -40.316 -0.027 175 178 128 0.910 0
56.461 -40.316 -0.026 182 165 128 0.910 0
58.146 -40.316 -0.024 181 168 128 0.910 0
59.831 -40.316 -0.023 184 176 131 0.910 0
61.517 -40.316 -0.021 177 165 132 0.910 0
63.202 -40.316 -0.019 188 167 131 0.910 0
64.888 -40.316 -0.017 181 168 135 0.910 0
66.573 -40.316 -0.015 186 169 122 0.910 0
68.258 -40.316 -0.013 177 169 121 0.910 0
69.944 -40.316 -0.011 184 177 135 0.910 0
71.629 -40.316 -0.009 182 166 139 0.910 0
73.315 -40.316 -0.007 187 178 123 0.910 0
75.000 -40.316 -0.005 189 174 121 0.910 0
-75.000 -38.671 -0.003 41 149 60 0.820 3
-73.315 -38.671 -0.004 40 150 57 0.820 3
-71.629 -38.671 -0.005 45 157 70 0.820 3
-69.944 -38.671 -0.006 38 151 58 0.820 3
-68.258 -38.671 -0.008 43 154 57 0.820 3
-66.573 -38.671 -0.009 52 152 66 0.820 3
-64.888 -38.671 -0.010 39 145 57 0.820 3
-63.202 -38.671 -0.011 46 152 70 0.820 3
-61.517 -38.671 -0.012 39 169 62 0.820 3
-59.831 -38.671 -0.013 51 156 67 0.820 3
-58.146 -38.671 -0.014 51 162 72 0.820 3
-56.461 -38.671 -0.015 46 152 58 0.820 3
-54.775 -38.671 -0.016 49 153 61 0.820 3
-53.090 -38.671 -0.016 48 152 63 0.820 3
-36.236 -38.671 -0.019 42 156 65 0.820 3
-34.551 -38.671 -0.019 41 164 60 0.820 3
-32.865 -38.671 -0.019 37 156 63 0.820 3
-31.180 -38.671 -0.018 37 162 60 0.820 3
-29.494 -38.671 -0.018 193 171 120 0.910 0
-27.809 -38.671 -0.017 188 174 132 0.910 0
-26.124 -38.671 -0.017 188 176 137 0.910 0
-24.438 -38.671 -0.016 178 160 131 0.910 0
-22.753 -38.671 -0.015 180 177 122 0.910 0
-21.067 -38.671 -0.014 194 176 122 0.910 0
-19.382 -38.671 -0.013 184 174 135 0.910 0
-17.697 -38.671 -0.012 183 178 132 0.910 0
-16.011 -38.671 -0.011 180 175 128 0.910 0
-14.326 -38.671 -0.010 192 179 129 0.910 0
-12.640 -38.671 -0.009 191 166 126 0.910 0
-10.955 -38.671 -0.008 186 161 139 0.910 0
-9.270 -38.671 -0.007 177 163 136 0.910 0
-7.584 -38.671 -0.006 187 173 122 0.910 0
-5.899 -38.671 -0.004 176 174 126 0.910 0
-4.213 -38.671 -0.003 189 178 134 0.910 0
-2.528 -38.671 -0.002 194 179 127 0.910 0
-0.843 -38.671 -0.001 177 177 132 0.910 0
0.843 -38.671 0.001 175 160 137 0.910 0
2.528 -38.671 0.002 178 176 126 0.910 0
4.213 -38.671 0.003 193 178 136 0.910 0
5.899 -38.671 0.004 179 179 132 0.910 0
7.584 -38.671 0.006 178 176 120 0.910 0
9.270 -38.671 0.007 188 161 137 0.910 0
10.955 -38.671 0.008 178 179 122 0.910 0
12.640 -38.671 0.009 180 169 122 0.910 0
14.326 -38.671 0.010 191 160 126 0.910 0
16.011 -38.671 0.011 175 179 128 0.910 0
17.697 -38.671 0.012 177 170 134 0.910 0
19.382 -38.671 0.013 187 178 139 0.910 0
21.067 -38.671 0.014 191 163 123 0.910 0
22.753 -38.671 0.015 189 165 124 0.910 0
24.438 -38.671 0.016 186 160 122 0.910 0
26.124 -38.671 0.017 189 177 120 0.910 0
27.809 -38.671 0.017 179 173 133 0.910 0
29.494 -38.671 0.018 193 174 136 0.910 0
31.180 -38.671 0.018 188 178 128 0.910 0
32.865 -38.671 0.019 180 166 139 0.910 0
34.551 -38.671 0.019 180 170 126 0.910 0
36.236 -38.671 0.019 193 172 130 0.910 0
37.921 -38.671 0.019 191 168 125 0.910 0
39.607 -38.671 0.019 179 175 137 0.910 0
41.292 -38.671 0.019 191 166 121 0.910 0
42.978 -38.671 0.019 180 164 130 0.910 0
44.663 -38.671 0.019 183 170 122 0.910 0
46.348 -38.671 0.018 191 177 126 0.910 0
48.034 -38.671 0.018 176 163 125 0.910 0
49.719 -38.671 0.018 189 167 128 0.910 0
51.404 -38.671 0.017 178 164 125 0.910 0
53.090 -38.671 0.016 184 173 133 0.910 0
54.775 -38.671 0.016 186 170 122 0.910 0
56.461 -38.671 0.015 189 177 127 0.910 0
58.146 -38.671 0.014 182 168 136 0.910 0
59.831 -38.671 0.013 179 166 123 0.910 0
61.517 -38.671 0.012 179 170 131 0.910 0
63.202 -38.671 0.011 189 172 127 0.910 0
64.888 -38.671 0.010 193 176 126 0.910 0
66.573 -38.671 0.009 180 178 122 0.910 0
68.258 -38.671 0.008 176 173 128 0.910 0
69.944 -38.671 0.006 178 169 127 0.910 0
71.629 -38.671 0.005 181 164 133 0.910 0
73.315 -38.671 0.004 192 174 136 0.910 0
75.000 -38.671 0.003 184 177 132 0.910 0
-75.000 -37.025 -0.010 40 156 58 0.820 3
-73.315 -37.025 -0.015 52 148 71 0.820 3
-71.629 -37.025 -0.020 48 155 66 0.820 3
-69.944 -37.025 -0.024 39 154 57 0.820 3
-68.258 -37.025 -0.029 43 167 63 0.820 3
-66.573 -37.025 -0.033 40 165 72 0.820 3
-64.888 -37.025 -0.037 39 146 63 0.820 3
-63.202 -37.025 -0.041 44 163 66 0.820 3
-61.517 -37.025 -0.045 41 163 65 0.820 3
-59.831 -37.025 -0.049 37 172 72 0.820 3
-58.146 -37.025 -0.052 41 146 58 0.820 3
-56.461 -37.025 -0.055 44 157 61 0.820 3
-54.775 -37.025 -0.058 48 170 71 0.820 3
-53.090 -37.025 -0.061 43 163 60 0.820 3
-36.236 -37.025 -0.071 51 174 68 0.820 3
-34.551 -37.025 -0.070 52 170 62 0.820 3
-32.865 -37.025 -0.069 52 157 72 0.820 3
-31.180 -37.025 -0.068 52 162 65 0.820 3
-29.494 -37.025 -0.066 177 163 121 0.910 0
-27.809 -37.025 -0.064 189 163 132 0.910 0
-26.124 -37.025 -0.062 191 163 128 0.910 0
-24.438 -37.025 -0.059 178 175 126 0.910 0
-22.753 -37.025 -0.057 177 178 133 0.910 0
-21.067 -37.025 -0.054 188 165 122 0.910 0
-19.382 -37.025 -0.050 184 161 133 0.910 0
-17.697 -37.025 -0.047 192 160 138 0.910 0
-16.011 -37.025 -0.043 190 169 123 0.910 0
-14.326 -37.025 -0.039 179 164 123 0.910 0
-12.640 -37.025 -0.035 175 177 124 0.910 0
-10.955 -37.025 -0.030 189 162 124 0.910 0
-9.270 -37.025 -0.026 185 163 136 0.910 0
-7.584 -37.025 -0.021 181 164 123 0.910 0
-5.899 -37.025 -0.017 178 179 126 0.910 0
-4.213 -37.025 -0.012 177 167 137 0.910 0
-2.528 -37.025 -0.007 182 169 120 0.910 0
-0.843 -37.025 -0.002 188 168 130 0.910 0
0.843 -37.025 0.002 191 165 138 0.910 0
2.528 -37.025 0.007 193 169 126 0.910 0
4.213 -37.025 0.012 180 161 125 0.910 0
5.899 -37.025 0.017 193 179 131 0.910 0
7.584 -37.025 0.021 187 170 128 0.910 0
9.270 -37.025 0.026 175 173 131 0.910 0
10.955 -37.025 0.030 194 166 130 0.910 0
12.640 -37.025 0.035 177 162 120 0.910 0
14.326 -37.025 0.039 180 173 134 0.910 0
16.011 -37.025 0.043 190 165 123 0.910 0
17.697 -37.025 0.047 177 165 129 0.910 0
19.382 -37.025 0.050 189 172 121 0.910 0
21.067 -37.025 0.054 178 165 123 0.910 0
22.753 -37.025 0.057 177 167 126 0.910 0
24.438 -37.025 0.059 180 165 125 0.910 0
26.124 -37.025 0.062 178 178 135 0.910 0
27.809 -37.025 0.064 183 164 128 0.910 0
29.494 -37.025 0.066 193 160 137 0.910 0
31.180 -37.025 0.068 194 163 136 0.910 0
32.865 -37.025 0.069 178 179 122 0.910 0
34.551 -37.025 0.070 191 165 124 0.910 0
36.236 -37.025 0.071 187 162 127 0.910 0
37.921 -37.025 0.072 177 174 129 0.910 0
39.607 -37.025 0.072 177 171 138 0.910 0
41.292 -37.025 0.071 181 176 121 0.910 0
42.978 -37.025 0.071 179 166 138 0.910 0
44.663 -37.025 0.070 181 165 122 0.910 0
46.348 -37.025 0.069 181 170 136 0.910 0
48.034 -37.025 0.067 189 174 123 0.910 0
49.719 -37.025 0.066 187 174 123 0.910 0
51.404 -37.025 0.063 176 177 130 0.910 0
53.090 -37.025 0.061 194 163 134 0.910 0
54.775 -37.025 0.058 182 162 129 0.910 0
56.461 -37.025 0.055 186 174 132 0.910 0
58.146 -37.025 0.052 178 165 127 0.910 0
59.831 -37.025 0.049 180 172 139 0.910 0
61.517 -37.025 0.045 194 172 129 0.910 0
63.202 -37.025 0.041 194 175 130 0.910 0
64.888 -37.025 0.037 191 166 124 0.910 0
66.573 -37.025 0.033 175 166 124 0.910 0
68.258 -37.025 0.029 179 162 136 0.910 0
69.944 -37.025 0.024 191 164 139 0.910 0
71.629 -37.025 0.020 183 172 125 0.910 0
73.315 -37.025 0.015 188 172 126 0.910 0
75.000 -37.025 0.010 191 168 136 0.910 0
-75.000 -35.380 -0.017 47 147 62 0.820 3
-73.315 -35.380 -0.026 41 150 70 0.820 3
-71.629 -35.380 -0.034 50 165 60 0.820 3
-69.944 -35.380 -0.042 40 156 59 0.820 3
-68.258 -35.380 -0.050 47 161 57 0.820 3
-66.573 -35.380 -0.057 47 156 61 0.820 3
-64.888 -35.380 -0.064 41 147 58 0.820 3
-63.202 -35.380 -0.071 52 156 69 0.820 3
-61.517 -35.380 -0.078 48 150 59 0.820 3
-59.831 -35.380 -0.084 49 150 68 0.820 3
-58.146 -35.380 -0.090 48 152 66 0.820 3
-56.461 -35.380 -0.096 51 145 59 0.820 3
-54.775 -35.380 -0.101 37 165 62 0.820 3
-53.090 -35.380 -0.106 42 158 68 0.820 3
-36.236 -35.380 -0.123 44 164 61 0.820 3
-34.551 -35.380 -0.122 50 157 63 0.820 3
-32.865 -35.380 -0.120 38 153 60 0.820 3
-31.180 -35.380 -0.118 50 166 59 0.820 3
-29.494 -35.380 -0.115 179 177 137 0.910 0
-27.809 -35.380 -0.111 192 162 128 0.910 0
-26.124 -35.380 -0.107 175 163 127 0.910 0
-24.438 -35.380 -0.103 190 176 123 0.910 0
-22.753 -35.380 -0.098 186 175 129 0.910 0
-21.067 -35.380 -0.093 177 168 129 0.910 0
-19.382 -35.380 -0.087 185 178 130 0.910 0
-17.697 -35.380 -0.081 193 174 132 0.910 0
-16.011 -35.380 -0.074 181 168 120 0.910 0
-14.326 -35.380 -0.067 176 165 128 0.910 0
-12.640 -35.380 -0.060 175 178 139 0.910 0
-10.955 -35.380 -0.053 193 162 123 0.910 0
-9.270 -35.380 -0.045 191 169 124 0.910 0
-7.584 -35.380 -0.037 185 164 121 0.910 0
-5.899 -35.380 -0.029 194 164 123 0.910 0
-4.213 -35.380 -0.021 180 164 138 0.910 0
-2.528 -35.380 -0.013 187 176 131 0.910 0
-0.843 -35.380 -0.004 191 171 131 0.910 0
0.843 -35.380 0.004 191 162 127 0.910 0
2.528 -35.380 0.013 179 166 121 0.910 0
4.213 -35.380 0.021 185 160 123 0.910 0
5.899 -35.380 0.029 185 162 139 0.910 0
7.584 -35.380 0.037 191 179 136 0.910 0
9.270 -35.380 0.045 192 168 128 0.910 0
10.955 -35.380 0.053 182 175 135 0.910 0
12.640 -35.380 0.060 193 163 124 0.910 0
14.326 -35.380 0.067 175 165 137 0.910 0
16.011 -35.380 0.074 184 174 120 0.910 0
17.697 -35.380 0.081 191 165 130 0.910 0
19.382 -35.380 0.087 180 171 133 0.910 0
21.067 -35.380 0.093 185 163 128 0.910 0
22.753 -35.380 0.098 194 167 136 0.910 0
24.438 -35.380 0.103 194 161 128 0.910 0
26.124 -35.380 0.107 175 166 126 0.910 0
27.809 -35.380 0.111 178 167 132 0.910 0
29.494 -35.380 0.115 177 174 131 0.910 0
31.180 -35.380 0.118 176 165 132 0.910 0
32.865 -35.380 0.120 182 168 120 0.910 0
34.551 -35.380 0.122 187 171 123 0.910 0
36.236 -35.380 0.123 179 174 123 0.910 0
37.921 -35.380 0.124 192 173 120 0.910 0
39.607 -35.380 0.124 177 173 139 0.910 0
41.292 -35.380 0.124 180 171 127 0.910 0
42.978 -35.380 0.123 181 179 127 0.910 0
44.663 -35.380 0.121 188 170 131 0.910 0
46.348 -35.380 0.119 181 168 123 0.910 0
48.034 -35.380 0.116 189 174 137 0.910 0
49.719 -35.380 0.113 178 162 126 0.910 0
51.404 -35.380 0.110 186 179 120 0.910 0
53.090 -35.380 0.106 194 161 127 0.910 0
54.775 -35.380 0.101 180 163 120 0.910 0
56.461 -35.380 0.096 192 166 133 0.910 0
58.146 -35.380 0.090 180 170 127 0.910 0
59.831 -35.380 0.084 185 169 124 0.910 0
61.517 -35.380 0.078 182 178 120 0.910 0
63.202 -35.380 0.071 193 174 139 0.910 0
64.888 -35.380 0.064 182 168 121 0.910 0
66.573 -35.380 0.057 188 162 135 0.910 0
68.258 -35.380 0.050 194 170 138 0.910 0
69.944 -35.380 0.042 194 177 124 0.910 0
71.629 -35.380 0.034 188 175 120 0.910 0
73.315 -35.380 0.026 179 176 131 0.910 0
75.000 -35.380 0.017 186 171 121 0.910 0
-75.000 -33.734 -0.025 52 148 72 0.820 3
-73.315 -33.734 -0.036 46 151 57 0.820 3
-71.629 -33.734 -0.048 41 148 65 0.820 3
-69.944 -33.734 -0.059 39 169 64 0.820 3
-68.258 -33.734 -0.070 46 164 60 0.820 3
-66.573 -33.734 -0.081 43 174 59 0.820 3
-64.888 -33.734 -0.091 41 158 63 0.820 3
-63.202 -33.734 -0.101 49 160 60 0.820 3
-61.517 -33.734 -0.111 49 145 61 0.820 3
-59.831 -33.734 -0.120 52 160 71 0.820 3
-58.146 -33.734 -0.128 44 174 62 0.820 3
-56.461 -33.734 -0.136 40 164 61 0.820 3
-54.775 -33.734 -0.143 39 162 60 0.820 3
-53.090 -33.734 -0.150 46 170 66 0.820 3
-36.236 -33.734 -0.174 47 171 65 0.820 3
-34.551 -33.734 -0.173 52 146 64 0.820 3
-32.865 -33.734 -0.170 39 153 66 0.820 3
-31.180 -33.734 -0.167 41 159 65 0.820 3
-29.494 -33.734 -0.162 186 179 139 0.910 0
-27.809 -33.734 -0.158 188 164 129 0.910 0
-26.124 -33.734 -0.152 184 171 135 0.910 0
-24.438 -33.734 -0.146 185 169 125 0.910 0
-22.753 -33.734 -0.139 188 164 127 0.910 0
-21.067 -33.734 -0.131 179 169 138 0.910 0
-19.382 -33.734 -0.123 181 167 126 0.910 0
-17.697 -33.734 -0.114 188 170 129 0.910 0
-16.011 -33.734 -0.105 190 163 121 0.910 0
-14.326 -33.734 -0.095 181 160 123 0.910 0
-12.640 -33.734 -0.085 192 174 120 0.910 0
-10.955 -33.734 -0.075 179 168 129 0.910 0
-9.270 -33.734 -0.064 181 179 120 0.910 0
-7.584 -33.734 -0.052 191 177 121 0.910 0
-5.899 -33.734 -0.041 190 166 129 0.910 0
-4.213 -33.734 -0.029 189 162 134 0.910 0
-2.528 -33.734 -0.018 176 177 129 0.910 0
-0.843 -33.734 -0.006 184 163 138 0.910 0
0.843 -33.734 0.006 179 175 135 0.910 0
2.528 -33.734 0.018 194 173 136 0.910 0
4.213 -33.734 0.029 184 160 129 0.910 0
5.899 -33.734 0.041 183 170 135 0.910 0
7.584 -33.734 0.052 182 167 134 0.910 0
9.270 -33.734 0.064 181 162 133 0.910 0
10.955 -33.734 0.075 178 173 131 0.910 0
12.640 -33.734 0.085 192 171 131 0.910 0
14.326 -33.734 0.095 189 173 136 0.910 0
16.011 -33.734 0.105 177 169 131 0.910 0
17.697 -33.734 0.114 183 160 136 0.910 0
19.382 -33.734 0.123 177 171 127 0.910 0
21.067 -33.734 0.131 182 171 137 0.910 0
22.753 -33.734 0.139 193 169 126 0.910 0
24.438 -33.734 0.146 183 167 132 0.910 0
26.124 -33.734 0.152 188 168 126 0.910 0
27.809 -33.734 0.158 181 170 124 0.910 0
29.494 -33.734 0.162 177 163 130 0.910 0
31.180 -33.734 0.167 176 175 126 0.910 0
32.865 -33.734 0.170 193 160 122 0.910 0
34.551 -33.734 0.173 185 167 127 0.910 0
36.236 -33.734 0.174 178 169 138 0.910 0
37.921 -33.734 0.175 190 169 131 0.910 0
39.607 -33.734 0.176 193 163 132 0.910 0
41.292 -33.734 0.175 177 172 139 0.910 0
42.978 -33.734 0.174 185 177 134 0.910 0
44.663 -33.734 0.172 182 167 120 0.910 0
46.348 -33.734 0.169 176 172 133 0.910 0
48.034 -33.734 0.165 190 172 135 0.910 0
49.719 -33.734 0.161 188 168 121 0.910 0
51.404 -33.734 0.155 180 168 124 0.910 0
53.090 -33.734 0.150 181 175 122 0.910 0
54.775 -33.734 0.143 175 167 120 0.910 0
56.461 -33.734 0.136 187 165 132 0.910 0
58.146 -33.734 0.128 188 176 135 0.910 0
59.831 -33.734 0.120 187 177 128 0.910 0
61.517 -33.734 0.111 190 172 126 0.910 0
63.202 -33.734 0.101 178 177 134 0.910 0
64.888 -33.734 0.091 184 168 127 0.910 0
66.573 -33.734 0.081 189 171 131 0.910 0
68.258 -33.734 0.070 190 160 137 0.910 0
69.944 -33.734 0.059 177 160 122 0.910 0
71.629 -33.734 0.048 185 167 126 0.910 0
73.315 -33.734 0.036 194 164 128 0.910 0
75.000 -33.734 0.025 186 178 131 0.910 0
-75.000 -32.089 -0.032 48 145 69 0.820 3
-73.315 -32.089 -0.047 38 154 67 0.820 3
-71.629 -32.089 -0.062 45 150 71 0.820 3
-69.944 -32.089 -0.076 38 149 63 0.820 3
-68.258 -32.089 -0.091 44 174 69 0.820 3
-66.573 -32.089 -0.104 39 164 63 0.820 3
-64.888 -32.089 -0.118 49 171 68 0.820 3
-63.202 -32.089 -0.130 51 156 63 0.820 3
-61.517 -32.089 -0.143 43 170 69 0.820 3
-59.831 -32.089 -0.154 49 166 65 0.820 3
-58.146 -32.089 -0.165 50 153 72 0.820 3
-56.461 -32.089 -0.175 48 165 68 0.820 3
-54.775 -32.089 -0.184 47 152 58 0.820 3
-53.090 -32.089 -0.193 44 166 66 0.820 3
-36.236 -32.089 -0.225 49 167 57 0.820 3
-34.551 -32.089 -0.223 40 154 64 0.820 3
-32.865 -32.089 -0.219 41 158 58 0.820 3
-31.180 -32.089 -0.215 52 163 65 0.820 3
-29.494 -32.089 -0.210 185 170 124 0.910 0
-27.809 -32.089 -0.203 185 169 123 0.910 0
-26.124 -32.089 -0.196 187 170 133 0.910 0
-24.438 -32.089 -0.188 192 167 134 0.910 0
-22.753 -32.089 -0.179 190 177 127 0.910 0
-21.067 -32.089 -0.169 189 167 124 0.910 0
-19.382 -32.089 -0.159 176 173 139 0.910 0
-17.697 -32.089 -0.147 175 178 123 0.910 0
-16.011 -32.089 -0.135 193 175 128 0.910 0
-14.326 -32.089 -0.123 185 163 129 0.910 0
-12.640 -32.089 -0.110 175 176 135 0.910 0
-10.955 -32.089 -0.096 192 167 129 0.910 0
-9.270 -32.089 -0.082 193 166 127 0.910 0
-7.584 -32.089 -0.068 182 178 139 0.910 0
-5.899 -32.089 -0.053 179 166 120 0.910 0
-4.213 -32.089 -0.038 184 179 133 0.910 0
-2.528 -32.089 -0.023 185 179 123 0.910 0
-0.843 -32.089 -0.008 186 176 123 0.910 0
0.843 -32.089 0.008 193 174 127 0.910 0
2.528 -32.089 0.023 180 167 135 0.910 0
4.213 -32.089 0.038 188 167 124 0.910 0
5.899 -32.089 0.053 194 179 133 0.910 0
7.584 -32.089 0.068 184 177 133 0.910 0
9.270 -32.089 0.082 187 160 127 0.910 0
10.955 -32.089 0.096 182 178 135 0.910 0
12.640 -32.089 0.110 181 167 121 0.910 0
14.326 -32.089 0.123 180 171 137 0.910 0
16.011 -32.089 0.135 177 179 123 0.910 0
17.697 -32.089 0.147 179 160 122 0.910 0
19.382 -32.089 0.159 184 166 133 0.910 0
21.067 -32.089 0.169 190 169 125 0.910 0
22.753 -32.089 0.179 193 176 128 0.910 0
24.438 -32.089 0.188 176 163 132 0.910 0
26.124 -32.089 0.196 181 173 130 0.910 0
27.809 -32.089 0.203 191 164 132 0.910 0
29.494 -32.089 0.210 175 161 125 0.910 0
31.180 -32.089 0.215 188 171 130 0.910 0
32.865 -32.089 0.219 181 179 133 0.910 0
34.551 -32.089 0.223 178 165 135 0.910 0
36.236 -32.089 0.225 183 162 131 0.910 0
37.921 -32.089 0.226 180 168 128 0.910 0
39.607 -32.089 0.227 188 175 120 0.910 0
41.292 -32.089 0.226 178 163 126 0.910 0
42.978 -32.089 0.224 185 168 120 0.910 0
44.663 -32.089 0.221 187 176 123 0.910 0
46.348 -32.089 0.218 180 172 135 0.910 0
48.034 -32.089 0.213 193 166 132 0.910 0
49.719 -32.089 0.207 175 178 132 0.910 0
51.404 -32.089 0.200 179 161 120 0.910 0
53.090 -32.089 0.193 187 165 136 0.910 0
54.775 -32.089 0.184 185 161 127 0.910 0
56.461 -32.089 0.175 188 166 126 0.910 0
58.146 -32.089 0.165 178 168 128 0.910 0
59.831 -32.089 0.154 186 178 130 0.910 0
61.517 -32.089 0.143 193 169 128 0.910 0
63.202 -32.089 0.130 180 162 123 0.910 0
64.888 -32.089 0.118 188 167 120 0.910 0
66.573 -32.089 0.104 177 172 121 0.910 0
68.258 -32.089 0.091 184 176 132 0.910 0
69.944 -32.089 0.076 186 172 121 0.910 0
71.629 -32.089 0.062 185 169 137 0.910 0
73.315 -32.089 0.047 190 166 121 0.910 0
75.000 -32.089 0.032 179 163 121 0.910 0
-75.000 -30.443 -0.039 46 173 61 0.820 3
-73.315 -30.443 -0.057 45 171 68 0.820 3
-71.629 -30.443 -0.075 41 169 65 0.820 3
-69.944 -30.443 -0.093 50 164 66 0.820 3
-68.258 -30.443 -0.111 46 160 57 0.820 3
-66.573 -30.443 -0.127 42 153 70 0.820 3
-64.888 -30.443 -0.144 51 147 70 0.820 3
-63.202 -30.443 -0.159 42 168 57 0.820 3
-61.517 -30.443 -0.174 45 152 62 0.820 3
-59.831 -30.443 -0.188 43 174 57 0.820 3
-58.146 -30.443 -0.201 40 165 63 0.820 3
-56.461 -30.443 -0.214 46 148 65 0.820 3
-54.775 -30.443 -0.225 44 153 60 0.820 3
-53.090 -30.443 -0.235 47 163 68 0.820 3
-36.236 -30.443 -0.275 40 165 60 0.820 3
-34.551 -30.443 -0.272 47 157 67 0.820 3
-32.865 -30.443 -0.268 38 163 70 0.820 3
-31.180 -30.443 -0.262 51 170 70 0.820 3
-29.494 -30.443 -0.256 191 173 135 0.910 0
-27.809 -30.443 -0.248 178 170 134 0.910 0
-26.124 -30.443 -0.239 187 168 135 0.910 0
-24.438 -30.443 -0.229 185 171 123 0.910 0
-22.753 -30.443 -0.218 183 175 123 0.910 0
-21.067 -30.443 -0.206 183 162 136 0.910 0
-19.382 -30.443 -0.194 178 177 135 0.910 0
-17.697 -30.443 -0.180 176 166 138 0.910 0
-16.011 -30.443 -0.165 193 162 137 0.910 0
-14.326 -30.443 -0.150 181 166 123 0.910 0
-12.640 -30.443 -0.134 176 170 134 0.910 0
-10.955 -30.443 -0.117 179 172 127 0.910 0
-9.270 -30.443 -0.100 190 178 129 0.910 0
-7.584 -30.443 -0.083 175 171 130 0.910 0
-5.899 -30.443 -0.065 182 177 131 0.910 0
-4.213 -30.443 -0.046 180 168 131 0.910 0
-2.528 -30.443 -0.028 190 162 136 0.910 0
-0.843 -30.443 -0.009 192 168 131 0.910 0
0.843 -30.443 0.009 188 165 133 0.910 0
2.528 -30.443 0.028 185 169 128 0.910 0
4.213 -30.443 0.046 175 165 136 0.910 0
5.899 -30.443 0.065 188 166 127 0.910 0
7.584 -30.443 0.083 181 167 128 0.910 0
9.270 -30.443 0.100 180 173 121 0.910 0
10.955 -30.443 0.117 180 174 128 0.910 0
12.640 -30.443 0.134 193 179 123 0.910 0
14.326 -30.443 0.150 192 172 138 0.910 0
16.011 -30.443 0.165 187 176 131 0.910 0
17.697 -30.443 0.180 194 165 127 0.910 0
19.382 -30.443 0.194 194 163 120 0.910 0
21.067 -30.443 0.206 185 161 121 0.910 0
22.753 -30.443 0.218 185 171 128 0.910 0
24.438 -30.443 0.229 177 162 135 0.910 0
26.124 -30.443 0.239 175 178 120 0.910 0
27.809 -30.443 0.248 194 168 135 0.910 0
29.494 -30.443 0.256 181 171 134 0.910 0
31.180 -30.443 0.262 189 171 135 0.910 0
32.865 -30.443 0.268 193 171 129 0.910 0
34.551 -30.443 0.272 189 174 126 0.910 0
36.236 -30.443 0.275 183 174 130 0.910 0
37.921 -30.443 0.276 186 161 133 0.910 0
39.607 -30.443 0.277 185 160 134 0.910 0
41.292 -30.443 0.276 177 170 126 0.910 0
42.978 -30.443 0.274 187 173 124 0.910 0
44.663 -30.443 0.270 187 170 120 0.910 0
46.348 -30.443 0.266 183 171 126 0.910 0
48.034 -30.443 0.260 188 167 131 0.910 0
49.719 -30.443 0.253 193 163 122 0.910 0
51.404 -30.443 0.245 186 168 124 0.910 0
53.090 -30.443 0.235 186 173 133 0.910 0
54.775 -30.443 0.225 181 168 122 0.910 0
56.461 -30.443 0.214 193 160 134 0.910 0
58.146 -30.443 0.201 188 173 132 0.910 0
59.831 -30.443 0.188 179 174 136 0.910 0
61.517 -30.443 0.174 186 169 130 0.910 0
63.202 -30.443 0.159 192 172 135 0.910 0
64.888 -30.443 0.144 175 161 135 0.910 0
66.573 -30.443 0.127 183 170 123 0.910 0
68.258 -30.443 0.111 189 172 125 0.910 0
69.944 -30.443 0.093 193 162 133 0.910 0
71.629 -30.443 0.075 188 161 127 0.910 0
73.315 -30.443 0.057 176 176 125 0.910 0
75.000 -30.443 0.039 193 170 130 0.910 0
-75.000 -28.797 -0.046 45 169 63 0.820 3
-73.315 -28.797 -0.068 49 168 61 0.820 3
-71.629 -28.797 -0.089 47 165 68 0.820 3
-69.944 -28.797 -0.110 41 161 66 0.820 3
-68.258 -28.797 -0.130 41 147 70 0.820 3
-66.573 -28.797 -0.150 45 154 63 0.820 3
-64.888 -28.797 -0.169 38 146 58 0.820 3
-63.202 -28.797 -0.187 45 158 68 0.820 3
-61.517 -28.797 -0.205 51 159 65 0.820 3
-59.831 -28.797 -0.221 40 153 65 0.820 3
-58.146 -28.797 -0.237 45 151 64 0.820 3
-56.461 -28.797 -0.251 48 153 65 0.820 3
-54.775 -28.797 -0.265 48 166 68 0.820 3
-53.090 -28.797 -0.277 52 151 72 0.820 3
-36.236 -28.797 -0.323 37 154 72 0.820 3
-34.551 -28.797 -0.320 42 172 64 0.820 3
-32.865 -28.797 -0.315 49 145 57 0.820 3
-31.180 -28.797 -0.309 43 156 57 0.820 3
-29.494 -28.797 -0.301 192 168 120 0.910 0
-27.809 -28.797 -0.292 178 178 127 0.910 0
-26.124 -28.797 -0.281 184 171 139 0.910 0
-24.438 -28.797 -0.270 188 173 128 0.910 0
-22.753 -28.797 -0.257 181 171 133 0.910 0
-21.067 -28.797 -0.243 181 173 127 0.910 0
-19.382 -28.797 -0.228 176 168 132 0.910 0
-17.697 -28.797 -0.212 175 167 127 0.910 0
-16.011 -28.797 -0.194 189 170 127 0.910 0
-14.326 -28.797 -0.176 186 160 121 0.910 0
-12.640 -28.797 -0.158 186 168 137 0.910 0
-10.955 -28.797 -0.138 194 164 124 0.910 0
-9.270 -28.797 -0.118 188 166 132 0.910 0
-7.584 -28.797 -0.097 182 167 125 0.910 0
-5.899 -28.797 -0.076 178 167 137 0.910 0
-4.213 -28.797 -0.055 175 174 125 0.910 0
-2.528 -28.797 -0.033 188 167 122 0.910 0
-0.843 -28.797 -0.011 175 162 124 0.910 0
0.843 -28.797 0.011 186 170 137 0.910 0
2.528 -28.797 0.033 180 163 123 0.910 0
4.213 -28.797 0.055 191 179 126 0.910 0
5.899 -28.797 0.076 177 161 135 0.910 0
7.584 -28.797 0.097 183 167 123 0.910 0
9.270 -28.797 0.118 192 169 137 0.910 0
10.955 -28.797 0.138 183 160 126 0.910 0
12.640 -28.797 0.158 186 169 131 0.910 0
14.326 -28.797 0.176 192 174 128 0.910 0
16.011 -28.797 0.194 181 160 123 0.910 0
17.697 -28.797 0.212 186 165 122 0.910 0
19.382 -28.797 0.228 175 171 129 0.910 0
21.067 -28.797 0.243 178 175 139 0.910 0
22.753 -28.797 0.257 183 173 122 0.910 0
24.438 -28.797 0.270 181 179 121 0.910 0
26.124 -28.797 0.281 179 160 138 0.910 0
27.809 -28.797 0.292 178 176 127 0.910 0
29.494 -28.797 0.301 181 169 125 0.910 0
31.180 -28.797 0.309 176 163 128 0.910 0
32.865 -28.797 0.315 179 169 139 0.910 0
34.551 -28.797 0.320 175 177 134 0.910 0
36.236 -28.797 0.323 178 178 139 0.910 0
37.921 -28.797 0.325 182 161 132 0.910 0
39.607 -28.797 0.325 184 177 120 0.910 0
41.292 -28.797 0.324 194 179 139 0.910 0
42.978 -28.797 0.322 188 174 138 0.910 0
44.663 -28.797 0.318 175 178 128 0.910 0
46.348 -28.797 0.312 192 168 125 0.910 0
48.034 -28.797 0.306 183 174 120 0.910 0
49.719 -28.797 0.297 186 170 128 0.910 0
51.404 -28.797 0.288 181 177 126 0.910 0
53.090 -28.797 0.277 183 161 130 0.910 0
54.775 -28.797 0.265 190 169 131 0.910 0
56.461 -28.797 0.251 178 174 123 0.910 0
58.146 -28.797 0.237 184 164 135 0.910 0
59.831 -28.797 0.221 182 168 138 0.910 0
61.517 -28.797 0.205 183 164 134 0.910 0
63.202 -28.797 0.187 175 160 131 0.910 0
64.888 -28.797 0.169 191 164 134 0.910 0
66.573 -28.797 0.150 181 174 126 0.910 0
68.258 -28.797 0.130 192 160 139 0.910 0
69.944 -28.797 0.110 175 179 122 0.910 0
71.629 -28.797 0.089 179 163 136 0.910 0
73.315 -28.797 0.068 175 179 121 0.910 0
75.000 -28.797 0.046 192 174 134 0.910 0
-75.000 -27.152 -0.053 50 162 70 0.820 3
-73.315 -27.152 -0.077 50 160 58 0.820 3
-71.629 -27.152 -0.102 51 174 66 0.820 3
-69.944 -27.152 -0.126 37 173 63 0.820 3
-68.258 -27.152 -0.149 40 171 58 0.820 3
-66.573 -27.152 -0.172 41 172 58 0.820 3
-64.888 -27.152 -0.194 47 174 70 0.820 3
-63.202 -27.152 -0.215 43 149 67 0.820 3
-61.517 -27.152 -0.235 42 147 72 0.820 3
-59.831 -27.152 -0.254 46 159 71 0.820 3
-58.146 -27.152 -0.271 52 163 59 0.820 3
-56.461 -27.152 -0.288 41 174 72 0.820 3
-54.775 -27.152 -0.303 48 172 65 0.820 3
-53.090 -27.152 -0.317 49 149 61 0.820 3
-51.404 -27.152 -0.330 51 155 70 0.820 3
-49.719 -27.152 -0.341 43 173 67 0.820 3
-48.034 -27.152 -0.350 46 165 62 0.820 3
-46.348 -27.152 -0.358 41 169 72 0.820 3
-44.663 -27.152 -0.364 52 148 63 0.820 3
-42.978 -27.152 -0.369 37 150 68 0.820 3
-41.292 -27.152 -0.372 49 146 60 0.820 3
-39.607 -27.152 -0.373 49 166 62 0.820 3
-37.921 -27.152 -0.372 41 151 64 0.820 3
-36.236 -27.152 -0.370 50 165 57 0.820 3
-34.551 -27.152 -0.366 41 164 72 0.820 3
-32.865 -27.152 -0.361 46 174 71 0.820 3
-31.180 -27.152 -0.353 46 145 57 0.820 3
-29.494 -27.152 -0.345 188 177 133 0.910 0
-27.809 -27.152 -0.334 182 177 134 0.910 0
-26.124 -27.152 -0.322 188 169 127 0.910 0
-24.438 -27.152 -0.309 184 168 132 0.910 0
-22.753 -27.152 -0.294 189 160 131 0.910 0
-21.067 -27.152 -0.278 176 178 123 0.910 0
-19.382 -27.152 -0.261 179 167 126 0.910 0
-17.697 -27.152 -0.242 185 174 125 0.910 0
-16.011 -27.152 -0.223 193 161 129 0.910 0
-14.326 -27.152 -0.202 193 167 124 0.910 0
-12.640 -27.152 -0.181 181 162 126 0.910 0
-10.955 -27.152 -0.158 176 164 129 0.910 0
-9.270 -27.152 -0.135 193 164 130 0.910 0
-7.584 -27.152 -0.111 183 165 123 0.910 0
-5.899 -27.152 -0.087 190 174 135 0.910 0
-4.213 -27.152 -0.063 185 170 130 0.910 0
-2.528 -27.152 -0.038 188 169 139 0.910 0
-0.843 -27.152 -0.013 177 167 136 0.910 0
0.843 -27.152 0.013 190 161 137 0.910 0
2.528 -27.152 0.038 183 179 128 0.910 0
4.213 -27.152 0.063 178 167 129 0.910 0
5.899 -27.152 0.087 194 164 122 0.910 0
7.584 -27.152 0.111 175 166 127 0.910 0
9.270 -27.152 0.135 184 161 137 0.910 0
10.955 -27.152 0.158 188 165 129 0.910 0
12.640 -27.152 0.181 191 170 132 0.910 0
14.326 -27.152 0.202 185 179 120 0.910 0
16.011 -27.152 0.223 185 168 125 0.910 0
17.697 -27.152 0.242 183 174 128 0.910 0
19.382 -27.152 0.261 189 167 135 0.910 0
21.067 -27.152 0.278 182 172 122 0.910 0
22.753 -27.152 0.294 184 174 128 0.910 0
24.438 -27.152 0.309 177 169 133 0.910 0
26.124 -27.152 0.322 187 179 120 0.910 0
27.809 -27.152 0.334 192 178 126 0.910 0
29.494 -27.152 0.345 190 177 123 0.910 0
31.180 -27.152 0.353 179 174 124 0.910 0
32.865 -27.152 0.361 186 169 123 0.910 0
34.551 -27.152 0.366 184 172 139 0.910 0
36.236 -27.152 0.370 186 171 131 0.910 0
37.921 -27.152 0.372 187 172 139 0.910 0
39.607 -27.152 0.373 179 162 138 0.910 0
41.292 -27.152 0.372 177 172 128 0.910 0
42.978 -27.152 0.369 186 171 128 0.910 0
44.663 -27.152 0.364 191 162 125 0.910 0
46.348 -27.152 0.358 183 167 123 0.910 0
48.034 -27.152 0.350 191 174 137 0.910 0
49.719 -27.152 0.341 182 173 129 0.910 0
51.404 -27.152 0.330 183 160 131 0.910 0
53.090 -27.152 0.317 178 173 133 0.910 0
54.775 -27.152 0.303 177 173 130 0.910 0
56.461 -27.152 0.288 180 163 138 0.910 0
58.146 -27.152 0.271 181 164 129 0.910 0
59.831 -27.152 0.254 192 175 133 0.910 0
61.517 -27.152 0.235 177 165 132 0.910 0
63.202 -27.152 0.215 185 166 129 0.910 0
64.888 -27.152 0.194 186 163 122 0.910 0
66.573 -27.152 0.172 176 160 123 0.910 0
68.258 -27.152 0.149 192 161 131 0.910 0
69.944 -27.152 0.126 183 161 139 0.910 0
71.629 -27.152 0.102 179 164 135 0.910 0
73.315 -27.152 0.077 184 165 137 0.910 0
75.000 -27.152 0.053 193 170 128 0.910 0
-75.000 -25.506 -0.059 39 169 67 0.820 3
-73.315 -25.506 -0.087 48 145 68 0.820 3
-71.629 -25.506 -0.114 46 154 72 0.820 3
-69.944 -25.506 -0.141 45 145 66 0.820 3
-68.258 -25.506 -0.167 45 152 63 0.820 3
-66.573 -25.506 -0.193 40 163 71 0.820 3
-64.888 -25.506 -0.217 37 149 58 0.820 3
-63.202 -25.506 -0.241 44 174 68 0.820 3
-61.517 -25.506 -0.263 41 164 59 0.820 3
-59.831 -25.506 -0.285 40 172 68 0.820 3
-58.146 -25.506 -0.305 50 153 68 0.820 3
-56.461 -25.506 -0.323 41 153 67 0.820 3
-54.775 -25.506 -0.341 52 170 64 0.820 3
-53.090 -25.506 -0.356 52 150 69 0.820 3
-51.404 -25.506 -0.370 45 152 58 0.820 3
-49.719 -25.506 -0.382 50 170 66 0.820 3
-48.034 -25.506 -0.393 50 166 69 0.820 3
-46.348 -25.506 -0.402 45 159 67 0.820 3
-44.663 -25.506 -0.409 46 149 72 0.820 3
-42.978 -25.506 -0.414 41 151 57 0.820 3
-41.292 -25.506 -0.417 51 161 58 0.820 3
-39.607 -25.506 -0.418 44 170 58 0.820 3
-37.921 -25.506 -0.418 38 160 70 0.820 3
-36.236 -25.506 -0.415 37 161 65 0.820 3
-34.551 -25.506 -0.411 39 151 59 0.820 3
-32.865 -25.506 -0.405 37 151 58 0.820 3
-31.180 -25.506 -0.397 42 150 70 0.820 3
-29.494 -25.506 -0.387 188 165 138 0.910 0
-27.809 -25.506 -0.375 185 164 132 0.910 0
-26.124 -25.506 -0.362 187 174 124 0.910 0
-24.438 -25.506 -0.347 183 177 137 0.910 0
-22.753 -25.506 -0.330 190 174 133 0.910 0
-21.067 -25.506 -0.312 183 170 126 0.910 0
-19.382 -25.506 -0.293 191 164 124 0.910 0
-17.697 -25.506 -0.272 190 168 132 0.910 0
-16.011 -25.506 -0.250 185 173 139 0.910 0
-14.326 -25.506 -0.227 177 161 128 0.910 0
-12.640 -25.506 -0.203 188 166 133 0.910 0
-10.955 -25.506 -0.178 181 174 124 0.910 0
-9.270 -25.506 -0.152 186 179 132 0.910 0
-7.584 -25.506 -0.125 182 163 129 0.910 0
-5.899 -25.506 -0.098 181 167 122 0.910 0
-4.213 -25.506 -0.070 183 179 136 0.910 0
-2.528 -25.506 -0.042 192 169 139 0.910 0
-0.843 -25.506 -0.014 185 169 136 0.910 0
0.843 -25.506 0.014 178 167 134 0.910 0
2.528 -25.506 0.042 188 171 127 0.910 0
4.213 -25.506 0.070 194 169 123 0.910 0
5.899 -25.506 0.098 186 175 125 0.910 0
7.584 -25.506 0.125 183 175 132 0.910 0
9.270 -25.506 0.152 193 179 131 0.910 0
10.955 -25.506 0.178 194 174 131 0.910 0
12.640 -25.506 0.203 180 165 120 0.910 0
14.326 -25.506 0.227 194 175 131 0.910 0
16.011 -25.506 0.250 186 170 124 0.910 0
17.697 -25.506 0.272 187 168 125 0.910 0
19.382 -25.506 0.293 178 160 129 0.910 0
21.067 -25.506 0.312 190 175 127 0.910 0
22.753 -25.506 0.330 175 172 137 0.910 0
24.438 -25.506 0.347 189 160 125 0.910 0
26.124 -25.506 0.362 192 174 120 0.910 0
27.809 -25.506 0.375 188 176 129 0.910 0
29.494 -25.506 0.387 193 174 126 0.910 0
31.180 -25.506 0.397 187 177 133 0.910 0
32.865 -25.506 0.405 180 166 122 0.910 0
34.551 -25.506 0.411 183 164 124 0.910 0
36.236 -25.506 0.415 186 165 126 0.910 0
37.921 -25.506 0.418 177 160 126 0.910 0
39.607 -25.506 0.418 179 165 139 0.910 0
41.292 -25.506 0.417 178 163 132 0.910 0
42.978 -25.506 0.414 178 170 139 0.910 0
44.663 -25.506 0.409 181 177 134 0.910 0
46.348 -25.506 0.402 191 179 124 0.910 0
48.034 -25.506 0.393 190 162 128 0.910 0
49.719 -25.506 0.382 189 161 133 0.910 0
51.404 -25.506 0.370 186 176 126 0.910 0
53.090 -25.506 0.356 177 174 123 0.910 0
54.775 -25.506 0.341 188 173 121 0.910 0
56.461 -25.506 0.323 191 178 121 0.910 0
58.146 -25.506 0.305 177 176 134 0.910 0
59.831 -25.506 0.285 185 178 138 0.910 0
61.517 -25.506 0.263 194 172 126 0.910 0
63.202 -25.506 0.241 178 174 123 0.910 0
64.888 -25.506 0.217 190 168 136 0.910 0
66.573 -25.506 0.193 194 160 123 0.910 0
68.258 -25.506 0.167 176 176 121 0.910 0
69.944 -25.506 0.141 180 166 128 0.910 0
71.629 -25.506 0.114 178 170 123 0.910 0
73.315 -25.506 0.087 191 166 123 0.910 0
75.000 -25.506 0.059 177 171 123 0.910 0
-75.000 -23.861 -0.065 47 155 63 0.820 3
-73.315 -23.861 -0.096 44 157 59 0.820 3
-71.629 -23.861 -0.126 44 146 70 0.820 3
-69.944 -23.861 -0.156 44 165 64 0.820 3
-68.258 -23.861 -0.185 38 154 64 0.820 3
-66.573 -23.861 -0.213 44 166 70 0.820 3
-64.888 -23.861 -0.240 40 149 57 0.820 3
-63.202 -23.861 -0.266 44 153 69 0.820 3
-61.517 -23.861 -0.291 39 168 61 0.820 3
-59.831 -23.861 -0.315 38 156 65 0.820 3
-58.146 -23.861 -0.337 38 174 66 0.820 3
-56.461 -23.861 -0.357 39 170 64 0.820 3
-54.775 -23.861 -0.376 47 159 60 0.820 3
-53.090 -23.861 -0.394 47 150 71 0.820 3
-51.404 -23.861 -0.409 44 148 69 0.820 3
-49.719 -23.861 -0.423 38 152 62 0.820 3
-48.034 -23.861 -0.434 38 157 61 0.820 3
-46.348 -23.861 -0.444 50 148 58 0.820 3
-44.663 -23.861 -0.452 50 164 70 0.820 3
-42.978 -23.861 -0.457 37 151 66 0.820 3
-41.292 -23.861 -0.461 44 174 67 0.820 3
-39.607 -23.861 -0.462 42 156 63 0.820 3
-37.921 -23.861 -0.462 43 153 64 0.820 3
-36.236 -23.861 -0.459 50 167 61 0.820 3
-34.551 -23.861 -0.454 38 154 64 0.820 3
-32.865 -23.861 -0.447 44 174 61 0.820 3
-31.180 -23.861 -0.438 50 164 71 0.820 3
-29.494 -23.861 -0.428 193 179 132 0.910 0
-27.809 -23.861 -0.415 193 163 130 0.910 0
-26.124 -23.861 -0.400 191 176 120 0.910 0
-24.438 -23.861 -0.383 175 175 123 0.910 0
-22.753 -23.861 -0.365 184 164 135 0.910 0
-21.067 -23.861 -0.345 184 172 122 0.910 0
-19.382 -23.861 -0.324 176 164 126 0.910 0
-17.697 -23.861 -0.301 183 175 135 0.910 0
-16.011 -23.861 -0.276 192 164 138 0.910 0
-14.326 -23.861 -0.251 191 168 133 0.910 0
-12.640 -23.861 -0.224 179 179 131 0.910 0
-10.955 -23.861 -0.196 178 173 139 0.910 0
-9.270 -23.861 -0.168 175 167 131 0.910 0
-7.584 -23.861 -0.138 177 172 123 0.910 0
-5.899 -23.861 -0.108 180 163 129 0.910 0
-4.213 -23.861 -0.078 188 177 129 0.910 0
-2.528 -23.861 -0.047 184 173 135 0.910 0
-0.843 -23.861 -0.016 186 166 136 0.910 0
0.843 -23.861 0.016 191 177 132 0.910 0
2.528 -23.861 0.047 177 160 127 0.910 0
4.213 -23.861 0.078 186 174 136 0.910 0
5.899 -23.861 0.108 185 178 124 0.910 0
7.584 -23.861 0.138 176 162 132 0.910 0
9.270 -23.861 0.168 182 166 135 0.910 0
10.955 -23.861 0.196 178 179 126 0.910 0
12.640 -23.861 0.224 180 168 129 0.910 0
14.326 -23.861 0.251 181 174 128 0.910 0
16.011 -23.861 0.276 193 176 129 0.910 0
17.697 -23.861 0.301 189 163 122 0.910 0
19.382 -23.861 0.324 187 174 136 0.910 0
21.067 -23.861 0.345 183 176 126 0.910 0
22.753 -23.861 0.365 188 165 123 0.910 0
24.438 -23.861 0.383 191 171 134 0.910 0
26.124 -23.861 0.400 179 175 136 0.910 0
27.809 -23.861 0.415 186 161 127 0.910 0
29.494 -23.861 0.428 185 175 121 0.910 0
31.180 -23.861 0.438 188 162 132 0.910 0
32.865 -23.861 0.447 179 162 134 0.910 0
34.551 -23.861 0.454 185 171 122 0.910 0
36.236 -23.861 0.459 181 161 121 0.910 0
37.921 -23.861 0.462 182 164 130 0.910 0
39.607 -23.861 0.462 182 174 131 0.910 0
41.292 -23.861 0.461 185 173 136 0.910 0
42.978 -23.861 0.457 184 166 123 0.910 0
44.663 -23.861 0.452 183 178 129 0.910 0
46.348 -23.861 0.444 178 172 121 0.910 0
48.034 -23.861 0.434 175 161 127 0.910 0
49.719 -23.861 0.423 190 169 133 0.910 0
51.404 -23.861 0.409 177 167 125 0.910 0
53.090 -23.861 0.394 185 176 131 0.910 0
54.775 -23.861 0.376 178 173 138 0.910 0
56.461 -23.861 0.357 177 163 120 0.910 0
58.146 -23.861 0.337 180 173 138 0.910 0
59.831 -23.861 0.315 190 171 131 0.910 0
61.517 -23.861 0.291 179 163 122 0.910 0
63.202 -23.861 0.266 193 166 134 0.910 0
64.888 -23.861 0.240 191 170 134 0.910 0
66.573 -23.861 0.213 184 168 138 0.910 0
68.258 -23.861 0.185 194 176 121 0.910 0
69.944 -23.861 0.156 176 164 137 0.910 0
71.629 -23.861 0.126 181 162 139 0.910 0
73.315 -23.861 0.096 175 162 130 0.910 0
75.000 -23.861 0.065 185 164 122 0.910 0
-75.000 -22.215 -0.071 50 148 67 0.820 3
-73.315 -22.215 -0.105 44 150 62 0.820 3
-71.629 -22.215 -0.138 48 156 68 0.820 3
-69.944 -22.215 -0.170 44 172 68 0.820 3
-68.258 -22.215 -0.202 43 145 68 0.820 3
-66.573 -22.215 -0.232 44 157 59 0.820 3
-64.888 -22.215 -0.262 52 167 63 0.820 3
-63.202 -22.215 -0.290 46 155 70 0.820 3
-61.517 -22.215 -0.318 49 165 69 0.820 3
-59.831 -22.215 -0.343 37 168 65 0.820 3
-58.146 -22.215 -0.367 42 156 61 0.820 3
-56.461 -22.215 -0.390 43 147 62 0.820 3
-54.775 -22.215 -0.410 38 151 60 0.820 3
-53.090 -22.215 -0.429 51 147 60 0.820 3
-51.404 -22.215 -0.446 49 160 65 0.820 3
-49.719 -22.215 -0.461 38 174 60 0.820 3
-48.034 -22.215 -0.474 49 146 62 0.820 3
-46.348 -22.215 -0.484 41 161 64 0.820 3
-44.663 -22.215 -0.493 43 151 59 0.820 3
-42.978 -22.215 -0.499 51 160 63 0.820 3
-41.292 -22.215 -0.503 45 174 63 0.820 3
-39.607 -22.215 -0.504 47 172 60 0.820 3
-37.921 -22.215 -0.504 39 174 69 0.820 3
-36.236 -22.215 -0.501 42 172 70 0.820 3
-34.551 -22.215 -0.495 45 172 58 0.820 3
-32.865 -22.215 -0.488 40 155 57 0.820 3
-31.180 -22.215 -0.478 40 162 72 0.820 3
-29.494 -22.215 -0.466 175 173 132 0.910 0
-27.809 -22.215 -0.452 185 173 137 0.910 0
-26.124 -22.215 -0.436 176 162 127 0.910 0
-24.438 -22.215 -0.418 188 170 133 0.910 0
-22.753 -22.215 -0.398 191 174 125 0.910 0
-21.067 -22.215 -0.377 193 174 136 0.910 0
-19.382 -22.215 -0.353 190 169 127 0.910 0
-17.697 -22.215 -0.328 182 169 123 0.910 0
-16.011 -22.215 -0.301 193 172 128 0.910 0
-14.326 -22.215 -0.273 192 170 128 0.910 0
-12.640 -22.215 -0.244 177 173 120 0.910 0
-10.955 -22.215 -0.214 188 171 135 0.910 0
-9.270 -22.215 -0.183 180 160 138 0.910 0
-7.584 -22.215 -0.151 179 173 129 0.910 0
-5.899 -22.215 -0.118 180 170 130 0.910 0
-4.213 -22.215 -0.085 191 179 133 0.910 0
-2.528 -22.215 -0.051 177 166 125 0.910 0
-0.843 -22.215 -0.017 175 178 135 0.910 0
0.843 -22.215 0.017 181 173 129 0.910 0
2.528 -22.215 0.051 179 161 130 0.910 0
4.213 -22.215 0.085 192 161 139 0.910 0
5.899 -22.215 0.118 181 171 130 0.910 0
7.584 -22.215 0.151 182 172 120 0.910 0
9.270 -22.215 0.183 175 169 139 0.910 0
10.955 -22.215 0.214 181 178 136 0.910 0
12.640 -22.215 0.244 185 166 138 0.910 0
14.326 -22.215 0.273 193 174 132 0.910 0
16.011 -22.215 0.301 193 166 125 0.910 0
17.697 -22.215 0.328 194 173 134 0.910 0
19.382 -22.215 0.353 192 173 130 0.910 0
21.067 -22.215 0.377 189 174 124 0.910 0
22.753 -22.215 0.398 192 166 134 0.910 0
24.438 -22.215 0.418 182 173 130 0.910 0
26.124 -22.215 0.436 180 160 134 0.910 0
27.809 -22.215 0.452 176 173 129 0.910 0
29.494 -22.215 0.466 184 175 126 0.910 0
31.180 -22.215 0.478 186 168 138 0.910 0
32.865 -22.215 0.488 182 168 133 0.910 0
34.551 -22.215 0.495 179 168 123 0.910 0
36.236 -22.215 0.501 181 164 123 0.910 0
37.921 -22.215 0.504 185 160 137 0.910 0
39.607 -22.215 0.504 183 173 121 0.910 0
41.292 -22.215 0.503 180 179 136 0.910 0
42.978 -22.215 0.499 192 177 133 0.910 0
44.663 -22.215 0.493 193 173 136 0.910 0
46.348 -22.215 0.484 189 178 130 0.910 0
48.034 -22.215 0.474 178 163 126 0.910 0
49.719 -22.215 0.461 192 161 136 0.910 0
51.404 -22.215 0.446 190 175 123 0.910 0
53.090 -22.215 0.429 185 177 133 0.910 0
54.775 -22.215 0.410 184 163 126 0.910 0
56.461 -22.215 0.390 181 172 139 0.910 0
58.146 -22.215 0.367 180 164 137 0.910 0
59.831 -22.215 0.343 178 175 135 0.910 0
61.517 -22.215 0.318 194 163 134 0.910 0
63.202 -22.215 0.290 191 171 126 0.910 0
64.888 -22.215 0.262 185 176 125 0.910 0
66.573 -22.215 0.232 181 173 124 0.910 0
68.258 -22.215 0.202 177 173 134 0.910 0
69.944 -22.215 0.170 179 162 121 0.910 0
71.629 -22.215 0.138 182 179 138 0.910 0
73.315 -22.215 0.105 188 168 129 0.910 0
75.000 -22.215 0.071 190 167 125 0.910 0
-75.000 -20.570 -0.077 61 69 78 0.940 1
-73.315 -20.570 -0.113 62 72 73 0.940 1
-71.629 -20.570 -0.149 52 149 65 0.820 3
-69.944 -20.570 -0.183 39 166 65 0.820 3
-68.258 -20.570 -0.218 45 165 65 0.820 3
-66.573 -20.570 -0.251 50 153 59 0.820 3
-64.888 -20.570 -0.283 49 146 59 0.820 3
-63.202 -20.570 -0.313 50 154 63 0.820 3
-61.517 -20.570 -0.343 48 164 58 0.820 3
-59.831 -20.570 -0.370 37 170 67 0.820 3
-58.146 -20.570 -0.396 50 163 65 0.820 3
-56.461 -20.570 -0.420 42 158 72 0.820 3
-54.775 -20.570 -0.443 52 151 66 0.820 3
-53.090 -20.570 -0.463 47 147 71 0.820 3
-51.404 -20.570 -0.481 50 166 58 0.820 3
-49.719 -20.570 -0.497 37 161 72 0.820 3
-48.034 -20.570 -0.511 43 147 64 0.820 3
-46.348 -20.570 -0.522 38 167 63 0.820 3
-44.663 -20.570 -0.532 40 153 65 0.820 3
-42.978 -20.570 -0.538 51 150 68 0.820 3
-41.292 -20.570 -0.542 47 147 66 0.820 3
-39.607 -20.570 -0.544 47 174 65 0.820 3
-37.921 -20.570 -0.543 41 166 65 0.820 3
-36.236 -20.570 -0.540 50 164 64 0.820 3
-34.551 -20.570 -0.534 51 164 70 0.820 3
-32.865 -20.570 -0.526 48 151 72 0.820 3
-31.180 -20.570 -0.516 50 170 68 0.820 3
-29.494 -20.570 -0.503 183 164 121 0.910 0
-27.809 -20.570 -0.488 176 166 131 0.910 0
-26.124 -20.570 -0.471 189 174 136 0.910 0
-24.438 -20.570 -0.451 181 178 136 0.910 0
-22.753 -20.570 -0.430 183 167 125 0.910 0
-21.067 -20.570 -0.406 180 170 129 0.910 0
-19.382 -20.570 -0.381 190 170 124 0.910 0
-17.697 -20.570 -0.354 190 164 133 0.910 0
-16.011 -20.570 -0.325 189 166 139 0.910 0
-14.326 -20.570 -0.295 182 168 131 0.910 0
-12.640 -20.570 -0.264 190 175 131 0.910 0
-10.955 -20.570 -0.231 189 163 131 0.910 0
-9.270 -20.570 -0.197 187 165 137 0.910 0
-7.584 -20.570 -0.163 185 162 129 0.910 0
-5.899 -20.570 -0.127 194 164 123 0.910 0
-4.213 -20.570 -0.091 188 175 127 0.910 0
-2.528 -20.570 -0.055 190 168 139 0.910 0
-0.843 -20.570 -0.018 176 169 125 0.910 0
0.843 -20.570 0.018 186 179 134 0.910 0
2.528 -20.570 0.055 176 167 136 0.910 0
4.213 -20.570 0.091 192 160 131 0.910 0
5.899 -20.570 0.127 184 161 135 0.910 0
24.438 -20.570 0.451 181 179 127 0.910 0
26.124 -20.570 0.471 176 170 126 0.910 0
27.809 -20.570 0.488 177 169 135 0.910 0
29.494 -20.570 0.503 181 178 125 0.910 0
31.180 -20.570 0.516 192 160 124 0.910 0
32.865 -20.570 0.526 190 174 135 0.910 0
34.551 -20.570 0.534 190 174 127 0.910 0
36.236 -20.570 0.540 181 167 127 0.910 0
37.921 -20.570 0.543 190 177 131 0.910 0
39.607 -20.570 0.544 188 173 139 0.910 0
41.292 -20.570 0.542 175 168 131 0.910 0
42.978 -20.570 0.538 194 168 130 0.910 0
44.663 -20.570 0.532 182 176 130 0.910 0
46.348 -20.570 0.522 193 160 123 0.910 0
48.034 -20.570 0.511 179 179 124 0.910 0
49.719 -20.570 0.497 181 167 121 0.910 0
51.404 -20.570 0.481 186 171 134 0.910 0
53.090 -20.570 0.463 177 178 131 0.910 0
54.775 -20.570 0.443 188 174 132 0.910 0
56.461 -20.570 0.420 178 164 133 0.910 0
58.146 -20.570 0.396 184 176 130 0.910 0
59.831 -20.570 0.370 178 173 131 0.910 0
61.517 -20.570 0.343 181 160 124 0.910 0
63.202 -20.570 0.313 183 162 122 0.910 0
64.888 -20.570 0.283 178 167 137 0.910 0
66.573 -20.570 0.251 185 171 135 0.910 0
68.258 -20.570 0.218 182 176 126 0.910 0
69.944 -20.570 0.183 194 175 129 0.910 0
71.629 -20.570 0.149 187 179 127 0.910 0
73.315 -20.570 0.113 180 171 129 0.910 0
75.000 -20.570 0.077 187 163 120 0.910 0
-75.000 -18.924 -0.082 69 69 77 0.940 1
-73.315 -18.924 -0.121 60 64 70 0.940 1
-71.629 -18.924 -0.159 67 66 72 0.940 1
-69.944 -18.924 -0.196 60 66 79 0.940 1
-68.258 -18.924 -0.232 64 71 72 0.940 1
-66.573 -18.924 -0.268 65 64 73 0.940 1
-64.888 -18.924 -0.302 68 72 77 0.940 1
-63.202 -18.924 -0.335 52 168 58 0.820 3
-61.517 -18.924 -0.366 43 167 67 0.820 3
-59.831 -18.924 -0.396 42 152 59 0.820 3
-58.146 -18.924 -0.424 52 158 58 0.820 3
-56.461 -18.924 -0.449 50 171 68 0.820 3
-54.775 -18.924 -0.473 47 154 57 0.820 3
-53.090 -18.924 -0.495 47 158 68 0.820 3
-51.404 -18.924 -0.514 38 162 65 0.820 3
-49.719 -18.924 -0.531 40 149 70 0.820 3
-48.034 -18.924 -0.546 37 158 62 0.820 3
-46.348 -18.924 -0.558 50 169 64 0.820 3
-44.663 -18.924 -0.568 38 168 57 0.820 3
-42.978 -18.924 -0.575 37 160 67 0.820 3
-41.292 -18.924 -0.580 38 154 66 0.820 3
-39.607 -18.924 -0.581 46 146 61 0.820 3
-37.921 -18.924 -0.581 39 167 64 0.820 3
-36.236 -18.924 -0.577 47 146 71 0.820 3
-34.551 -18.924 -0.571 40 173 65 0.820 3
-32.865 -18.924 -0.563 49 145 71 0.820 3
-31.180 -18.924 -0.551 50 147 65 0.820 3
-29.494 -18.924 -0.538 180 166 137 0.910 0
-27.809 -18.924 -0.521 181 177 126 0.910 0
-26.124 -18.924 -0.503 191 168 122 0.910 0
-24.438 -18.924 -0.482 194 165 127 0.910 0
-22.753 -18.924 -0.459 177 161 133 0.910 0
-21.067 -18.924 -0.434 184 169 138 0.910 0
-19.382 -18.924 -0.407 192 160 135 0.910 0
-17.697 -18.924 -0.378 189 179 128 0.910 0
-16.011 -18.924 -0.348 175 177 139 0.910 0
-14.326 -18.924 -0.315 189 161 127 0.910 0
-12.640 -18.924 -0.282 194 175 128 0.910 0
-10.955 -18.924 -0.247 184 170 139 0.910 0
-9.270 -18.924 -0.211 181 174 135 0.910 0
-7.584 -18.924 -0.174 187 177 130 0.910 0
-5.899 -18.924 -0.136 175 172 123 0.910 0
-4.213 -18.924 -0.098 186 174 135 0.910 0
-2.528 -18.924 -0.059 186 173 135 0.910 0
-0.843 -18.924 -0.020 186 164 135 0.910 0
0.843 -18.924 0.020 176 168 133 0.910 0
2.528 -18.924 0.059 182 173 138 0.910 0
4.213 -18.924 0.098 176 160 125 0.910 0
5.899 -18.924 0.136 184 170 139 0.910 0
24.438 -18.924 0.482 182 166 126 0.910 0
26.124 -18.924 0.503 184 165 130 0.910 0
27.809 -18.924 0.521 175 162 132 0.910 0
29.494 -18.924 0.538 185 166 124 0.910 0
31.180 -18.924 0.551 186 171 131 0.910 0
32.865 -18.924 0.563 187 178 124 0.910 0
34.551 -18.924 0.571 184 170 120 0.910 0
36.236 -18.924 0.577 176 174 124 0.910 0
37.921 -18.924 0.581 182 163 138 0.910 0
39.607 -18.924 0.581 186 165 123 0.910 0
41.292 -18.924 0.580 176 173 134 0.910 0
42.978 -18.924 0.575 183 169 132 0.910 0
44.663 -18.924 0.568 178 177 138 0.910 0
46.348 -18.924 0.558 192 168 135 0.910 0
48.034 -18.924 0.546 178 171 133 0.910 0
49.719 -18.924 0.531 178 174 123 0.910 0
51.404 -18.924 0.514 180 168 126 0.910 0
53.090 -18.924 0.495 194 166 123 0.910 0
54.775 -18.924 0.473 186 160 131 0.910 0
56.461 -18.924 0.449 180 164 130 0.910 0
58.146 -18.924 0.424 192 166 138 0.910 0
59.831 -18.924 0.396 175 168 130 0.910 0
61.517 -18.924 0.366 185 162 139 0.910 0
63.202 -18.924 0.335 181 167 135 0.910 0
64.888 -18.924 0.302 192 177 134 0.910 0
66.573 -18.924 0.268 177 163 131 0.910 0
68.258 -18.924 0.232 180 173 138 0.910 0
69.944 -18.924 0.196 193 174 134 0.910 0
71.629 -18.924 0.159 187 173 120 0.910 0
73.315 -18.924 0.121 178 166 124 0.910 0
75.000 -18.924 0.082 182 160 124 0.910 0
-75.000 -17.278 -0.087 62 68 78 0.940 1
-73.315 -17.278 -0.128 66 67 71 0.940 1
-71.629 -17.278 -0.168 63 66 74 0.940 1
-69.944 -17.278 -0.208 69 71 78 0.940 1
-68.258 -17.278 -0.246 62 70 77 0.940 1
-66.573 -17.278 -0.284 60 66 72 0.940 1
-64.888 -17.278 -0.320 64 69 74 0.940 1
-63.202 -17.278 -0.355 67 72 77 0.940 1
-61.517 -17.278 -0.388 67 71 74 0.940 1
-59.831 -17.278 -0.419 64 72 72 0.940 1
-58.146 -17.278 -0.449 63 68 71 0.940 1
-56.461 -17.278 -0.476 63 63 72 0.940 1
-54.775 -17.278 -0.502 50 156 66 0.820 3
-53.090 -17.278 -0.525 40 151 62 0.820 3
-51.404 -17.278 -0.545 47 170 70 0.820 3
-49.719 -17.278 -0.563 49 156 63 0.820 3
-48.034 -17.278 -0.579 47 170 68 0.820 3
-46.348 -17.278 -0.592 37 148 63 0.820 3
-44.663 -17.278 -0.602 52 156 62 0.820 3
-42.978 -17.278 -0.610 41 154 65 0.820 3
-41.292 -17.278 -0.614 49 153 65 0.820 3
-39.607 -17.278 -0.616 44 147 57 0.820 3
-37.921 -17.278 -0.616 45 154 69 0.820 3
-36.236 -17.278 -0.612 46 165 72 0.820 3
-34.551 -17.278 -0.605 43 168 72 0.820 3
-32.865 -17.278 -0.596 52 153 57 0.820 3
-31.180 -17.278 -0.584 37 150 71 0.820 3
-29.494 -17.278 -0.570 180 172 136 0.910 0
-27.809 -17.278 -0.553 190 175 128 0.910 0
-26.124 -17.278 -0.533 194 171 127 0.910 0
-24.438 -17.278 -0.511 191 176 121 0.910 0
-22.753 -17.278 -0.487 177 174 137 0.910 0
-21.067 -17.278 -0.460 188 165 139 0.910 0
-19.382 -17.278 -0.431 184 173 138 0.910 0
-17.697 -17.278 -0.401 190 166 121 0.910 0
-16.011 -17.278 -0.368 177 165 134 0.910 0
-14.326 -17.278 -0.334 184 178 138 0.910 0
-12.640 -17.278 -0.299 182 178 134 0.910 0
-10.955 -17.278 -0.262 177 172 137 0.910 0
-9.270 -17.278 -0.223 180 168 139 0.910 0
-7.584 -17.278 -0.184 181 173 120 0.910 0
-5.899 -17.278 -0.144 176 167 133 0.910 0
-4.213 -17.278 -0.103 192 169 134 0.910 0
-2.528 -17.278 -0.062 183 162 136 0.910 0
-0.843 -17.278 -0.021 184 166 134 0.910 0
0.843 -17.278 0.021 190 177 128 0.910 0
2.528 -17.278 0.062 175 164 137 0.910 0
4.213 -17.278 0.103 180 173 128 0.910 0
5.899 -17.278 0.144 188 175 131 0.910 0
24.438 -17.278 0.511 175 166 120 0.910 0
26.124 -17.278 0.533 187 177 130 0.910 0
27.809 -17.278 0.553 194 175 122 0.910 0
29.494 -17.278 0.570 180 176 137 0.910 0
31.180 -17.278 0.584 190 179 131 0.910 0
32.865 -17.278 0.596 176 163 135 0.910 0
34.551 -17.278 0.605 183 179 130 0.910 0
36.236 -17.278 0.612 188 171 128 0.910 0
37.921 -17.278 0.616 182 160 123 0.910 0
39.607 -17.278 0.616 185 175 138 0.910 0
41.292 -17.278 0.614 193 172 138 0.910 0
42.978 -17.278 0.610 194 173 133 0.910 0
44.663 -17.278 0.602 176 161 139 0.910 0
46.348 -17.278 0.592 189 162 130 0.910 0
48.034 -17.278 0.579 189 177 120 0.910 0
49.719 -17.278 0.563 186 170 133 0.910 0
51.404 -17.278 0.545 193 179 136 0.910 0
53.090 -17.278 0.525 192 161 125 0.910 0
54.775 -17.278 0.502 184 165 136 0.910 0
56.461 -17.278 0.476 182 161 127 0.910 0
58.146 -17.278 0.449 188 171 137 0.910 0
59.831 -17.278 0.419 192 163 135 0.910 0
61.517 -17.278 0.388 192 169 133 0.910 0
63.202 -17.278 0.355 177 179 138 0.910 0
64.888 -17.278 0.320 189 179 124 0.910 0
66.573 -17.278 0.284 182 164 127 0.910 0
68.258 -17.278 0.246 178 171 138 0.910 0
69.944 -17.278 0.208 184 164 132 0.910 0
71.629 -17.278 0.168 185 174 135 0.910 0
73.315 -17.278 0.128 194 179 135 0.910 0
75.000 -17.278 0.087 189 164 121 0.910 0
-75.000 -15.633 -0.092 64 70 75 0.940 1
-73.315 -15.633 -0.135 62 71 75 0.940 1
-71.629 -15.633 -0.177 61 66 76 0.940 1
-69.944 -15.633 -0.219 61 67 74 0.940 1
-68.258 -15.633 -0.259 68 71 70 0.940 1
-66.573 -15.633 -0.299 65 63 70 0.940 1
-64.888 -15.633 -0.337 67 70 76 0.940 1
-63.202 -15.633 -0.373 62 67 79 0.940 1
-61.517 -15.633 -0.408 63 68 73 0.940 1
-59.831 -15.633 -0.441 63 70 75 0.940 1
-58.146 -15.633 -0.472 61 70 72 0.940 1
-56.461 -15.633 -0.501 63 69 76 0.940 1
-54.775 -15.633 -0.528 67 66 72 0.940 1
-53.090 -15.633 -0.552 69 65 74 0.940 1
-51.404 -15.633 -0.574 61 70 78 0.940 1
-49.719 -15.633 -0.593 60 65 79 0.940 1
-48.034 -15.633 -0.609 37 172 61 0.820 3
-46.348 -15.633 -0.623 50 157 70 0.820 3
-44.663 -15.633 -0.634 48 153 70 0.820 3
-42.978 -15.633 -0.642 41 170 66 0.820 3
-41.292 -15.633 -0.647 40 147 70 0.820 3
-39.607 -15.633 -0.649 52 157 61 0.820 3
-37.921 -15.633 -0.648 43 162 68 0.820 3
-36.236 -15.633 -0.644 52 172 71 0.820 3
-34.551 -15.633 -0.637 47 170 64 0.820 3
-32.865 -15.633 -0.627 44 146 57 0.820 3
-31.180 -15.633 -0.615 46 169 59 0.820 3
-29.494 -15.633 -0.600 194 165 126 0.910 0
-27.809 -15.633 -0.582 189 171 124 0.910 0
-26.124 -15.633 -0.561 183 162 138 0.910 0
-24.438 -15.633 -0.538 186 172 130 0.910 0
-22.753 -15.633 -0.512 178 170 124 0.910 0
-21.067 -15.633 -0.484 175 170 120 0.910 0
-19.382 -15.633 -0.454 185 175 135 0.910 0
-17.697 -15.633 -0.422 181 179 125 0.910 0
-16.011 -15.633 -0.388 175 169 125 0.910 0
-14.326 -15.633 -0.352 181 171 138 0.910 0
-12.640 -15.633 -0.314 193 160 138 0.910 0
-10.955 -15.633 -0.275 190 164 120 0.910 0
-9.270 -15.633 -0.235 186 171 129 0.910 0
-7.584 -15.633 -0.194 180 163 130 0.910 0
-5.899 -15.633 -0.152 187 165 130 0.910 0
-4.213 -15.633 -0.109 181 179 134 0.910 0
-2.528 -15.633 -0.065 184 164 120 0.910 0
-0.843 -15.633 -0.022 181 168 135 0.910 0
0.843 -15.633 0.022 177 169 120 0.910 0
2.528 -15.633 0.065 182 162 129 0.910 0
4.213 -15.633 0.109 180 179 137 0.910 0
5.899 -15.633 0.152 188 173 135 0.910 0
24.438 -15.633 0.538 182 173 128 0.910 0
26.124 -15.633 0.561 191 168 124 0.910 0
27.809 -15.633 0.582 177 162 133 0.910 0
29.494 -15.633 0.600 188 168 139 0.910 0
31.180 -15.633 0.615 186 169 124 0.910 0
32.865 -15.633 0.627 190 165 137 0.910 0
34.551 -15.633 0.637 189 165 134 0.910 0
36.236 -15.633 0.644 193 178 135 0.910 0
37.921 -15.633 0.648 179 177 125 0.910 0
39.607 -15.633 0.649 190 178 121 0.910 0
41.292 -15.633 0.647 187 164 122 0.910 0
42.978 -15.633 0.642 190 175 121 0.910 0
44.663 -15.633 0.634 176 179 130 0.910 0
46.348 -15.633 0.623 186 170 127 0.910 0
48.034 -15.633 0.609 180 167 124 0.910 0
49.719 -15.633 0.593 184 163 122 0.910 0
51.404 -15.633 0.574 188 168 134 0.910 0
53.090 -15.633 0.552 186 177 137 0.910 0
54.775 -15.633 0.528 185 171 139 0.910 0
56.461 -15.633 0.501 181 179 128 0.910 0
58.146 -15.633 0.472 181 167 129 0.910 0
59.831 -15.633 0.441 175 175 123 0.910 0
61.517 -15.633 0.408 184 162 132 0.910 0
63.202 -15.633 0.373 192 170 126 0.910 0
64.888 -15.633 0.337 181 175 127 0.910 0
66.573 -15.633 0.299 188 165 132 0.910 0
68.258 -15.633 0.259 181 164 127 0.910 0
69.944 -15.633 0.219 180 177 122 0.910 0
71.629 -15.633 0.177 176 165 139 0.910 0
73.315 -15.633 0.135 194 177 127 0.910 0
75.000 -15.633 0.092 182 166 130 0.910 0
-75.000 -13.987 -0.096 65 70 70 0.940 1
-73.315 -13.987 -0.141 63 65 70 0.940 1
-71.629 -13.987 -0.185 69 64 76 0.940 1
-69.944 -13.987 -0.229 60 63 70 0.940 1
-68.258 -13.987 -0.271 65 64 71 0.940 1
-66.573 -13.987 -0.312 67 66 75 0.940 1
-64.888 -13.987 -0.352 64 71 77 0.940 1
-63.202 -13.987 -0.390 69 66 71 0.940 1
-61.517 -13.987 -0.427 65 64 78 0.940 1
-59.831 -13.987 -0.461 66 68 75 0.940 1
-58.146 -13.987 -0.494 69 63 72 0.940 1
-56.461 -13.987 -0.524 61 69 74 0.940 1
-54.775 -13.987 -0.552 64 72 72 0.940 1
-53.090 -13.987 -0.577 63 71 77 0.940 1
-51.404 -13.987 -0.600 68 63 73 0.940 1
-49.719 -13.987 -0.620 68 64 75 0.940 1
-48.034 -13.987 -0.637 66 64 70 0.940 1
-46.348 -13.987 -0.651 60 63 72 0.940 1
-44.663 -13.987 -0.662 68 68 72 0.940 1
-42.978 -13.987 -0.671 60 70 73 0.940 1
-41.292 -13.987 -0.676 62 70 74 0.940 1
-39.607 -13.987 -0.678 39 154 62 0.820 3
-37.921 -13.987 -0.677 45 172 63 0.820 3
-36.236 -13.987 -0.673 51 151 66 0.820 3
-34.551 -13.987 -0.666 44 145 58 0.820 3
-32.865 -13.987 -0.656 47 163 63 0.820 3
-31.180 -13.987 -0.643 52 151 65 0.820 3
-29.494 -13.987 -0.627 189 178 126 0.910 0
-27.809 -13.987 -0.608 192 175 134 0.910 0
-26.124 -13.987 -0.586 191 165 135 0.910 0
-24.438 -13.987 -0.562 178 168 122 0.910 0
-22.753 -13.987 -0.535 183 162 133 0.910 0
-21.067 -13.987 -0.506 176 176 122 0.910 0
-19.382 -13.987 -0.475 192 175 133 0.910 0
-17.697 -13.987 -0.441 177 179 139 0.910 0
-16.011 -13.987 -0.405 194 167 126 0.910 0
-14.326 -13.987 -0.368 183 170 129 0.910 0
-12.640 -13.987 -0.328 181 164 125 0.910 0
-10.955 -13.987 -0.288 183 169 130 0.910 0
-9.270 -13.987 -0.246 180 169 123 0.910 0
-7.584 -13.987 -0.203 186 171 125 0.910 0
-5.899 -13.987 -0.159 186 177 131 0.910 0
-4.213 -13.987 -0.114 193 167 137 0.910 0
-2.528 -13.987 -0.068 194 162 133 0.910 0
-0.843 -13.987 -0.023 175 179 133 0.910 0
0.843 -13.987 0.023 182 179 129 0.910 0
2.528 -13.987 0.068 189 173 121 0.910 0
4.213 -13.987 0.114 187 171 139 0.910 0
5.899 -13.987 0.159 181 168 127 0.910 0
24.438 -13.987 0.562 192 166 129 0.910 0
26.124 -13.987 0.586 193 167 131 0.910 0
27.809 -13.987 0.608 193 178 125 0.910 0
29.494 -13.987 0.627 179 177 124 0.910 0
31.180 -13.987 0.643 183 168 124 0.910 0
32.865 -13.987 0.656 189 177 121 0.910 0
34.551 -13.987 0.666 177 178 122 0.910 0
36.236 -13.987 0.673 188 164 122 0.910 0
37.921 -13.987 0.677 181 168 138 0.910 0
39.607 -13.987 0.678 179 174 123 0.910 0
41.292 -13.987 0.676 187 170 121 0.910 0
42.978 -13.987 0.671 190 167 134 0.910 0
44.663 -13.987 0.662 184 174 120 0.910 0
46.348 -13.987 0.651 179 175 132 0.910 0
48.034 -13.987 0.637 184 179 128 0.910 0
49.719 -13.987 0.620 184 163 131 0.910 0
51.404 -13.987 0.600 178 170 122 0.910 0
53.090 -13.987 0.577 177 170 136 0.910 0
54.775 -13.987 0.552 193 165 128 0.910 0
56.461 -13.987 0.524 194 179 121 0.910 0
58.146 -13.987 0.494 183 175 135 0.910 0
59.831 -13.987 0.461 187 165 131 0.910 0
61.517 -13.987 0.427 185 165 123 0.910 0
63.202 -13.987 0.390 186 160 122 0.910 0
64.888 -13.987 0.352 179 165 131 0.910 0
66.573 -13.987 0.312 188 175 123 0.910 0
68.258 -13.987 0.271 187 167 126 0.910 0
69.944 -13.987 0.229 183 178 126 0.910 0
71.629 -13.987 0.185 193 165 131 0.910 0
73.315 -13.987 0.141 178 171 123 0.910 0
75.000 -13.987 0.096 182 170 120 0.910 0
-75.000 -12.342 -0.099 63 64 76 0.940 1
-73.315 -12.342 -0.146 63 65 74 0.940 1
-71.629 -12.342 -0.192 63 70 71 0.940 1
-69.944 -12.342 -0.237 67 67 71 0.940 1
-68.258 -12.342 -0.282 62 72 73 0.940 1
-66.573 -12.342 -0.324 68 64 74 0.940 1
-64.888 -12.342 -0.366 66 71 72 0.940 1
-63.202 -12.342 -0.406 62 65 73 0.940 1
-61.517 -12.342 -0.443 66 64 73 0.940 1
-59.831 -12.342 -0.479 69 70 77 0.940 1
-58.146 -12.342 -0.513 65 70 76 0.940 1
-56.461 -12.342 -0.544 60 72 75 0.940 1
-54.775 -12.342 -0.573 66 69 77 0.940 1
-53.090 -12.342 -0.600 69 64 78 0.940 1
-51.404 -12.342 -0.623 67 63 73 0.940 1
-49.719 -12.342 -0.644 65 65 76 0.940 1
-48.034 -12.342 -0.662 68 63 77 0.940 1
-46.348 -12.342 -0.676 69 63 70 0.940 1
-44.663 -12.342 -0.688 64 64 72 0.940 1
-42.978 -12.342 -0.697 68 68 71 0.940 1
-41.292 -12.342 -0.702 66 72 79 0.940 1
-39.607 -12.342 -0.704 64 72 71 0.940 1
-37.921 -12.342 -0.703 69 64 77 0.940 1
-36.236 -12.342 -0.699 61 63 72 0.940 1
-34.551 -12.342 -0.692 63 72 74 0.940 1
-32.865 -12.342 -0.681 63 71 78 0.940 1
-31.180 -12.342 -0.668 47 148 58 0.820 3
-29.494 -12.342 -0.651 186 169 135 0.910 0
-27.809 -12.342 -0.632 179 172 121 0.910 0
-26.124 -12.342 -0.609 192 162 120 0.910 0
-24.438 -12.342 -0.584 186 175 123 0.910 0
-22.753 -12.342 -0.556 177 176 130 0.910 0
-21.067 -12.342 -0.526 194 173 129 0.910 0
-19.382 -12.342 -0.493 194 178 123 0.910 0
-17.697 -12.342 -0.458 193 174 129 0.910 0
-16.011 -12.342 -0.421 181 179 136 0.910 0
-14.326 -12.342 -0.382 185 179 120 0.910 0
-12.640 -12.342 -0.341 185 164 135 0.910 0
-10.955 -12.342 -0.299 192 175 123 0.910 0
-9.270 -12.342 -0.255 180 165 120 0.910 0
-7.584 -12.342 -0.210 175 179 139 0.910 0
-5.899 -12.342 -0.165 194 172 123 0.910 0
-4.213 -12.342 -0.118 191 179 122 0.910 0
-2.528 -12.342 -0.071 181 163 126 0.910 0
-0.843 -12.342 -0.024 190 170 137 0.910 0
0.843 -12.342 0.024 188 162 125 0.910 0
2.528 -12.342 0.071 186 161 128 0.910 0
4.213 -12.342 0.118 192 174 138 0.910 0
5.899 -12.342 0.165 183 173 120 0.910 0
24.438 -12.342 0.584 192 161 120 0.910 0
26.124 -12.342 0.609 190 162 125 0.910 0
27.809 -12.342 0.632 185 168 136 0.910 0
29.494 -12.342 0.651 188 163 125 0.910 0
31.180 -12.342 0.668 191 173 138 0.910 0
32.865 -12.342 0.681 181 176 139 0.910 0
34.551 -12.342 0.692 189 163 123 0.910 0
36.236 -12.342 0.699 183 165 122 0.910 0
37.921 -12.342 0.703 186 175 123 0.910 0
39.607 -12.342 0.704 186 176 132 0.910 0
41.292 -12.342 0.702 183 172 127 0.910 0
42.978 -12.342 0.697 188 177 135 0.910 0
44.663 -12.342 0.688 184 178 136 0.910 0
46.348 -12.342 0.676 188 171 129 0.910 0
48.034 -12.342 0.662 178 178 130 0.910 0
49.719 -12.342 0.644 191 166 127 0.910 0
51.404 -12.342 0.623 193 171 123 0.910 0
53.090 -12.342 0.600 181 173 136 0.910 0
54.775 -12.342 0.573 189 163 123 0.910 0
56.461 -12.342 0.544 177 160 132 0.910 0
58.146 -12.342 0.513 176 163 124 0.910 0
59.831 -12.342 0.479 189 162 129 0.910 0
61.517 -12.342 0.443 189 168 125 0.910 0
63.202 -12.342 0.406 189 179 126 0.910 0
64.888 -12.342 0.366 180 167 122 0.910 0
66.573 -12.342 0.324 189 164 122 0.910 0
68.258 -12.342 0.282 186 168 128 0.910 0
69.944 -12.342 0.237 179 174 123 0.910 0
71.629 -12.342 0.192 177 161 120 0.910 0
73.315 -12.342 0.146 193 165 134 0.910 0
75.000 -12.342 0.099 183 163 128 0.910 0
-75.000 -10.696 -0.103 67 72 74 0.940 1
-73.315 -10.696 -0.151 64 63 72 0.940 1
-71.629 -10.696 -0.199 60 63 75 0.940 1
-69.944 -10.696 -0.245 65 63 72 0.940 1
-68.258 -10.696 -0.291 69 70 78 0.940 1
-66.573 -10.696 -0.335 66 66 77 0.940 1
-64.888 -10.696 -0.378 69 64 72 0.940 1
-63.202 -10.696 -0.419 66 66 70 0.940 1
-61.517 -10.696 -0.458 65 71 71 0.940 1
-59.831 -10.696 -0.495 68 66 72 0.940 1
-58.146 -10.696 -0.530 69 70 76 0.940 1
-56.461 -10.696 -0.562 64 67 72 0.940 1
-54.775 -10.696 -0.592 64 67 77 0.940 1
-53.090 -10.696 -0.619 61 69 78 0.940 1
-51.404 -10.696 -0.644 68 71 70 0.940 1
-49.719 -10.696 -0.665 68 70 74 0.940 1
-48.034 -10.696 -0.684 67 65 71 0.940 1
-46.348 -10.696 -0.699 64 69 74 0.940 1
-44.663 -10.696 -0.711 65 72 79 0.940 1
-42.978 -10.696 -0.720 67 63 73 0.940 1
-41.292 -10.696 -0.726 63 64 79 0.940 1
-39.607 -10.696 -0.728 68 68 78 0.940 1
-37.921 -10.696 -0.727 64 67 74 0.940 1
-36.236 -10.696 -0.723 66 71 74 0.940 1
-34.551 -10.696 -0.715 61 65 70 0.940 1
-32.865 -10.696 -0.704 67 66 72 0.940 1
-31.180 -10.696 -0.690 62 67 74 0.940 1
-29.494 -10.696 -0.673 64 68 75 0.940 1
-27.809 -10.696 -0.653 62 64 72 0.940 1
-26.124 -10.696 -0.630 66 64 73 0.940 1
-24.438 -10.696 -0.604 61 64 72 0.940 1
-22.753 -10.696 -0.575 177 164 138 0.910 0
-21.067 -10.696 -0.543 187 170 130 0.910 0
-19.382 -10.696 -0.509 188 172 136 0.910 0
-17.697 -10.696 -0.473 192 175 137 0.910 0
-16.011 -10.696 -0.435 186 166 120 0.910 0
-14.326 -10.696 -0.395 190 161 133 0.910 0
-12.640 -10.696 -0.353 177 171 124 0.910 0
-10.955 -10.696 -0.309 186 174 126 0.910 0
-9.270 -10.696 -0.264 179 168 126 0.910 0
-7.584 -10.696 -0.217 184 171 122 0.910 0
-5.899 -10.696 -0.170 186 167 133 0.910 0
-4.213 -10.696 -0.122 193 174 137 0.910 0
-2.528 -10.696 -0.073 175 174 121 0.910 0
-0.843 -10.696 -0.025 189 177 125 0.910 0
0.843 -10.696 0.025 179 167 137 0.910 0
2.528 -10.696 0.073 187 177 130 0.910 0
4.213 -10.696 0.122 190 163 135 0.910 0
5.899 -10.696 0.170 181 173 120 0.910 0
24.438 -10.696 0.604 181 178 124 0.910 0
26.124 -10.696 0.630 182 174 126 0.910 0
27.809 -10.696 0.653 189 162 127 0.910 0
29.494 -10.696 0.673 185 171 122 0.910 0
31.180 -10.696 0.690 192 173 134 0.910 0
32.865 -10.696 0.704 178 169 127 0.910 0
34.551 -10.696 0.715 185 170 126 0.910 0
36.236 -10.696 0.723 184 168 137 0.910 0
37.921 -10.696 0.727 180 175 130 0.910 0
39.607 -10.696 0.728 185 177 124 0.910 0
41.292 -10.696 0.726 177 172 132 0.910 0
42.978 -10.696 0.720 187 165 122 0.910 0
44.663 -10.696 0.711 190 163 127 0.910 0
46.348 -10.696 0.699 175 174 130 0.910 0
48.034 -10.696 0.684 191 162 122 0.910 0
49.719 -10.696 0.665 185 172 132 0.910 0
51.404 -10.696 0.644 175 163 131 0.910 0
53.090 -10.696 0.619 187 164 138 0.910 0
54.775 -10.696 0.592 175 162 135 0.910 0
56.461 -10.696 0.562 194 172 134 0.910 0
58.146 -10.696 0.530 188 166 129 0.910 0
59.831 -10.696 0.495 178 162 131 0.910 0
61.517 -10.696 0.458 190 169 131 0.910 0
63.202 -10.696 0.419 193 164 138 0.910 0
64.888 -10.696 0.378 182 170 126 0.910 0
66.573 -10.696 0.335 180 176 137 0.910 0
68.258 -10.696 0.291 191 166 131 0.910 0
69.944 -10.696 0.245 185 170 129 0.910 0
71.629 -10.696 0.199 183 168 127 0.910 0
73.315 -10.696 0.151 177 174 128 0.910 0
75.000 -10.696 0.103 187 168 134 0.910 0
-75.000 -9.051 -0.106 68 66 74 0.940 1
-73.315 -9.051 -0.155 60 66 77 0.940 1
-71.629 -9.051 -0.204 62 65 70 0.940 1
-69.944 -9.051 -0.252 67 70 78 0.940 1
-68.258 -9.051 -0.299 66 64 77 0.940 1
-66.573 -9.051 -0.345 60 71 73 0.940 1
-64.888 -9.051 -0.389 64 67 74 0.940 1
-63.202 -9.051 -0.431 60 69 77 0.940 1
-61.517 -9.051 -0.471 65 64 76 0.940 1
-59.831 -9.051 -0.509 67 70 70 0.940 1
-58.146 -9.051 -0.545 69 64 72 0.940 1
-56.461 -9.051 -0.578 68 72 72 0.940 1
-54.775 -9.051 -0.609 66 65 77 0.940 1
-53.090 -9.051 -0.637 68 71 79 0.940 1
-51.404 -9.051 -0.662 69 68 73 0.940 1
-49.719 -9.051 -0.684 65 64 74 0.940 1
-48.034 -9.051 -0.703 63 67 77 0.940 1
-46.348 -9.051 -0.718 61 69 76 0.940 1
-44.663 -9.051 -0.731 66 69 75 0.940 1
-42.978 -9.051 -0.740 62 68 78 0.940 1
-41.292 -9.051 -0.746 63 65 70 0.940 1
-39.607 -9.051 -0.748 67 64 71 0.940 1
-37.921 -9.051 -0.747 60 63 73 0.940 1
-36.236 -9.051 -0.743 68 70 73 0.940 1
-34.551 -9.051 -0.735 65 67 75 0.940 1
-32.865 -9.051 -0.724 65 65 76 0.940 1
-31.180 -9.051 -0.709 67 70 78 0.940 1
-29.494 -9.051 -0.692 61 71 75 0.940 1
-27.809 -9.051 -0.671 68 65 73 0.940 1
-26.124 -9.051 -0.647 64 69 70 0.940 1
-24.438 -9.051 -0.620 64 63 75 0.940 1
-22.753 -9.051 -0.591 66 69 72 0.940 1
-21.067 -9.051 -0.558 60 65 72 0.940 1
-19.382 -9.051 -0.524 64 71 78 0.940 1
-17.697 -9.051 -0.486 64 68 78 0.940 1
-16.011 -9.051 -0.447 60 64 77 0.940 1
-14.326 -9.051 -0.406 175 169 131 0.910 0
-12.640 -9.051 -0.362 187 164 125 0.910 0
-10.955 -9.051 -0.317 186 162 133 0.910 0
-9.270 -9.051 -0.271 189 162 126 0.910 0
-7.584 -9.051 -0.223 190 176 134 0.910 0
-5.899 -9.051 -0.175 175 165 139 0.910 0
-4.213 -9.051 -0.125 175 167 130 0.910 0
-2.528 -9.051 -0.076 176 165 138 0.910 0
-0.843 -9.051 -0.025 186 169 125 0.910 0
0.843 -9.051 0.025 177 169 136 0.910 0
2.528 -9.051 0.076 193 175 130 0.910 0
4.213 -9.051 0.125 187 179 121 0.910 0
5.899 -9.051 0.175 187 167 138 0.910 0
24.438 -9.051 0.620 183 178 123 0.910 0
26.124 -9.051 0.647 185 167 134 0.910 0
27.809 -9.051 0.671 176 179 131 0.910 0
29.494 -9.051 0.692 186 161 124 0.910 0
31.180 -9.051 0.709 189 163 127 0.910 0
32.865 -9.051 0.724 191 174 130 0.910 0
34.551 -9.051 0.735 189 174 123 0.910 0
36.236 -9.051 0.743 192 178 120 0.910 0
37.921 -9.051 0.747 179 169 125 0.910 0
39.607 -9.051 0.748 190 173 138 0.910 0
41.292 -9.051 0.746 185 175 137 0.910 0
42.978 -9.051 0.740 182 172 120 0.910 0
44.663 -9.051 0.731 194 170 123 0.910 0
46.348 -9.051 0.718 185 166 128 0.910 0
48.034 -9.051 0.703 188 170 132 0.910 0
49.719 -9.051 0.684 185 176 124 0.910 0
51.404 -9.051 0.662 182 171 137 0.910 0
53.090 -9.051 0.637 182 165 121 0.910 0
54.775 -9.051 0.609 179 179 130 0.910 0
56.461 -9.051 0.578 183 168 133 0.910 0
58.146 -9.051 0.545 194 164 123 0.910 0
59.831 -9.051 0.509 176 164 127 0.910 0
61.517 -9.051 0.471 181 168 136 0.910 0
63.202 -9.051 0.431 184 177 130 0.910 0
64.888 -9.051 0.389 176 168 132 0.910 0
66.573 -9.051 0.345 189 164 139 0.910 0
68.258 -9.051 0.299 191 167 132 0.910 0
69.944 -9.051 0.252 188 175 136 0.910 0
71.629 -9.051 0.204 191 177 127 0.910 0
73.315 -9.051 0.155 194 168 120 0.910 0
75.000 -9.051 0.106 189 174 131 0.910 0
-75.000 -7.405 -0.108 176 165 134 0.910 0
-73.315 -7.405 -0.159 193 172 123 0.910 0
-71.629 -7.405 -0.209 184 161 130 0.910 0
-69.944 -7.405 -0.258 177 167 122 0.910 0
-68.258 -7.405 -0.306 194 169 127 0.910 0
-66.573 -7.405 -0.352 68 68 76 0.940 1
-64.888 -7.405 -0.397 69 70 71 0.940 1
-63.202 -7.405 -0.441 64 69 74 0.940 1
-61.517 -7.405 -0.482 61 70 78 0.940 1
-59.831 -7.405 -0.521 61 67 70 0.940 1
-58.146 -7.405 -0.557 63 69 78 0.940 1
-56.461 -7.405 -0.591 61 66 74 0.940 1
-54.775 -7.405 -0.623 60 65 75 0.940 1
-53.090 -7.405 -0.651 60 65 76 0.940 1
-51.404 -7.405 -0.677 61 65 70 0.940 1
-49.719 -7.405 -0.699 62 69 74 0.940 1
-48.034 -7.405 -0.719 63 66 75 0.940 1
-46.348 -7.405 -0.735 62 71 70 0.940 1
-44.663 -7.405 -0.747 62 71 73 0.940 1
-42.978 -7.405 -0.757 62 64 78 0.940 1
-41.292 -7.405 -0.763 62 64 79 0.940 1
-39.607 -7.405 -0.765 61 69 75 0.940 1
-37.921 -7.405 -0.764 61 63 77 0.940 1
-36.236 -7.405 -0.760 61 63 78 0.940 1
-34.551 -7.405 -0.752 65 71 71 0.940 1
-32.865 -7.405 -0.740 69 65 79 0.940 1
-31.180 -7.405 -0.725 68 71 73 0.940 1
-29.494 -7.405 -0.707 63 67 79 0.940 1
-27.809 -7.405 -0.686 63 64 73 0.940 1
-26.124 -7.405 -0.662 65 63 71 0.940 1
-24.438 -7.405 -0.634 62 71 78 0.940 1
-22.753 -7.405 -0.604 60 71 70 0.940 1
-21.067 -7.405 -0.571 62 67 73 0.940 1
-19.382 -7.405 -0.536 62 63 70 0.940 1
-17.697 -7.405 -0.498 65 71 78 0.940 1
-16.011 -7.405 -0.457 61 72 79 0.940 1
-14.326 -7.405 -0.415 64 70 77 0.940 1
-12.640 -7.405 -0.371 69 63 70 0.940 1
-10.955 -7.405 -0.325 60 64 79 0.940 1
-9.270 -7.405 -0.277 62 64 76 0.940 1
-7.584 -7.405 -0.229 68 65 75 0.940 1
-5.899 -7.405 -0.179 187 164 133 0.910 0
-4.213 -7.405 -0.128 191 168 128 0.910 0
-2.528 -7.405 -0.077 184 162 135 0.910 0
-0.843 -7.405 -0.026 175 165 126 0.910 0
0.843 -7.405 0.026 192 178 136 0.910 0
2.528 -7.405 0.077 189 174 128 0.910 0
4.213 -7.405 0.128 183 171 132 0.910 0
5.899 -7.405 0.179 194 169 136 0.910 0
7.584 -7.405 0.229 175 171 136 0.910 0
9.270 -7.405 0.277 189 165 133 0.910 0
10.955 -7.405 0.325 182 174 122 0.910 0
12.640 -7.405 0.371 177 162 138 0.910 0
14.326 -7.405 0.415 184 162 134 0.910 0
16.011 -7.405 0.457 175 166 137 0.910 0
17.697 -7.405 0.498 188 162 128 0.910 0
19.382 -7.405 0.536 192 176 130 0.910 0
21.067 -7.405 0.571 188 163 126 0.910 0
22.753 -7.405 0.604 185 169 135 0.910 0
24.438 -7.405 0.634 181 172 135 0.910 0
26.124 -7.405 0.662 175 167 136 0.910 0
27.809 -7.405 0.686 182 163 122 0.910 0
29.494 -7.405 0.707 177 169 129 0.910 0
31.180 -7.405 0.725 180 178 129 0.910 0
32.865 -7.405 0.740 181 175 124 0.910 0
34.551 -7.405 0.752 176 171 128 0.910 0
36.236 -7.405 0.760 192 167 120 0.910 0
37.921 -7.405 0.764 184 169 135 0.910 0
39.607 -7.405 0.765 184 176 134 0.910 0
41.292 -7.405 0.763 179 160 120 0.910 0
42.978 -7.405 0.757 184 175 138 0.910 0
44.663 -7.405 0.747 178 166 138 0.910 0
46.348 -7.405 0.735 189 179 127 0.910 0
48.034 -7.405 0.719 188 175 132 0.910 0
49.719 -7.405 0.699 187 173 131 0.910 0
51.404 -7.405 0.677 183 178 128 0.910 0
53.090 -7.405 0.651 192 174 122 0.910 0
54.775 -7.405 0.623 187 177 139 0.910 0
56.461 -7.405 0.591 175 174 132 0.910 0
58.146 -7.405 0.557 188 174 135 0.910 0
59.831 -7.405 0.521 175 174 132 0.910 0
61.517 -7.405 0.482 175 175 138 0.910 0
63.202 -7.405 0.441 193 160 133 0.910 0
64.888 -7.405 0.397 187 170 126 0.910 0
66.573 -7.405 0.352 192 179 137 0.910 0
68.258 -7.405 0.306 185 176 137 0.910 0
69.944 -7.405 0.258 192 179 139 0.910 0
71.629 -7.405 0.209 177 177 120 0.910 0
73.315 -7.405 0.159 185 162 127 0.910 0
75.000 -7.405 0.108 190 170 139 0.910 0
-75.000 -5.759 -0.110 178 170 135 0.910 0
-73.315 -5.759 -0.162 175 174 136 0.910 0
-71.629 -5.759 -0.213 178 168 120 0.910 0
-69.944 -5.759 -0.263 185 160 125 0.910 0
-68.258 -5.759 -0.311 192 172 126 0.910 0
-66.573 -5.759 -0.359 194 175 136 0.910 0
-64.888 -5.759 -0.405 179 169 137 0.910 0
-63.202 -5.759 -0.448 192 168 122 0.910 0
-61.517 -5.759 -0.490 188 162 138 0.910 0
-59.831 -5.759 -0.530 175 163 125 0.910 0
-58.146 -5.759 -0.567 67 64 71 0.940 1
-56.461 -5.759 -0.602 60 69 75 0.940 1
-54.775 -5.759 -0.634 69 63 76 0.940 1
-53.090 -5.759 -0.663 62 72 75 0.940 1
-51.404 -5.759 -0.689 64 69 78 0.940 1
-49.719 -5.759 -0.712 67 72 73 0.940 1
-48.034 -5.759 -0.731 63 63 76 0.940 1
-46.348 -5.759 -0.748 67 71 75 0.940 1
-44.663 -5.759 -0.761 69 66 71 0.940 1
-42.978 -5.759 -0.770 60 69 77 0.940 1
-41.292 -5.759 -0.776 69 69 70 0.940 1
-39.607 -5.759 -0.779 65 64 71 0.940 1
-37.921 -5.759 -0.778 63 65 73 0.940 1
-36.236 -5.759 -0.773 68 65 77 0.940 1
-34.551 -5.759 -0.765 67 72 77 0.940 1
-32.865 -5.759 -0.753 69 64 71 0.940 1
-31.180 -5.759 -0.738 68 69 78 0.940 1
-29.494 -5.759 -0.720 65 70 71 0.940 1
-27.809 -5.759 -0.698 63 63 76 0.940 1
-26.124 -5.759 -0.674 65 68 72 0.940 1
-24.438 -5.759 -0.646 62 70 75 0.940 1
-22.753 -5.759 -0.615 66 70 70 0.940 1
-21.067 -5.759 -0.581 64 64 79 0.940 1
-19.382 -5.759 -0.545 69 65 74 0.940 1
-17.697 -5.759 -0.506 62 69 77 0.940 1
-16.011 -5.759 -0.465 62 71 70 0.940 1
-14.326 -5.759 -0.422 67 70 73 0.940 1
-12.640 -5.759 -0.377 63 69 79 0.940 1
-10.955 -5.759 -0.330 65 71 75 0.940 1
-9.270 -5.759 -0.282 69 68 77 0.940 1
-7.584 -5.759 -0.233 68 72 70 0.940 1
-5.899 -5.759 -0.182 66 63 70 0.940 1
-4.213 -5.759 -0.131 60 69 76 0.940 1
-2.528 -5.759 -0.079 61 64 72 0.940 1
-0.843 -5.759 -0.026 67 69 76 0.940 1
0.843 -5.759 0.026 68 67 75 0.940 1
2.528 -5.759 0.079 182 176 132 0.910 0
4.213 -5.759 0.131 187 174 134 0.910 0
5.899 -5.759 0.182 176 177 123 0.910 0
7.584 -5.759 0.233 185 170 134 0.910 0
9.270 -5.759 0.282 185 173 130 0.910 0
10.955 -5.759 0.330 194 176 128 0.910 0
12.640 -5.759 0.377 187 176 134 0.910 0
14.326 -5.759 0.422 187 170 123 0.910 0
16.011 -5.759 0.465 188 175 139 0.910 0
17.697 -5.759 0.506 177 164 121 0.910 0
19.382 -5.759 0.545 180 162 127 0.910 0
21.067 -5.759 0.581 184 170 124 0.910 0
22.753 -5.759 0.615 176 178 132 0.910 0
24.438 -5.759 0.646 180 171 131 0.910 0
26.124 -5.759 0.674 179 160 129 0.910 0
27.809 -5.759 0.698 192 173 120 0.910 0
29.494 -5.759 0.720 175 172 138 0.910 0
31.180 -5.759 0.738 192 166 134 0.910 0
32.865 -5.759 0.753 182 165 137 0.910 0
34.551 -5.759 0.765 185 161 122 0.910 0
36.236 -5.759 0.773 184 179 126 0.910 0
37.921 -5.759 0.778 184 161 121 0.910 0
39.607 -5.759 0.779 185 179 126 0.910 0
41.292 -5.759 0.776 182 176 131 0.910 0
42.978 -5.759 0.770 177 165 139 0.910 0
44.663 -5.759 0.761 192 165 129 0.910 0
46.348 -5.759 0.748 183 171 127 0.910 0
48.034 -5.759 0.731 190 160 132 0.910 0
49.719 -5.759 0.712 188 177 120 0.910 0
51.404 -5.759 0.689 188 167 135 0.910 0
53.090 -5.759 0.663 190 160 137 0.910 0
54.775 -5.759 0.634 194 160 124 0.910 0
56.461 -5.759 0.602 177 172 137 0.910 0
58.146 -5.759 0.567 194 169 123 0.910 0
59.831 -5.759 0.530 175 160 132 0.910 0
61.517 -5.759 0.490 190 167 127 0.910 0
63.202 -5.759 0.448 186 164 133 0.910 0
64.888 -5.759 0.405 177 162 132 0.910 0
66.573 -5.759 0.359 194 173 139 0.910 0
68.258 -5.759 0.311 184 165 123 0.910 0
69.944 -5.759 0.263 178 167 130 0.910 0
71.629 -5.759 0.213 194 169 120 0.910 0
73.315 -5.759 0.162 192 177 137 0.910 0
75.000 -5.759 0.110 177 172 129 0.910 0
-75.000 -4.114 -0.111 191 161 126 0.910 0
-73.315 -4.114 -0.164 193 173 124 0.910 0
-71.629 -4.114 -0.215 180 167 134 0.910 0
-69.944 -4.114 -0.266 175 175 136 0.910 0
-68.258 -4.114 -0.315 176 171 120 0.910 0
-66.573 -4.114 -0.364 194 172 138 0.910 0
-64.888 -4.114 -0.410 192 166 126 0.910 0
-63.202 -4.114 -0.454 178 175 131 0.910 0
-61.517 -4.114 -0.497 185 161 121 0.910 0
-59.831 -4.114 -0.537 192 178 124 0.910 0
-58.146 -4.114 -0.575 178 169 130 0.910 0
-56.461 -4.114 -0.610 185 177 121 0.910 0
-54.775 -4.114 -0.642 181 176 121 0.910 0
-53.090 -4.114 -0.672 186 164 131 0.910 0
-51.404 -4.114 -0.698 185 178 120 0.910 0
-49.719 -4.114 -0.721 60 67 75 0.940 1
-48.034 -4.114 -0.741 63 66 75 0.940 1
-46.348 -4.114 -0.758 64 68 75 0.940 1
-44.663 -4.114 -0.771 67 63 74 0.940 1
-42.978 -4.114 -0.781 60 71 75 0.940 1
-41.292 -4.114 -0.787 61 67 72 0.940 1
-39.607 -4.114 -0.789 65 63 70 0.940 1
-37.921 -4.114 -0.788 69 63 70 0.940 1
-36.236 -4.114 -0.783 69 70 70 0.940 1
-34.551 -4.114 -0.775 60 68 77 0.940 1
-32.865 -4.114 -0.763 64 65 70 0.940 1
-31.180 -4.114 -0.748 62 71 79 0.940 1
-29.494 -4.114 -0.730 64 71 76 0.940 1
-27.809 -4.114 -0.708 68 67 77 0.940 1
-26.124 -4.114 -0.683 61 72 72 0.940 1
-24.438 -4.114 -0.654 64 63 79 0.940 1
-22.753 -4.114 -0.623 61 66 78 0.940 1
-21.067 -4.114 -0.589 68 63 73 0.940 1
-19.382 -4.114 -0.552 65 66 73 0.940 1
-17.697 -4.114 -0.513 62 66 70 0.940 1
-16.011 -4.114 -0.472 67 68 73 0.940 1
-14.326 -4.114 -0.428 61 63 79 0.940 1
-12.640 -4.114 -0.382 62 67 71 0.940 1
-10.955 -4.114 -0.335 65 70 76 0.940 1
-9.270 -4.114 -0.286 68 63 77 0.940 1
-7.584 -4.114 -0.236 61 71 72 0.940 1
-5.899 -4.114 -0.184 63 67 78 0.940 1
-4.213 -4.114 -0.132 68 64 77 0.940 1
-2.528 -4.114 -0.080 64 70 70 0.940 1
-0.843 -4.114 -0.027 61 67 79 0.940 1
0.843 -4.114 0.027 66 68 73 0.940 1
2.528 -4.114 0.080 67 63 79 0.940 1
4.213 -4.114 0.132 65 72 74 0.940 1
5.899 -4.114 0.184 63 71 73 0.940 1
7.584 -4.114 0.236 62 63 70 0.940 1
9.270 -4.114 0.286 67 66 70 0.940 1
10.955 -4.114 0.335 186 176 128 0.910 0
12.640 -4.114 0.382 194 178 125 0.910 0
14.326 -4.114 0.428 190 179 121 0.910 0
16.011 -4.114 0.472 191 164 135 0.910 0
17.697 -4.114 0.513 189 165 123 0.910 0
19.382 -4.114 0.552 181 177 132 0.910 0
21.067 -4.114 0.589 194 172 126 0.910 0
22.753 -4.114 0.623 177 178 130 0.910 0
24.438 -4.114 0.654 190 162 137 0.910 0
26.124 -4.114 0.683 189 171 133 0.910 0
27.809 -4.114 0.708 184 172 135 0.910 0
29.494 -4.114 0.730 182 164 131 0.910 0
31.180 -4.114 0.748 182 176 138 0.910 0
32.865 -4.114 0.763 184 172 124 0.910 0
34.551 -4.114 0.775 190 167 136 0.910 0
36.236 -4.114 0.783 190 179 120 0.910 0
37.921 -4.114 0.788 182 161 126 0.910 0
39.607 -4.114 0.789 183 161 129 0.910 0
41.292 -4.114 0.787 176 177 135 0.910 0
42.978 -4.114 0.781 185 172 130 0.910 0
44.663 -4.114 0.771 183 175 133 0.910 0
46.348 -4.114 0.758 178 168 129 0.910 0
48.034 -4.114 0.741 177 173 128 0.910 0
49.719 -4.114 0.721 180 163 125 0.910 0
51.404 -4.114 0.698 189 166 120 0.910 0
53.090 -4.114 0.672 175 171 129 0.910 0
54.775 -4.114 0.642 190 169 137 0.910 0
56.461 -4.114 0.610 192 161 125 0.910 0
58.146 -4.114 0.575 192 179 134 0.910 0
59.831 -4.114 0.537 187 172 127 0.910 0
61.517 -4.114 0.497 189 176 135 0.910 0
63.202 -4.114 0.454 194 160 125 0.910 0
64.888 -4.114 0.410 188 160 135 0.910 0
66.573 -4.114 0.364 186 171 123 0.910 0
68.258 -4.114 0.315 184 164 130 0.910 0
69.944 -4.114 0.266 189 173 128 0.910 0
71.629 -4.114 0.215 179 167 125 0.910 0
73.315 -4.114 0.164 178 175 129 0.910 0
75.000 -4.114 0.111 180 179 122 0.910 0
-75.000 -2.468 -0.112 179 171 122 0.910 0
-73.315 -2.468 -0.165 191 161 125 0.910 0
-71.629 -2.468 -0.217 186 170 134 0.910 0
-69.944 -2.468 -0.268 176 161 138 0.910 0
-68.258 -2.468 -0.318 193 163 132 0.910 0
-66.573 -2.468 -0.367 192 177 131 0.910 0
-64.888 -2.468 -0.413 181 174 120 0.910 0
-63.202 -2.468 -0.458 191 173 133 0.910 0
-61.517 -2.468 -0.501 194 175 123 0.910 0
-59.831 -2.468 -0.542 190 171 122 0.910 0
-58.146 -2.468 -0.580 188 173 125 0.910 0
-56.461 -2.468 -0.615 179 173 121 0.910 0
-54.775 -2.468 -0.648 181 174 127 0.910 0
-53.090 -2.468 -0.678 184 163 128 0.910 0
-51.404 -2.468 -0.704 181 176 136 0.910 0
-49.719 -2.468 -0.728 190 176 121 0.910 0
-48.034 -2.468 -0.748 189 177 128 0.910 0
-46.348 -2.468 -0.764 184 166 132 0.910 0
-44.663 -2.468 -0.778 192 164 133 0.910 0
-42.978 -2.468 -0.787 194 177 121 0.910 0
-41.292 -2.468 -0.794 68 63 75 0.940 1
-39.607 -2.468 -0.796 61 70 70 0.940 1
-37.921 -2.468 -0.795 61 65 74 0.940 1
-36.236 -2.468 -0.790 61 71 78 0.940 1
-34.551 -2.468 -0.782 61 65 72 0.940 1
-32.865 -2.468 -0.770 68 67 70 0.940 1
-31.180 -2.468 -0.755 69 63 79 0.940 1
-29.494 -2.468 -0.736 62 63 72 0.940 1
-27.809 -2.468 -0.714 66 70 76 0.940 1
-26.124 -2.468 -0.689 60 72 75 0.940 1
-24.438 -2.468 -0.660 68 66 76 0.940 1
-22.753 -2.468 -0.629 61 71 71 0.940 1
-21.067 -2.468 -0.594 63 64 76 0.940 1
-19.382 -2.468 -0.557 65 63 74 0.940 1
-17.697 -2.468 -0.518 63 64 73 0.940 1
-16.011 -2.468 -0.476 65 71 75 0.940 1
-14.326 -2.468 -0.432 68 63 70 0.940 1
-12.640 -2.468 -0.386 68 67 73 0.940 1
-10.955 -2.468 -0.338 66 63 79 0.940 1
-9.270 -2.468 -0.288 69 70 72 0.940 1
-7.584 -2.468 -0.238 62 69 74 0.940 1
-5.899 -2.468 -0.186 63 71 70 0.940 1
-4.213 -2.468 -0.134 68 64 71 0.940 1
-2.528 -2.468 -0.080 63 64 78 0.940 1
-0.843 -2.468 -0.027 61 70 76 0.940 1
0.843 -2.468 0.027 61 71 79 0.940 1
2.528 -2.468 0.080 65 67 71 0.940 1
4.213 -2.468 0.134 62 65 72 0.940 1
5.899 -2.468 0.186 68 64 72 0.940 1
7.584 -2.468 0.238 63 64 73 0.940 1
9.270 -2.468 0.288 64 70 71 0.940 1
10.955 -2.468 0.338 65 67 71 0.940 1
12.640 -2.468 0.386 63 65 75 0.940 1
14.326 -2.468 0.432 66 70 75 0.940 1
16.011 -2.468 0.476 61 67 75 0.940 1
17.697 -2.468 0.518 184 171 136 0.910 0
19.382 -2.468 0.557 189 177 125 0.910 0
21.067 -2.468 0.594 188 169 131 0.910 0
22.753 -2.468 0.629 194 166 128 0.910 0
24.438 -2.468 0.660 188 174 134 0.910 0
26.124 -2.468 0.689 181 162 137 0.910 0
27.809 -2.468 0.714 183 164 120 0.910 0
29.494 -2.468 0.736 187 171 137 0.910 0
31.180 -2.468 0.755 182 172 125 0.910 0
32.865 -2.468 0.770 185 163 125 0.910 0
34.551 -2.468 0.782 194 167 127 0.910 0
36.236 -2.468 0.790 190 160 137 0.910 0
37.921 -2.468 0.795 183 163 133 0.910 0
39.607 -2.468 0.796 187 168 131 0.910 0
41.292 -2.468 0.794 175 168 120 0.910 0
42.978 -2.468 0.787 185 164 134 0.910 0
44.663 -2.468 0.778 191 167 133 0.910 0
46.348 -2.468 0.764 181 176 127 0.910 0
48.034 -2.468 0.748 185 168 137 0.910 0
49.719 -2.468 0.728 189 166 133 0.910 0
51.404 -2.468 0.704 188 162 122 0.910 0
53.090 -2.468 0.678 182 166 121 0.910 0
54.775 -2.468 0.648 180 167 126 0.910 0
56.461 -2.468 0.615 176 161 133 0.910 0
58.146 -2.468 0.580 192 161 135 0.910 0
59.831 -2.468 0.542 190 162 127 0.910 0
61.517 -2.468 0.501 175 163 123 0.910 0
63.202 -2.468 0.458 177 177 132 0.910 0
64.888 -2.468 0.413 192 165 131 0.910 0
66.573 -2.468 0.367 184 173 138 0.910 0
68.258 -2.468 0.318 179 171 121 0.910 0
69.944 -2.468 0.268 180 164 131 0.910 0
71.629 -2.468 0.217 183 175 131 0.910 0
73.315 -2.468 0.165 182 175 125 0.910 0
75.000 -2.468 0.112 176 169 120 0.910 0
-75.000 -0.823 -0.113 181 177 135 0.910 0
-73.315 -0.823 -0.166 182 166 134 0.910 0
-71.629 -0.823 -0.218 181 168 133 0.910 0
-69.944 -0.823 -0.270 180 169 121 0.910 0
-68.258 -0.823 -0.320 184 172 124 0.910 0
-66.573 -0.823 -0.368 185 174 134 0.910 0
-64.888 -0.823 -0.415 185 164 138 0.910 0
-63.202 -0.823 -0.460 183 163 129 0.910 0
-61.517 -0.823 -0.503 182 175 136 0.910 0
-59.831 -0.823 -0.544 183 167 134 0.910 0
-58.146 -0.823 -0.582 180 163 134 0.910 0
-56.461 -0.823 -0.618 180 161 137 0.910 0
-54.775 -0.823 -0.651 175 166 129 0.910 0
-53.090 -0.823 -0.680 186 175 134 0.910 0
-51.404 -0.823 -0.707 181 167 131 0.910 0
-49.719 -0.823 -0.731 175 166 131 0.910 0
-48.034 -0.823 -0.751 191 167 134 0.910 0
-46.348 -0.823 -0.768 187 175 131 0.910 0
-44.663 -0.823 -0.781 190 172 124 0.910 0
-42.978 -0.823 -0.791 179 178 139 0.910 0
-41.292 -0.823 -0.797 180 173 128 0.910 0
-39.607 -0.823 -0.799 176 170 128 0.910 0
-37.921 -0.823 -0.798 183 172 137 0.910 0
-36.236 -0.823 -0.794 179 172 127 0.910 0
-34.551 -0.823 -0.785 176 179 139 0.910 0
-32.865 -0.823 -0.773 61 63 71 0.940 1
-31.180 -0.823 -0.758 64 68 78 0.940 1
-29.494 -0.823 -0.739 63 65 77 0.940 1
-27.809 -0.823 -0.717 66 70 79 0.940 1
-26.124 -0.823 -0.692 62 71 76 0.940 1
-24.438 -0.823 -0.663 67 64 76 0.940 1
-22.753 -0.823 -0.631 66 69 77 0.940 1
-21.067 -0.823 -0.597 65 69 77 0.940 1
-19.382 -0.823 -0.560 68 70 70 0.940 1
-17.697 -0.823 -0.520 64 72 75 0.940 1
-16.011 -0.823 -0.478 66 70 76 0.940 1
-14.326 -0.823 -0.434 61 66 75 0.940 1
-12.640 -0.823 -0.387 68 64 78 0.940 1
-10.955 -0.823 -0.339 60 66 73 0.940 1
-9.270 -0.823 -0.290 65 66 75 0.940 1
-7.584 -0.823 -0.239 67 65 76 0.940 1
-5.899 -0.823 -0.187 64 64 76 0.940 1
-4.213 -0.823 -0.134 63 66 76 0.940 1
-2.528 -0.823 -0.081 69 68 78 0.940 1
-0.843 -0.823 -0.027 68 67 79 0.940 1
0.843 -0.823 0.027 62 68 73 0.940 1
2.528 -0.823 0.081 61 72 79 0.940 1
4.213 -0.823 0.134 62 65 72 0.940 1
5.899 -0.823 0.187 68 64 72 0.940 1
7.584 -0.823 0.239 67 67 74 0.940 1
9.270 -0.823 0.290 64 69 75 0.940 1
10.955 -0.823 0.339 65 67 73 0.940 1
12.640 -0.823 0.387 69 64 78 0.940 1
14.326 -0.823 0.434 63 70 74 0.940 1
16.011 -0.823 0.478 65 64 73 0.940 1
17.697 -0.823 0.520 66 71 77 0.940 1
19.382 -0.823 0.560 69 67 73 0.940 1
21.067 -0.823 0.597 65 66 70 0.940 1
22.753 -0.823 0.631 63 70 74 0.940 1
24.438 -0.823 0.663 60 64 77 0.940 1
26.124 -0.823 0.692 178 179 130 0.910 0
27.809 -0.823 0.717 188 170 121 0.910 0
29.494 -0.823 0.739 178 177 136 0.910 0
31.180 -0.823 0.758 185 178 120 0.910 0
32.865 -0.823 0.773 193 173 131 0.910 0
34.551 -0.823 0.785 176 160 129 0.910 0
36.236 -0.823 0.794 191 175 121 0.910 0
37.921 -0.823 0.798 178 174 126 0.910 0
39.607 -0.823 0.799 185 162 139 0.910 0
41.292 -0.823 0.797 181 162 133 0.910 0
42.978 -0.823 0.791 181 174 137 0.910 0
44.663 -0.823 0.781 188 171 137 0.910 0
46.348 -0.823 0.768 183 165 125 0.910 0
48.034 -0.823 0.751 178 177 126 0.910 0
49.719 -0.823 0.731 188 162 128 0.910 0
51.404 -0.823 0.707 189 162 132 0.910 0
53.090 -0.823 0.680 178 169 131 0.910 0
54.775 -0.823 0.651 191 171 132 0.910 0
56.461 -0.823 0.618 178 175 139 0.910 0
58.146 -0.823 0.582 188 166 124 0.910 0
59.831 -0.823 0.544 180 163 139 0.910 0
61.517 -0.823 0.503 179 167 136 0.910 0
63.202 -0.823 0.460 189 164 127 0.910 0
64.888 -0.823 0.415 178 173 123 0.910 0
66.573 -0.823 0.368 176 174 128 0.910 0
68.258 -0.823 0.320 179 174 128 0.910 0
69.944 -0.823 0.270 185 178 139 0.910 0
71.629 -0.823 0.218 181 172 125 0.910 0
73.315 -0.823 0.166 188 175 120 0.910 0
75.000 -0.823 0.113 191 173 134 0.910 0
-75.000 0.823 -0.113 187 173 126 0.910 0
-73.315 0.823 -0.166 190 170 123 0.910 0
-71.629 0.823 -0.218 184 173 135 0.910 0
-69.944 0.823 -0.270 192 170 136 0.910 0
-68.258 0.823 -0.320 190 161 128 0.910 0
-66.573 0.823 -0.368 188 173 124 0.910 0
-64.888 0.823 -0.415 190 178 133 0.910 0
-63.202 0.823 -0.460 186 165 138 0.910 0
-61.517 0.823 -0.503 194 172 127 0.910 0
-59.831 0.823 -0.544 191 179 138 0.910 0
-58.146 0.823 -0.582 185 179 134 0.910 0
-56.461 0.823 -0.618 189 176 128 0.910 0
-54.775 0.823 -0.651 194 173 136 0.910 0
-53.090 0.823 -0.680 193 179 133 0.910 0
-51.404 0.823 -0.707 185 160 130 0.910 0
-49.719 0.823 -0.731 175 174 139 0.910 0
-48.034 0.823 -0.751 188 164 137 0.910 0
-46.348 0.823 -0.768 176 172 135 0.910 0
-44.663 0.823 -0.781 193 164 120 0.910 0
-42.978 0.823 -0.791 175 177 137 0.910 0
-41.292 0.823 -0.797 183 179 137 0.910 0
-39.607 0.823 -0.799 181 176 132 0.910 0
-37.921 0.823 -0.798 186 169 124 0.910 0
-36.236 0.823 -0.794 180 176 138 0.910 0
-34.551 0.823 -0.785 179 176 130 0.910 0
-32.865 0.823 -0.773 186 166 131 0.910 0
-31.180 0.823 -0.758 180 172 133 0.910 0
-29.494 0.823 -0.739 190 173 135 0.910 0
-27.809 0.823 -0.717 193 174 132 0.910 0
-26.124 0.823 -0.692 191 175 127 0.910 0
-24.438 0.823 -0.663 69 66 78 0.940 1
-22.753 0.823 -0.631 62 66 70 0.940 1
-21.067 0.823 -0.597 65 71 76 0.940 1
-19.382 0.823 -0.560 63 66 72 0.940 1
-17.697 0.823 -0.520 67 64 70 0.940 1
-16.011 0.823 -0.478 65 68 75 0.940 1
-14.326 0.823 -0.434 67 72 73 0.940 1
-12.640 0.823 -0.387 61 67 71 0.940 1
-10.955 0.823 -0.339 64 68 73 0.940 1
-9.270 0.823 -0.290 69 64 76 0.940 1
-7.584 0.823 -0.239 65 66 75 0.940 1
-5.899 0.823 -0.187 65 67 77 0.940 1
-4.213 0.823 -0.134 69 72 71 0.940 1
-2.528 0.823 -0.081 62 69 72 0.940 1
-0.843 0.823 -0.027 66 68 70 0.940 1
0.843 0.823 0.027 69 70 76 0.940 1
2.528 0.823 0.081 69 67 75 0.940 1
4.213 0.823 0.134 65 66 75 0.940 1
5.899 0.823 0.187 64 64 78 0.940 1
7.584 0.823 0.239 62 71 70 0.940 1
9.270 0.823 0.290 66 67 76 0.940 1
10.955 0.823 0.339 60 63 75 0.940 1
12.640 0.823 0.387 67 68 76 0.940 1
14.326 0.823 0.434 69 70 76 0.940 1
16.011 0.823 0.478 65 64 73 0.940 1
17.697 0.823 0.520 65 70 72 0.940 1
19.382 0.823 0.560 61 69 76 0.940 1
21.067 0.823 0.597 61 68 74 0.940 1
22.753 0.823 0.631 60 67 75 0.940 1
24.438 0.823 0.663 66 68 79 0.940 1
26.124 0.823 0.692 68 68 75 0.940 1
27.809 0.823 0.717 61 64 70 0.940 1
29.494 0.823 0.739 66 67 77 0.940 1
31.180 0.823 0.758 63 67 71 0.940 1
32.865 0.823 0.773 64 67 72 0.940 1
34.551 0.823 0.785 184 172 127 0.910 0
36.236 0.823 0.794 177 169 133 0.910 0
37.921 0.823 0.798 177 162 130 0.910 0
39.607 0.823 0.799 187 170 123 0.910 0
41.292 0.823 0.797 188 173 139 0.910 0
42.978 0.823 0.791 190 176 123 0.910 0
44.663 0.823 0.781 176 166 129 0.910 0
46.348 0.823 0.768 182 171 138 0.910 0
48.034 0.823 0.751 179 169 127 0.910 0
49.719 0.823 0.731 191 179 133 0.910 0
51.404 0.823 0.707 192 165 136 0.910 0
53.090 0.823 0.680 190 179 124 0.910 0
54.775 0.823 0.651 189 165 133 0.910 0
56.461 0.823 0.618 186 178 120 0.910 0
58.146 0.823 0.582 179 177 136 0.910 0
59.831 0.823 0.544 185 169 126 0.910 0
61.517 0.823 0.503 181 168 127 0.910 0
63.202 0.823 0.460 189 169 131 0.910 0
64.888 0.823 0.415 192 177 128 0.910 0
66.573 0.823 0.368 181 167 120 0.910 0
68.258 0.823 0.320 192 172 138 0.910 0
69.944 0.823 0.270 194 161 129 0.910 0
71.629 0.823 0.218 176 172 130 0.910 0
73.315 0.823 0.166 177 167 132 0.910 0
75.000 0.823 0.113 188 165 126 0.910 0
-75.000 2.468 -0.112 179 168 135 0.910 0
-73.315 2.468 -0.165 180 172 124 0.910 0
-71.629 2.468 -0.217 188 175 120 0.910 0
-69.944 2.468 -0.268 179 172 121 0.910 0
-68.258 2.468 -0.318 175 165 135 0.910 0
-66.573 2.468 -0.367 193 173 123 0.910 0
-64.888 2.468 -0.413 180 167 129 0.910 0
-63.202 2.468 -0.458 176 178 126 0.910 0
-61.517 2.468 -0.501 182 168 122 0.910 0
-59.831 2.468 -0.542 194 175 134 0.910 0
-58.146 2.468 -0.580 192 162 138 0.910 0
-56.461 2.468 -0.615 175 167 134 0.910 0
-54.775 2.468 -0.648 177 179 139 0.910 0
-53.090 2.468 -0.678 188 163 126 0.910 0
-51.404 2.468 -0.704 189 174 138 0.910 0
-49.719 2.468 -0.728 184 179 136 0.910 0
-48.034 2.468 -0.748 188 169 130 0.910 0
-46.348 2.468 -0.764 190 175 126 0.910 0
-44.663 2.468 -0.778 185 163 123 0.910 0
-42.978 2.468 -0.787 184 175 131 0.910 0
-41.292 2.468 -0.794 192 178 131 0.910 0
-39.607 2.468 -0.796 182 163 131 0.910 0
-37.921 2.468 -0.795 188 170 128 0.910 0
-36.236 2.468 -0.790 179 161 135 0.910 0
-14.326 2.468 -0.432 65 66 78 0.940 1
-12.640 2.468 -0.386 66 65 78 0.940 1
-10.955 2.468 -0.338 67 67 75 0.940 1
-9.270 2.468 -0.288 62 70 71 0.940 1
-7.584 2.468 -0.238 69 72 75 0.940 1
-5.899 2.468 -0.186 62 68 78 0.940 1
-4.213 2.468 -0.134 67 64 74 0.940 1
-2.528 2.468 -0.080 61 65 74 0.940 1
-0.843 2.468 -0.027 61 64 71 0.940 1
0.843 2.468 0.027 63 64 73 0.940 1
2.528 2.468 0.080 69 70 73 0.940 1
4.213 2.468 0.134 66 67 74 0.940 1
5.899 2.468 0.186 61 69 71 0.940 1
7.584 2.468 0.238 64 71 73 0.940 1
9.270 2.468 0.288 64 71 77 0.940 1
10.955 2.468 0.338 62 72 72 0.940 1
12.640 2.468 0.386 66 69 75 0.940 1
14.326 2.468 0.432 65 69 72 0.940 1
16.011 2.468 0.476 68 66 75 0.940 1
17.697 2.468 0.518 67 65 78 0.940 1
19.382 2.468 0.557 66 70 75 0.940 1
21.067 2.468 0.594 64 64 72 0.940 1
22.753 2.468 0.629 63 71 74 0.940 1
24.438 2.468 0.660 69 70 76 0.940 1
26.124 2.468 0.689 61 71 76 0.940 1
27.809 2.468 0.714 67 64 71 0.940 1
29.494 2.468 0.736 64 72 77 0.940 1
31.180 2.468 0.755 69 65 73 0.940 1
32.865 2.468 0.770 66 63 77 0.940 1
34.551 2.468 0.782 69 71 70 0.940 1
36.236 2.468 0.790 68 65 74 0.940 1
37.921 2.468 0.795 69 65 76 0.940 1
39.607 2.468 0.796 66 68 72 0.940 1
41.292 2.468 0.794 64 69 78 0.940 1
42.978 2.468 0.787 181 172 132 0.910 0
44.663 2.468 0.778 193 172 134 0.910 0
46.348 2.468 0.764 177 163 124 0.910 0
48.034 2.468 0.748 182 178 134 0.910 0
49.719 2.468 0.728 189 172 131 0.910 0
51.404 2.468 0.704 180 164 127 0.910 0
53.090 2.468 0.678 181 164 139 0.910 0
54.775 2.468 0.648 185 175 129 0.910 0
56.461 2.468 0.615 191 175 125 0.910 0
58.146 2.468 0.580 182 161 137 0.910 0
59.831 2.468 0.542 181 161 121 0.910 0
61.517 2.468 0.501 175 169 137 0.910 0
63.202 2.468 0.458 194 176 130 0.910 0
64.888 2.468 0.413 175 165 134 0.910 0
66.573 2.468 0.367 188 162 127 0.910 0
68.258 2.468 0.318 176 169 121 0.910 0
69.944 2.468 0.268 180 168 138 0.910 0
71.629 2.468 0.217 194 174 131 0.910 0
73.315 2.468 0.165 175 175 129 0.910 0
75.000 2.468 0.112 189 170 127 0.910 0
-75.000 4.114 -0.111 187 160 135 0.910 0
-73.315 4.114 -0.164 192 168 134 0.910 0
-71.629 4.114 -0.215 192 160 129 0.910 0
-69.944 4.114 -0.266 176 164 121 0.910 0
-68.258 4.114 -0.315 185 174 126 0.910 0
-66.573 4.114 -0.364 180 162 124 0.910 0
-64.888 4.114 -0.410 185 162 132 0.910 0
-63.202 4.114 -0.454 190 179 129 0.910 0
-61.517 4.114 -0.497 186 170 126 0.910 0
-59.831 4.114 -0.537 193 176 127 0.910 0
-58.146 4.114 -0.575 186 170 129 0.910 0
-56.461 4.114 -0.610 176 174 136 0.910 0
-54.775 4.114 -0.642 188 162 128 0.910 0
-53.090 4.114 -0.672 192 177 127 0.910 0
-51.404 4.114 -0.698 175 168 138 0.910 0
-49.719 4.114 -0.721 187 174 135 0.910 0
-48.034 4.114 -0.741 188 166 131 0.910 0
-46.348 4.114 -0.758 185 168 121 0.910 0
-44.663 4.114 -0.771 186 161 139 0.910 0
-42.978 4.114 -0.781 182 171 132 0.910 0
-41.292 4.114 -0.787 184 167 127 0.910 0
-39.607 4.114 -0.789 181 165 125 0.910 0
-37.921 4.114 -0.788 180 171 137 0.910 0
-36.236 4.114 -0.783 191 174 121 0.910 0
-14.326 4.114 -0.428 191 164 126 0.910 0
-12.640 4.114 -0.382 193 169 136 0.910 0
-10.955 4.114 -0.335 175 175 136 0.910 0
-9.270 4.114 -0.286 69 70 73 0.940 1
-7.584 4.114 -0.236 64 66 76 0.940 1
-5.899 4.114 -0.184 67 64 78 0.940 1
-4.213 4.114 -0.132 64 65 70 0.940 1
-2.528 4.114 -0.080 61 69 72 0.940 1
-0.843 4.114 -0.027 60 68 74 0.940 1
0.843 4.114 0.027 66 68 73 0.940 1
2.528 4.114 0.080 65 72 74 0.940 1
4.213 4.114 0.132 69 66 73 0.940 1
5.899 4.114 0.184 60 72 75 0.940 1
7.584 4.114 0.236 68 63 72 0.940 1
9.270 4.114 0.286 62 63 72 0.940 1
10.955 4.114 0.335 62 63 70 0.940 1
12.640 4.114 0.382 60 68 75 0.940 1
14.326 4.114 0.428 63 71 71 0.940 1
16.011 4.114 0.472 64 63 75 0.940 1
17.697 4.114 0.513 68 64 73 0.940 1
19.382 4.114 0.552 68 66 79 0.940 1
21.067 4.114 0.589 65 71 74 0.940 1
22.753 4.114 0.623 68 63 76 0.940 1
24.438 4.114 0.654 64 63 77 0.940 1
26.124 4.114 0.683 66 66 72 0.940 1
27.809 4.114 0.708 61 67 72 0.940 1
29.494 4.114 0.730 62 64 79 0.940 1
31.180 4.114 0.748 61 72 77 0.940 1
32.865 4.114 0.763 60 66 76 0.940 1
34.551 4.114 0.775 60 71 70 0.940 1
36.236 4.114 0.783 66 67 78 0.940 1
37.921 4.114 0.788 67 65 76 0.940 1
39.607 4.114 0.789 62 63 74 0.940 1
41.292 4.114 0.787 66 72 73 0.940 1
42.978 4.114 0.781 60 72 78 0.940 1
44.663 4.114 0.771 64 68 75 0.940 1
46.348 4.114 0.758 63 69 74 0.940 1
48.034 4.114 0.741 61 68 75 0.940 1
49.719 4.114 0.721 62 69 77 0.940 1
51.404 4.114 0.698 178 169 120 0.910 0
53.090 4.114 0.672 175 161 135 0.910 0
54.775 4.114 0.642 181 161 130 0.910 0
56.461 4.114 0.610 187 166 128 0.910 0
58.146 4.114 0.575 175 170 128 0.910 0
59.831 4.114 0.537 194 178 133 0.910 0
61.517 4.114 0.497 189 160 131 0.910 0
63.202 4.114 0.454 178 173 126 0.910 0
64.888 4.114 0.410 186 166 132 0.910 0
66.573 4.114 0.364 185 160 121 0.910 0
68.258 4.114 0.315 188 160 133 0.910 0
69.944 4.114 0.266 189 171 123 0.910 0
71.629 4.114 0.215 186 179 133 0.910 0
73.315 4.114 0.164 188 177 136 0.910 0
75.000 4.114 0.111 183 173 122 0.910 0
-75.000 5.759 -0.110 177 172 128 0.910 0
-73.315 5.759 -0.162 194 174 126 0.910 0
-71.629 5.759 -0.213 193 176 125 0.910 0
-69.944 5.759 -0.263 179 170 127 0.910 0
-68.258 5.759 -0.311 191 173 137 0.910 0
-66.573 5.759 -0.359 185 166 132 0.910 0
-64.888 5.759 -0.405 186 177 137 0.910 0
-63.202 5.759 -0.448 175 178 129 0.910 0
-61.517 5.759 -0.490 184 172 120 0.910 0
-59.831 5.759 -0.530 193 169 127 0.910 0
-58.146 5.759 -0.567 175 163 127 0.910 0
-56.461 5.759 -0.602 188 163 133 0.910 0
-54.775 5.759 -0.634 183 169 123 0.910 0
-53.090 5.759 -0.663 175 160 127 0.910 0
-51.404 5.759 -0.689 191 163 129 0.910 0
-49.719 5.759 -0.712 180 176 127 0.910 0
-48.034 5.759 -0.731 186 166 130 0.910 0
-46.348 5.759 -0.748 191 164 126 0.910 0
-44.663 5.759 -0.761 183 161 123 0.910 0
-42.978 5.759 -0.770 178 176 122 0.910 0
-41.292 5.759 -0.776 194 163 137 0.910 0
-39.607 5.759 -0.779 192 169 126 0.910 0
-37.921 5.759 -0.778 186 177 121 0.910 0
-36.236 5.759 -0.773 187 167 121 0.910 0
-14.326 5.759 -0.422 185 178 128 0.910 0
-12.640 5.759 -0.377 188 174 129 0.910 0
-10.955 5.759 -0.330 175 179 136 0.910 0
-9.270 5.759 -0.282 177 164 123 0.910 0
-7.584 5.759 -0.233 180 172 120 0.910 0
-5.899 5.759 -0.182 181 177 139 0.910 0
-4.213 5.759 -0.131 187 176 127 0.910 0
-2.528 5.759 -0.079 176 168 134 0.910 0
-0.843 5.759 -0.026 65 72 73 0.940 1
0.843 5.759 0.026 69 68 76 0.940 1
2.528 5.759 0.079 60 70 75 0.940 1
4.213 5.759 0.131 63 71 76 0.940 1
5.899 5.759 0.182 61 68 78 0.940 1
7.584 5.759 0.233 67 71 76 0.940 1
9.270 5.759 0.282 64 65 76 0.940 1
10.955 5.759 0.330 66 70 74 0.940 1
12.640 5.759 0.377 65 72 76 0.940 1
14.326 5.759 0.422 61 66 76 0.940 1
16.011 5.759 0.465 66 70 77 0.940 1
17.697 5.759 0.506 64 69 76 0.940 1
19.382 5.759 0.545 66 63 74 0.940 1
21.067 5.759 0.581 62 70 78 0.940 1
22.753 5.759 0.615 67 64 73 0.940 1
24.438 5.759 0.646 67 64 79 0.940 1
26.124 5.759 0.674 63 65 76 0.940 1
27.809 5.759 0.698 67 72 77 0.940 1
29.494 5.759 0.720 60 69 70 0.940 1
31.180 5.759 0.738 69 67 77 0.940 1
32.865 5.759 0.753 68 72 77 0.940 1
34.551 5.759 0.765 60 72 76 0.940 1
36.236 5.759 0.773 67 63 72 0.940 1
37.921 5.759 0.778 61 68 70 0.940 1
39.607 5.759 0.779 61 67 73 0.940 1
41.292 5.759 0.776 69 71 75 0.940 1
42.978 5.759 0.770 66 72 72 0.940 1
44.663 5.759 0.761 60 72 74 0.940 1
46.348 5.759 0.748 67 68 71 0.940 1
48.034 5.759 0.731 66 65 74 0.940 1
49.719 5.759 0.712 66 64 75 0.940 1
51.404 5.759 0.689 61 71 71 0.940 1
53.090 5.759 0.663 66 67 77 0.940 1
54.775 5.759 0.634 67 69 78 0.940 1
56.461 5.759 0.602 62 72 72 0.940 1
58.146 5.759 0.567 67 64 71 0.940 1
59.831 5.759 0.530 178 160 124 0.910 0
61.517 5.759 0.490 193 173 134 0.910 0
63.202 5.759 0.448 176 161 123 0.910 0
64.888 5.759 0.405 194 165 137 0.910 0
66.573 5.759 0.359 179 160 133 0.910 0
68.258 5.759 0.311 192 167 121 0.910 0
69.944 5.759 0.263 190 176 123 0.910 0
71.629 5.759 0.213 181 164 131 0.910 0
73.315 5.759 0.162 194 179 129 0.910 0
75.000 5.759 0.110 193 168 126 0.910 0
-75.000 7.405 -0.108 180 161 128 0.910 0
-73.315 7.405 -0.159 191 163 139 0.910 0
-71.629 7.405 -0.209 175 176 129 0.910 0
-69.944 7.405 -0.258 176 171 130 0.910 0
-68.258 7.405 -0.306 185 175 139 0.910 0
-66.573 7.405 -0.352 185 173 128 0.910 0
-64.888 7.405 -0.397 181 169 136 0.910 0
-63.202 7.405 -0.441 185 165 135 0.910 0
-61.517 7.405 -0.482 188 174 130 0.910 0
-59.831 7.405 -0.521 191 171 133 0.910 0
-58.146 7.405 -0.557 186 165 139 0.910 0
-56.461 7.405 -0.591 191 174 124 0.910 0
-54.775 7.405 -0.623 182 170 124 0.910 0
-53.090 7.405 -0.651 193 164 136 0.910 0
-51.404 7.405 -0.677 190 164 139 0.910 0
-49.719 7.405 -0.699 182 166 127 0.910 0
-48.034 7.405 -0.719 177 165 133 0.910 0
-46.348 7.405 -0.735 176 160 121 0.910 0
-44.663 7.405 -0.747 178 162 121 0.910 0
-42.978 7.405 -0.757 175 164 129 0.910 0
-41.292 7.405 -0.763 177 175 131 0.910 0
-39.607 7.405 -0.765 175 176 131 0.910 0
-37.921 7.405 -0.764 176 168 120 0.910 0
-36.236 7.405 -0.760 191 169 137 0.910 0
-14.326 7.405 -0.415 189 170 129 0.910 0
-12.640 7.405 -0.371 178 170 128 0.910 0
-10.955 7.405 -0.325 194 168 130 0.910 0
-9.270 7.405 -0.277 187 177 134 0.910 0
-7.584 7.405 -0.229 185 172 122 0.910 0
-5.899 7.405 -0.179 182 175 135 0.910 0
-4.213 7.405 -0.128 190 167 131 0.910 0
-2.528 7.405 -0.077 187 179 128 0.910 0
-0.843 7.405 -0.026 180 177 137 0.910 0
0.843 7.405 0.026 178 165 136 0.910 0
2.528 7.405 0.077 177 170 137 0.910 0
4.213 7.405 0.128 190 168 129 0.910 0
5.899 7.405 0.179 182 162 121 0.910 0
7.584 7.405 0.229 61 67 75 0.940 1
9.270 7.405 0.277 61 71 77 0.940 1
10.955 7.405 0.325 62 71 72 0.940 1
12.640 7.405 0.371 65 64 75 0.940 1
14.326 7.405 0.415 64 72 76 0.940 1
16.011 7.405 0.457 69 64 78 0.940 1
17.697 7.405 0.498 60 72 76 0.940 1
19.382 7.405 0.536 60 71 74 0.940 1
21.067 7.405 0.571 61 71 77 0.940 1
22.753 7.405 0.604 67 68 79 0.940 1
24.438 7.405 0.634 68 63 76 0.940 1
26.124 7.405 0.662 68 66 71 0.940 1
27.809 7.405 0.686 61 72 74 0.940 1
29.494 7.405 0.707 67 63 78 0.940 1
31.180 7.405 0.725 65 68 74 0.940 1
32.865 7.405 0.740 64 68 78 0.940 1
34.551 7.405 0.752 67 69 72 0.940 1
36.236 7.405 0.760 60 67 78 0.940 1
37.921 7.405 0.764 63 72 76 0.940 1
39.607 7.405 0.765 69 69 72 0.940 1
41.292 7.405 0.763 68 72 70 0.940 1
42.978 7.405 0.757 69 70 79 0.940 1
44.663 7.405 0.747 60 65 72 0.940 1
46.348 7.405 0.735 60 71 77 0.940 1
48.034 7.405 0.719 67 72 78 0.940 1
49.719 7.405 0.699 63 71 70 0.940 1
51.404 7.405 0.677 65 68 72 0.940 1
53.090 7.405 0.651 62 67 71 0.940 1
54.775 7.405 0.623 68 65 77 0.940 1
56.461 7.405 0.591 69 66 70 0.940 1
58.146 7.405 0.557 61 64 70 0.940 1
59.831 7.405 0.521 69 68 77 0.940 1
61.517 7.405 0.482 69 69 73 0.940 1
63.202 7.405 0.441 62 67 78 0.940 1
64.888 7.405 0.397 65 68 74 0.940 1
66.573 7.405 0.352 67 70 79 0.940 1
68.258 7.405 0.306 186 171 134 0.910 0
69.944 7.405 0.258 185 171 135 0.910 0
71.629 7.405 0.209 193 179 126 0.910 0
73.315 7.405 0.159 193 177 133 0.910 0
75.000 7.405 0.108 194 165 126 0.910 0
-75.000 9.051 -0.106 190 171 129 0.910 0
-73.315 9.051 -0.155 177 170 120 0.910 0
-71.629 9.051 -0.204 191 175 139 0.910 0
-69.944 9.051 -0.252 175 169 124 0.910 0
-68.258 9.051 -0.299 186 164 138 0.910 0
-66.573 9.051 -0.345 187 170 134 0.910 0
-64.888 9.051 -0.389 179 161 132 0.910 0
-63.202 9.051 -0.431 185 168 133 0.910 0
-61.517 9.051 -0.471 186 175 138 0.910 0
-59.831 9.051 -0.509 177 162 128 0.910 0
-58.146 9.051 -0.545 191 174 139 0.910 0
-56.461 9.051 -0.578 191 170 120 0.910 0
-54.775 9.051 -0.609 187 174 126 0.910 0
-53.090 9.051 -0.637 183 164 138 0.910 0
-51.404 9.051 -0.662 184 172 131 0.910 0
-49.719 9.051 -0.684 183 173 120 0.910 0
-48.034 9.051 -0.703 179 168 131 0.910 0
-46.348 9.051 -0.718 186 172 139 0.910 0
-44.663 9.051 -0.731 188 160 131 0.910 0
-42.978 9.051 -0.740 181 161 124 0.910 0
-41.292 9.051 -0.746 176 164 134 0.910 0
-39.607 9.051 -0.748 182 167 134 0.910 0
-37.921 9.051 -0.747 175 177 130 0.910 0
-36.236 9.051 -0.743 177 167 131 0.910 0
-14.326 9.051 -0.406 181 164 138 0.910 0
-12.640 9.051 -0.362 181 175 128 0.910 0
-10.955 9.051 -0.317 181 174 138 0.910 0
-9.270 9.051 -0.271 193 175 124 0.910 0
-7.584 9.051 -0.223 190 162 134 0.910 0
-5.899 9.051 -0.175 183 174 121 0.910 0
-4.213 9.051 -0.125 193 173 122 0.910 0
-2.528 9.051 -0.076 179 168 123 0.910 0
-0.843 9.051 -0.025 180 163 131 0.910 0
0.843 9.051 0.025 188 175 122 0.910 0
2.528 9.051 0.076 180 164 120 0.910 0
4.213 9.051 0.125 193 169 132 0.910 0
5.899 9.051 0.175 176 161 127 0.910 0
7.584 9.051 0.223 186 179 135 0.910 0
9.270 9.051 0.271 182 167 124 0.910 0
10.955 9.051 0.317 177 172 124 0.910 0
12.640 9.051 0.362 190 176 125 0.910 0
14.326 9.051 0.406 189 161 131 0.910 0
16.011 9.051 0.447 65 63 75 0.940 1
17.697 9.051 0.486 66 69 79 0.940 1
19.382 9.051 0.524 64 64 74 0.940 1
21.067 9.051 0.558 68 68 75 0.940 1
22.753 9.051 0.591 61 71 73 0.940 1
24.438 9.051 0.620 61 65 74 0.940 1
26.124 9.051 0.647 66 63 75 0.940 1
27.809 9.051 0.671 64 68 73 0.940 1
29.494 9.051 0.692 61 70 76 0.940 1
31.180 9.051 0.709 66 68 71 0.940 1
32.865 9.051 0.724 65 71 77 0.940 1
34.551 9.051 0.735 68 66 76 0.940 1
36.236 9.051 0.743 64 70 79 0.940 1
37.921 9.051 0.747 61 72 75 0.940 1
39.607 9.051 0.748 63 63 77 0.940 1
41.292 9.051 0.746 68 72 78 0.940 1
42.978 9.051 0.740 62 64 73 0.940 1
44.663 9.051 0.731 61 72 75 0.940 1
46.348 9.051 0.718 64 65 73 0.940 1
48.034 9.051 0.703 67 63 71 0.940 1
49.719 9.051 0.684 69 68 72 0.940 1
51.404 9.051 0.662 67 66 75 0.940 1
53.090 9.051 0.637 60 69 79 0.940 1
54.775 9.051 0.609 64 66 71 0.940 1
56.461 9.051 0.578 61 68 70 0.940 1
58.146 9.051 0.545 68 68 76 0.940 1
59.831 9.051 0.509 64 65 75 0.940 1
61.517 9.051 0.471 65 65 75 0.940 1
63.202 9.051 0.431 68 70 78 0.940 1
64.888 9.051 0.389 65 67 72 0.940 1
66.573 9.051 0.345 63 66 70 0.940 1
68.258 9.051 0.299 65 66 73 0.940 1
69.944 9.051 0.252 60 64 77 0.940 1
71.629 9.051 0.204 69 68 70 0.940 1
73.315 9.051 0.155 67 72 70 0.940 1
75.000 9.051 0.106 63 70 76 0.940 1
-75.000 10.696 -0.103 177 162 134 0.910 0
-73.315 10.696 -0.151 188 177 134 0.910 0
-71.629 10.696 -0.199 182 162 132 0.910 0
-69.944 10.696 -0.245 193 162 121 0.910 0
-68.258 10.696 -0.291 176 163 136 0.910 0
-66.573 10.696 -0.335 193 166 125 0.910 0
-64.888 10.696 -0.378 181 163 123 0.910 0
-63.202 10.696 -0.419 183 161 138 0.910 0
-61.517 10.696 -0.458 182 172 123 0.910 0
-59.831 10.696 -0.495 187 179 136 0.910 0
-58.146 10.696 -0.530 176 165 135 0.910 0
-56.461 10.696 -0.562 180 167 123 0.910 0
-54.775 10.696 -0.592 193 173 139 0.910 0
-53.090 10.696 -0.619 179 175 125 0.910 0
-51.404 10.696 -0.644 191 169 124 0.910 0
-49.719 10.696 -0.665 182 162 123 0.910 0
-48.034 10.696 -0.684 193 173 121 0.910 0
-46.348 10.696 -0.699 175 177 137 0.910 0
-44.663 10.696 -0.711 187 168 138 0.910 0
-42.978 10.696 -0.720 184 165 129 0.910 0
-41.292 10.696 -0.726 183 165 136 0.910 0
-39.607 10.696 -0.728 181 170 128 0.910 0
-37.921 10.696 -0.727 187 176 121 0.910 0
-36.236 10.696 -0.723 185 174 122 0.910 0
-14.326 10.696 -0.395 192 169 122 0.910 0
-12.640 10.696 -0.353 193 163 121 0.910 0
-10.955 10.696 -0.309 188 175 131 0.910 0
-9.270 10.696 -0.264 194 172 134 0.910 0
-7.584 10.696 -0.217 180 177 135 0.910 0
-5.899 10.696 -0.170 186 168 120 0.910 0
-4.213 10.696 -0.122 179 161 130 0.910 0
-2.528 10.696 -0.073 185 174 131 0.910 0
-0.843 10.696 -0.025 186 169 138 0.910 0
0.843 10.696 0.025 192 177 120 0.910 0
2.528 10.696 0.073 189 167 131 0.910 0
4.213 10.696 0.122 178 169 134 0.910 0
5.899 10.696 0.170 179 168 131 0.910 0
7.584 10.696 0.217 182 179 139 0.910 0
9.270 10.696 0.264 192 169 123 0.910 0
10.955 10.696 0.309 189 168 120 0.910 0
12.640 10.696 0.353 194 169 121 0.910 0
14.326 10.696 0.395 176 172 130 0.910 0
16.011 10.696 0.435 186 170 120 0.910 0
17.697 10.696 0.473 177 169 138 0.910 0
19.382 10.696 0.509 187 163 139 0.910 0
21.067 10.696 0.543 185 161 137 0.910 0
22.753 10.696 0.575 178 168 127 0.910 0
24.438 10.696 0.604 68 64 74 0.940 1
26.124 10.696 0.630 69 71 78 0.940 1
27.809 10.696 0.653 62 72 79 0.940 1
29.494 10.696 0.673 65 63 77 0.940 1
31.180 10.696 0.690 61 72 74 0.940 1
32.865 10.696 0.704 67 63 70 0.940 1
34.551 10.696 0.715 65 67 71 0.940 1
36.236 10.696 0.723 61 69 74 0.940 1
37.921 10.696 0.727 65 71 70 0.940 1
39.607 10.696 0.728 69 68 78 0.940 1
41.292 10.696 0.726 65 68 71 0.940 1
42.978 10.696 0.720 67 70 79 0.940 1
44.663 10.696 0.711 64 71 72 0.940 1
46.348 10.696 0.699 60 71 73 0.940 1
48.034 10.696 0.684 65 66 75 0.940 1
49.719 10.696 0.665 63 63 70 0.940 1
51.404 10.696 0.644 63 64 77 0.940 1
53.090 10.696 0.619 64 72 75 0.940 1
54.775 10.696 0.592 67 67 76 0.940 1
56.461 10.696 0.562 67 64 74 0.940 1
58.146 10.696 0.530 69 66 75 0.940 1
59.831 10.696 0.495 60 71 76 0.940 1
61.517 10.696 0.458 60 64 73 0.940 1
63.202 10.696 0.419 67 65 77 0.940 1
64.888 10.696 0.378 67 71 75 0.940 1
66.573 10.696 0.335 64 72 73 0.940 1
68.258 10.696 0.291 66 63 73 0.940 1
69.944 10.696 0.245 69 70 76 0.940 1
71.629 10.696 0.199 62 66 73 0.940 1
73.315 10.696 0.151 60 72 71 0.940 1
75.000 10.696 0.103 65 70 74 0.940 1
-75.000 12.342 -0.099 183 161 136 0.910 0
-73.315 12.342 -0.146 177 165 137 0.910 0
-71.629 12.342 -0.192 191 164 136 0.910 0
-69.944 12.342 -0.237 183 160 132 0.910 0
-68.258 12.342 -0.282 184 173 122 0.910 0
-66.573 12.342 -0.324 193 166 139 0.910 0
-64.888 12.342 -0.366 192 163 130 0.910 0
-63.202 12.342 -0.406 183 173 137 0.910 0
-61.517 12.342 -0.443 193 172 134 0.910 0
-59.831 12.342 -0.479 188 178 121 0.910 0
-58.146 12.342 -0.513 188 164 126 0.910 0
-56.461 12.342 -0.544 178 169 120 0.910 0
-54.775 12.342 -0.573 187 178 128 0.910 0
-53.090 12.342 -0.600 191 177 135 0.910 0
-51.404 12.342 -0.623 179 174 123 0.910 0
-49.719 12.342 -0.644 181 169 137 0.910 0
-48.034 12.342 -0.662 184 166 130 0.910 0
-46.348 12.342 -0.676 187 168 137 0.910 0
-44.663 12.342 -0.688 185 178 129 0.910 0
-42.978 12.342 -0.697 187 175 127 0.910 0
-41.292 12.342 -0.702 182 164 121 0.910 0
-39.607 12.342 -0.704 188 167 123 0.910 0
-37.921 12.342 -0.703 185 165 129 0.910 0
-36.236 12.342 -0.699 188 160 125 0.910 0
-14.326 12.342 -0.382 184 177 125 0.910 0
-12.640 12.342 -0.341 178 175 123 0.910 0
-10.955 12.342 -0.299 179 166 131 0.910 0
-9.270 12.342 -0.255 177 172 125 0.910 0
-7.584 12.342 -0.210 178 166 133 0.910 0
-5.899 12.342 -0.165 190 170 138 0.910 0
-4.213 12.342 -0.118 181 169 134 0.910 0
-2.528 12.342 -0.071 184 162 124 0.910 0
-0.843 12.342 -0.024 187 171 134 0.910 0
0.843 12.342 0.024 190 161 127 0.910 0
2.528 12.342 0.071 193 178 130 0.910 0
4.213 12.342 0.118 193 164 136 0.910 0
5.899 12.342 0.165 191 174 129 0.910 0
7.584 12.342 0.210 186 169 137 0.910 0
9.270 12.342 0.255 192 167 122 0.910 0
10.955 12.342 0.299 175 176 134 0.910 0
12.640 12.342 0.341 183 177 126 0.910 0
14.326 12.342 0.382 193 170 129 0.910 0
16.011 12.342 0.421 183 171 121 0.910 0
17.697 12.342 0.458 180 170 138 0.910 0
19.382 12.342 0.493 183 163 130 0.910 0
21.067 12.342 0.526 188 168 122 0.910 0
22.753 12.342 0.556 189 178 127 0.910 0
24.438 12.342 0.584 186 161 132 0.910 0
26.124 12.342 0.609 181 175 120 0.910 0
27.809 12.342 0.632 183 164 123 0.910 0
29.494 12.342 0.651 176 165 124 0.910 0
31.180 12.342 0.668 192 168 129 0.910 0
32.865 12.342 0.681 60 67 72 0.940 1
34.551 12.342 0.692 60 68 73 0.940 1
36.236 12.342 0.699 65 71 73 0.940 1
37.921 12.342 0.703 61 68 71 0.940 1
39.607 12.342 0.704 65 65 76 0.940 1
41.292 12.342 0.702 64 71 76 0.940 1
42.978 12.342 0.697 60 67 71 0.940 1
44.663 12.342 0.688 61 69 72 0.940 1
46.348 12.342 0.676 62 70 73 0.940 1
48.034 12.342 0.662 68 72 73 0.940 1
49.719 12.342 0.644 68 65 74 0.940 1
51.404 12.342 0.623 62 71 74 0.940 1
53.090 12.342 0.600 66 72 78 0.940 1
54.775 12.342 0.573 64 69 77 0.940 1
56.461 12.342 0.544 62 67 71 0.940 1
58.146 12.342 0.513 68 66 79 0.940 1
59.831 12.342 0.479 61 63 70 0.940 1
61.517 12.342 0.443 69 66 71 0.940 1
63.202 12.342 0.406 67 72 75 0.940 1
64.888 12.342 0.366 66 63 75 0.940 1
66.573 12.342 0.324 68 71 75 0.940 1
68.258 12.342 0.282 64 68 79 0.940 1
69.944 12.342 0.237 64 68 71 0.940 1
71.629 12.342 0.192 66 72 77 0.940 1
73.315 12.342 0.146 62 64 76 0.940 1
75.000 12.342 0.099 65 64 77 0.940 1
-75.000 13.987 -0.096 194 179 120 0.910 0
-73.315 13.987 -0.141 182 176 129 0.910 0
-71.629 13.987 -0.185 187 161 123 0.910 0
-69.944 13.987 -0.229 179 166 129 0.910 0
-68.258 13.987 -0.271 190 179 121 0.910 0
-66.573 13.987 -0.312 175 169 128 0.910 0
-64.888 13.987 -0.352 194 169 133 0.910 0
-63.202 13.987 -0.390 185 174 133 0.910 0
-61.517 13.987 -0.427 182 179 122 0.910 0
-59.831 13.987 -0.461 176 167 127 0.910 0
-58.146 13.987 -0.494 182 179 120 0.910 0
-56.461 13.987 -0.524 179 173 131 0.910 0
-54.775 13.987 -0.552 175 167 125 0.910 0
-53.090 13.987 -0.577 180 161 128 0.910 0
-51.404 13.987 -0.600 180 161 139 0.910 0
-49.719 13.987 -0.620 189 170 134 0.910 0
-48.034 13.987 -0.637 189 168 134 0.910 0
-46.348 13.987 -0.651 189 175 132 0.910 0
-44.663 13.987 -0.662 189 162 137 0.910 0
-42.978 13.987 -0.671 177 165 123 0.910 0
-41.292 13.987 -0.676 175 169 121 0.910 0
-39.607 13.987 -0.678 182 171 122 0.910 0
-37.921 13.987 -0.677 183 166 136 0.910 0
-36.236 13.987 -0.673 183 177 129 0.910 0
-14.326 13.987 -0.368 192 171 133 0.910 0
-12.640 13.987 -0.328 175 169 131 0.910 0
-10.955 13.987 -0.288 175 177 121 0.910 0
-9.270 13.987 -0.246 181 178 135 0.910 0
-7.584 13.987 -0.203 178 169 126 0.910 0
-5.899 13.987 -0.159 191 176 138 0.910 0
-4.213 13.987 -0.114 177 161 126 0.910 0
-2.528 13.987 -0.068 191 173 139 0.910 0
-0.843 13.987 -0.023 178 173 130 0.910 0
0.843 13.987 0.023 191 177 127 0.910 0
2.528 13.987 0.068 186 168 131 0.910 0
4.213 13.987 0.114 185 175 124 0.910 0
5.899 13.987 0.159 190 161 138 0.910 0
7.584 13.987 0.203 188 173 129 0.910 0
9.270 13.987 0.246 189 179 122 0.910 0
10.955 13.987 0.288 191 170 120 0.910 0
12.640 13.987 0.328 179 174 130 0.910 0
14.326 13.987 0.368 180 178 125 0.910 0
16.011 13.987 0.405 192 167 139 0.910 0
17.697 13.987 0.441 189 174 132 0.910 0
19.382 13.987 0.475 177 173 128 0.910 0
21.067 13.987 0.506 183 168 122 0.910 0
22.753 13.987 0.535 191 179 136 0.910 0
24.438 13.987 0.562 185 160 123 0.910 0
26.124 13.987 0.586 187 175 122 0.910 0
27.809 13.987 0.608 181 170 127 0.910 0
29.494 13.987 0.627 180 179 137 0.910 0
31.180 13.987 0.643 186 170 134 0.910 0
32.865 13.987 0.656 176 162 120 0.910 0
34.551 13.987 0.666 183 162 130 0.910 0
36.236 13.987 0.673 181 171 120 0.910 0
37.921 13.987 0.677 193 169 126 0.910 0
39.607 13.987 0.678 184 176 136 0.910 0
41.292 13.987 0.676 66 65 74 0.940 1
42.978 13.987 0.671 61 66 79 0.940 1
44.663 13.987 0.662 67 72 73 0.940 1
46.348 13.987 0.651 69 63 70 0.940 1
48.034 13.987 0.637 65 67 71 0.940 1
49.719 13.987 0.620 62 66 73 0.940 1
51.404 13.987 0.600 67 71 75 0.940 1
53.090 13.987 0.577 69 65 74 0.940 1
54.775 13.987 0.552 66 69 76 0.940 1
56.461 13.987 0.524 62 71 75 0.940 1
58.146 13.987 0.494 65 67 73 0.940 1
59.831 13.987 0.461 66 71 75 0.940 1
61.517 13.987 0.427 62 71 79 0.940 1
63.202 13.987 0.390 68 70 76 0.940 1
64.888 13.987 0.352 67 69 79 0.940 1
66.573 13.987 0.312 69 65 78 0.940 1
68.258 13.987 0.271 63 66 72 0.940 1
69.944 13.987 0.229 65 64 78 0.940 1
71.629 13.987 0.185 66 68 71 0.940 1
73.315 13.987 0.141 66 65 72 0.940 1
75.000 13.987 0.096 67 71 78 0.940 1
-75.000 15.633 -0.092 187 178 122 0.910 0
-73.315 15.633 -0.135 191 164 139 0.910 0
-71.629 15.633 -0.177 177 165 138 0.910 0
-69.944 15.633 -0.219 187 160 135 0.910 0
-68.258 15.633 -0.259 188 175 135 0.910 0
-66.573 15.633 -0.299 182 168 121 0.910 0
-64.888 15.633 -0.337 181 166 126 0.910 0
-63.202 15.633 -0.373 185 177 125 0.910 0
-61.517 15.633 -0.408 179 179 139 0.910 0
-59.831 15.633 -0.441 177 177 137 0.910 0
-58.146 15.633 -0.472 175 160 134 0.910 0
-56.461 15.633 -0.501 176 178 128 0.910 0
-54.775 15.633 -0.528 176 179 128 0.910 0
-53.090 15.633 -0.552 192 176 121 0.910 0
-51.404 15.633 -0.574 179 168 132 0.910 0
-49.719 15.633 -0.593 194 167 127 0.910 0
-48.034 15.633 -0.609 191 160 136 0.910 0
-46.348 15.633 -0.623 188 160 128 0.910 0
-44.663 15.633 -0.634 178 172 137 0.910 0
-42.978 15.633 -0.642 185 161 122 0.910 0
-41.292 15.633 -0.647 187 177 129 0.910 0
-39.607 15.633 -0.649 186 174 127 0.910 0
-37.921 15.633 -0.648 194 175 135 0.910 0
-36.236 15.633 -0.644 182 179 129 0.910 0
-14.326 15.633 -0.352 185 160 135 0.910 0
-12.640 15.633 -0.314 178 164 128 0.910 0
-10.955 15.633 -0.275 176 175 133 0.910 0
-9.270 15.633 -0.235 189 166 130 0.910 0
-7.584 15.633 -0.194 178 165 134 0.910 0
-5.899 15.633 -0.152 182 160 134 0.910 0
-4.213 15.633 -0.109 185 167 128 0.910 0
-2.528 15.633 -0.065 176 173 135 0.910 0
-0.843 15.633 -0.022 183 161 130 0.910 0
0.843 15.633 0.022 188 161 137 0.910 0
2.528 15.633 0.065 185 160 136 0.910 0
4.213 15.633 0.109 191 176 139 0.910 0
5.899 15.633 0.152 193 164 125 0.910 0
7.584 15.633 0.194 184 179 124 0.910 0
9.270 15.633 0.235 175 165 124 0.910 0
10.955 15.633 0.275 37 163 68 0.820 3
12.640 15.633 0.314 39 148 69 0.820 3
14.326 15.633 0.352 50 167 68 0.820 3
16.011 15.633 0.388 49 149 62 0.820 3
17.697 15.633 0.422 43 146 62 0.820 3
19.382 15.633 0.454 37 157 59 0.820 3
21.067 15.633 0.484 43 166 71 0.820 3
22.753 15.633 0.512 37 159 58 0.820 3
24.438 15.633 0.538 50 169 67 0.820 3
26.124 15.633 0.561 39 159 71 0.820 3
27.809 15.633 0.582 49 158 71 0.820 3
29.494 15.633 0.600 42 156 60 0.820 3
31.180 15.633 0.615 51 173 67 0.820 3
32.865 15.633 0.627 47 162 58 0.820 3
34.551 15.633 0.637 37 159 70 0.820 3
36.236 15.633 0.644 40 149 69 0.820 3
37.921 15.633 0.648 39 150 63 0.820 3
39.607 15.633 0.649 46 171 60 0.820 3
41.292 15.633 0.647 51 151 58 0.820 3
42.978 15.633 0.642 46 150 60 0.820 3
44.663 15.633 0.634 46 160 59 0.820 3
46.348 15.633 0.623 47 148 72 0.820 3
48.034 15.633 0.609 38 174 64 0.820 3
49.719 15.633 0.593 69 69 70 0.940 1
51.404 15.633 0.574 62 65 79 0.940 1
53.090 15.633 0.552 64 72 77 0.940 1
54.775 15.633 0.528 68 69 75 0.940 1
56.461 15.633 0.501 64 68 72 0.940 1
58.146 15.633 0.472 63 65 77 0.940 1
59.831 15.633 0.441 65 65 76 0.940 1
61.517 15.633 0.408 66 69 78 0.940 1
63.202 15.633 0.373 69 65 70 0.940 1
64.888 15.633 0.337 67 65 75 0.940 1
66.573 15.633 0.299 69 63 79 0.940 1
68.258 15.633 0.259 68 65 72 0.940 1
69.944 15.633 0.219 61 66 74 0.940 1
71.629 15.633 0.177 60 69 79 0.940 1
73.315 15.633 0.135 69 66 75 0.940 1
75.000 15.633 0.092 62 64 71 0.940 1
-75.000 17.278 -0.087 175 163 121 0.910 0
-73.315 17.278 -0.128 182 166 121 0.910 0
-71.629 17.278 -0.168 187 168 123 0.910 0
-69.944 17.278 -0.208 189 173 138 0.910 0
-68.258 17.278 -0.246 182 173 130 0.910 0
-66.573 17.278 -0.284 192 162 127 0.910 0
-64.888 17.278 -0.320 179 163 132 0.910 0
-63.202 17.278 -0.355 187 174 132 0.910 0
-61.517 17.278 -0.388 185 179 130 0.910 0
-59.831 17.278 -0.419 184 175 123 0.910 0
-58.146 17.278 -0.449 179 179 125 0.910 0
-56.461 17.278 -0.476 181 166 121 0.910 0
-54.775 17.278 -0.502 186 174 127 0.910 0
-53.090 17.278 -0.525 193 172 124 0.910 0
-51.404 17.278 -0.545 182 162 126 0.910 0
-49.719 17.278 -0.563 177 176 128 0.910 0
-48.034 17.278 -0.579 190 179 125 0.910 0
-46.348 17.278 -0.592 178 167 138 0.910 0
-44.663 17.278 -0.602 184 160 138 0.910 0
-42.978 17.278 -0.610 187 173 136 0.910 0
-41.292 17.278 -0.614 176 168 123 0.910 0
-39.607 17.278 -0.616 186 176 127 0.910 0
-37.921 17.278 -0.616 176 174 122 0.910 0
-36.236 17.278 -0.612 185 174 139 0.910 0
-14.326 17.278 -0.334 185 165 133 0.910 0
-12.640 17.278 -0.299 181 175 125 0.910 0
-10.955 17.278 -0.262 190 165 122 0.910 0
-9.270 17.278 -0.223 180 173 121 0.910 0
-7.584 17.278 -0.184 181 164 130 0.910 0
-5.899 17.278 -0.144 178 164 138 0.910 0
-4.213 17.278 -0.103 181 171 121 0.910 0
-2.528 17.278 -0.062 187 162 131 0.910 0
-0.843 17.278 -0.021 194 171 120 0.910 0
0.843 17.278 0.021 181 164 139 0.910 0
2.528 17.278 0.062 186 165 137 0.910 0
4.213 17.278 0.103 184 165 126 0.910 0
5.899 17.278 0.144 191 161 120 0.910 0
7.584 17.278 0.184 191 178 120 0.910 0
9.270 17.278 0.223 185 163 121 0.910 0
10.955 17.278 0.262 42 163 62 0.820 3
12.640 17.278 0.299 45 163 66 0.820 3
14.326 17.278 0.334 42 160 71 0.820 3
16.011 17.278 0.368 45 161 68 0.820 3
17.697 17.278 0.401 50 169 64 0.820 3
19.382 17.278 0.431 45 166 66 0.820 3
21.067 17.278 0.460 49 162 69 0.820 3
22.753 17.278 0.487 46 168 62 0.820 3
24.438 17.278 0.511 41 146 60 0.820 3
26.124 17.278 0.533 46 161 63 0.820 3
27.809 17.278 0.553 43 173 62 0.820 3
29.494 17.278 0.570 46 155 66 0.820 3
31.180 17.278 0.584 47 164 57 0.820 3
32.865 17.278 0.596 42 160 58 0.820 3
34.551 17.278 0.605 51 167 66 0.820 3
36.236 17.278 0.612 48 164 72 0.820 3
37.921 17.278 0.616 37 156 60 0.820 3
39.607 17.278 0.616 39 163 62 0.820 3
41.292 17.278 0.614 50 168 59 0.820 3
42.978 17.278 0.610 52 162 62 0.820 3
44.663 17.278 0.602 50 164 71 0.820 3
46.348 17.278 0.592 48 146 60 0.820 3
48.034 17.278 0.579 43 174 57 0.820 3
49.719 17.278 0.563 40 156 60 0.820 3
51.404 17.278 0.545 39 151 67 0.820 3
53.090 17.278 0.525 37 166 69 0.820 3
54.775 17.278 0.502 52 164 72 0.820 3
56.461 17.278 0.476 60 64 72 0.940 1
58.146 17.278 0.449 68 63 71 0.940 1
59.831 17.278 0.419 66 71 75 0.940 1
61.517 17.278 0.388 64 67 75 0.940 1
63.202 17.278 0.355 60 70 73 0.940 1
64.888 17.278 0.320 61 69 78 0.940 1
66.573 17.278 0.284 66 67 71 0.940 1
68.258 17.278 0.246 60 66 71 0.940 1
69.944 17.278 0.208 62 65 70 0.940 1
71.629 17.278 0.168 60 70 77 0.940 1
73.315 17.278 0.128 65 66 70 0.940 1
75.000 17.278 0.087 69 71 78 0.940 1
-75.000 18.924 -0.082 182 173 127 0.910 0
-73.315 18.924 -0.121 184 168 128 0.910 0
-71.629 18.924 -0.159 175 179 134 0.910 0
-69.944 18.924 -0.196 191 174 134 0.910 0
-68.258 18.924 -0.232 190 173 121 0.910 0
-66.573 18.924 -0.268 175 172 121 0.910 0
-64.888 18.924 -0.302 189 174 138 0.910 0
-63.202 18.924 -0.335 182 170 132 0.910 0
-61.517 18.924 -0.366 178 175 135 0.910 0
-59.831 18.924 -0.396 189 177 127 0.910 0
-58.146 18.924 -0.424 176 173 132 0.910 0
-56.461 18.924 -0.449 184 167 136 0.910 0
-54.775 18.924 -0.473 179 171 122 0.910 0
-53.090 18.924 -0.495 177 163 127 0.910 0
-51.404 18.924 -0.514 184 171 121 0.910 0
-49.719 18.924 -0.531 188 161 138 0.910 0
-48.034 18.924 -0.546 178 177 138 0.910 0
-46.348 18.924 -0.558 192 165 137 0.910 0
-44.663 18.924 -0.568 175 171 130 0.910 0
-42.978 18.924 -0.575 189 167 127 0.910 0
-41.292 18.924 -0.580 186 175 125 0.910 0
-39.607 18.924 -0.581 193 173 123 0.910 0
-37.921 18.924 -0.581 189 168 122 0.910 0
-36.236 18.924 -0.577 194 167 127 0.910 0
-34.551 18.924 -0.571 185 163 135 0.910 0
-32.865 18.924 -0.563 192 163 123 0.910 0
-31.180 18.924 -0.551 188 172 133 0.910 0
-29.494 18.924 -0.538 182 161 131 0.910 0
-27.809 18.924 -0.521 179 161 127 0.910 0
-26.124 18.924 -0.503 192 168 122 0.910 0
-24.438 18.924 -0.482 184 166 135 0.910 0
-22.753 18.924 -0.459 188 174 121 0.910 0
-21.067 18.924 -0.434 189 163 139 0.910 0
-19.382 18.924 -0.407 176 177 129 0.910 0
-17.697 18.924 -0.378 176 178 139 0.910 0
-16.011 18.924 -0.348 184 163 138 0.910 0
-14.326 18.924 -0.315 188 179 134 0.910 0
-12.640 18.924 -0.282 194 176 128 0.910 0
-10.955 18.924 -0.247 194 170 125 0.910 0
-9.270 18.924 -0.211 193 169 136 0.910 0
-7.584 18.924 -0.174 187 160 130 0.910 0
-5.899 18.924 -0.136 193 161 120 0.910 0
-4.213 18.924 -0.098 178 163 136 0.910 0
-2.528 18.924 -0.059 178 174 136 0.910 0
-0.843 18.924 -0.020 178 179 130 0.910 0
0.843 18.924 0.020 189 174 139 0.910 0
2.528 18.924 0.059 184 174 120 0.910 0
4.213 18.924 0.098 180 178 137 0.910 0
5.899 18.924 0.136 188 167 127 0.910 0
7.584 18.924 0.174 176 163 132 0.910 0
9.270 18.924 0.211 194 174 131 0.910 0
10.955 18.924 0.247 44 168 70 0.820 3
12.640 18.924 0.282 52 164 62 0.820 3
14.326 18.924 0.315 43 161 68 0.820 3
16.011 18.924 0.348 46 146 60 0.820 3
17.697 18.924 0.378 44 146 59 0.820 3
19.382 18.924 0.407 42 156 57 0.820 3
21.067 18.924 0.434 47 169 66 0.820 3
22.753 18.924 0.459 38 159 63 0.820 3
24.438 18.924 0.482 47 170 69 0.820 3
26.124 18.924 0.503 51 151 70 0.820 3
27.809 18.924 0.521 41 152 63 0.820 3
29.494 18.924 0.538 48 164 72 0.820 3
31.180 18.924 0.551 42 157 59 0.820 3
32.865 18.924 0.563 49 147 67 0.820 3
34.551 18.924 0.571 38 149 69 0.820 3
36.236 18.924 0.577 47 149 70 0.820 3
37.921 18.924 0.581 50 166 59 0.820 3
39.607 18.924 0.581 52 159 66 0.820 3
41.292 18.924 0.580 40 154 70 0.820 3
42.978 18.924 0.575 44 172 62 0.820 3
44.663 18.924 0.568 49 156 71 0.820 3
46.348 18.924 0.558 50 151 68 0.820 3
48.034 18.924 0.546 42 154 64 0.820 3
49.719 18.924 0.531 41 146 72 0.820 3
51.404 18.924 0.514 37 153 65 0.820 3
53.090 18.924 0.495 39 152 68 0.820 3
54.775 18.924 0.473 39 164 66 0.820 3
56.461 18.924 0.449 42 171 62 0.820 3
58.146 18.924 0.424 41 153 57 0.820 3
59.831 18.924 0.396 47 150 70 0.820 3
61.517 18.924 0.366 47 152 58 0.820 3
63.202 18.924 0.335 50 162 72 0.820 3
64.888 18.924 0.302 66 70 79 0.940 1
66.573 18.924 0.268 64 70 75 0.940 1
68.258 18.924 0.232 68 63 77 0.940 1
69.944 18.924 0.196 67 63 77 0.940 1
71.629 18.924 0.159 67 67 76 0.940 1
73.315 18.924 0.121 67 63 79 0.940 1
75.000 18.924 0.082 64 63 79 0.940 1
-75.000 20.570 -0.077 183 167 134 0.910 0
-73.315 20.570 -0.113 191 165 130 0.910 0
-71.629 20.570 -0.149 185 173 132 0.910 0
-69.944 20.570 -0.183 191 179 133 0.910 0
-68.258 20.570 -0.218 182 164 135 0.910 0
-66.573 20.570 -0.251 187 170 126 0.910 0
-64.888 20.570 -0.283 189 166 128 0.910 0
-63.202 20.570 -0.313 194 176 135 0.910 0
-61.517 20.570 -0.343 178 165 128 0.910 0
-59.831 20.570 -0.370 181 160 139 0.910 0
-58.146 20.570 -0.396 191 172 136 0.910 0
-56.461 20.570 -0.420 183 178 136 0.910 0
-54.775 20.570 -0.443 176 160 120 0.910 0
-53.090 20.570 -0.463 179 175 125 0.910 0
-51.404 20.570 -0.481 181 161 133 0.910 0
-49.719 20.570 -0.497 180 170 139 0.910 0
-48.034 20.570 -0.511 175 161 120 0.910 0
-46.348 20.570 -0.522 193 172 120 0.910 0
-44.663 20.570 -0.532 193 164 136 0.910 0
-42.978 20.570 -0.538 177 173 132 0.910 0
-41.292 20.570 -0.542 189 176 124 0.910 0
-39.607 20.570 -0.544 181 160 134 0.910 0
-37.921 20.570 -0.543 186 168 139 0.910 0
-36.236 20.570 -0.540 182 161 127 0.910 0
-34.551 20.570 -0.534 193 167 128 0.910 0
-32.865 20.570 -0.526 181 171 135 0.910 0
-31.180 20.570 -0.516 178 169 136 0.910 0
-29.494 20.570 -0.503 190 161 136 0.910 0
-27.809 20.570 -0.488 175 176 136 0.910 0
-26.124 20.570 -0.471 175 173 132 0.910 0
-24.438 20.570 -0.451 187 162 137 0.910 0
-22.753 20.570 -0.430 194 166 125 0.910 0
-21.067 20.570 -0.406 182 161 133 0.910 0
-19.382 20.570 -0.381 183 164 130 0.910 0
-17.697 20.570 -0.354 176 173 120 0.910 0
-16.011 20.570 -0.325 178 165 120 0.910 0
-14.326 20.570 -0.295 190 163 132 0.910 0
-12.640 20.570 -0.264 191 167 123 0.910 0
-10.955 20.570 -0.231 177 176 122 0.910 0
-9.270 20.570 -0.197 182 167 133 0.910 0
-7.584 20.570 -0.163 189 170 123 0.910 0
-5.899 20.570 -0.127 181 176 139 0.910 0
-4.213 20.570 -0.091 179 168 139 0.910 0
-2.528 20.570 -0.055 183 177 120 0.910 0
-0.843 20.570 -0.018 187 167 123 0.910 0
0.843 20.570 0.018 182 168 138 0.910 0
2.528 20.570 0.055 187 165 120 0.910 0
4.213 20.570 0.091 188 161 122 0.910 0
5.899 20.570 0.127 176 179 139 0.910 0
7.584 20.570 0.163 187 161 127 0.910 0
9.270 20.570 0.197 188 179 132 0.910 0
10.955 20.570 0.231 52 167 60 0.820 3
12.640 20.570 0.264 49 164 57 0.820 3
14.326 20.570 0.295 48 146 69 0.820 3
16.011 20.570 0.325 47 172 57 0.820 3
17.697 20.570 0.354 39 167 72 0.820 3
19.382 20.570 0.381 42 166 64 0.820 3
21.067 20.570 0.406 50 174 62 0.820 3
22.753 20.570 0.430 40 157 71 0.820 3
48.034 20.570 0.511 46 150 68 0.820 3
49.719 20.570 0.497 49 164 69 0.820 3
51.404 20.570 0.481 47 157 66 0.820 3
53.090 20.570 0.463 44 173 70 0.820 3
54.775 20.570 0.443 38 160 65 0.820 3
56.461 20.570 0.420 47 170 66 0.820 3
58.146 20.570 0.396 52 165 58 0.820 3
59.831 20.570 0.370 52 161 58 0.820 3
61.517 20.570 0.343 38 162 60 0.820 3
63.202 20.570 0.313 46 152 67 0.820 3
64.888 20.570 0.283 48 163 68 0.820 3
66.573 20.570 0.251 48 162 64 0.820 3
68.258 20.570 0.218 42 148 65 0.820 3
69.944 20.570 0.183 51 158 64 0.820 3
71.629 20.570 0.149 47 163 67 0.820 3
73.315 20.570 0.113 62 66 74 0.940 1
75.000 20.570 0.077 60 66 71 0.940 1
-75.000 22.215 -0.071 177 179 125 0.910 0
-73.315 22.215 -0.105 188 178 121 0.910 0
-71.629 22.215 -0.138 190 162 134 0.910 0
-69.944 22.215 -0.170 180 178 124 0.910 0
-68.258 22.215 -0.202 185 176 130 0.910 0
-66.573 22.215 -0.232 183 178 123 0.910 0
-64.888 22.215 -0.262 190 173 128 0.910 0
-63.202 22.215 -0.290 180 164 127 0.910 0
-61.517 22.215 -0.318 191 177 133 0.910 0
-59.831 22.215 -0.343 176 162 137 0.910 0
-58.146 22.215 -0.367 180 170 133 0.910 0
-56.461 22.215 -0.390 191 177 131 0.910 0
-54.775 22.215 -0.410 178 173 132 0.910 0
-53.090 22.215 -0.429 177 174 134 0.910 0
-51.404 22.215 -0.446 186 178 127 0.910 0
-49.719 22.215 -0.461 189 167 134 0.910 0
-48.034 22.215 -0.474 175 164 139 0.910 0
-46.348 22.215 -0.484 181 165 136 0.910 0
-44.663 22.215 -0.493 186 167 121 0.910 0
-42.978 22.215 -0.499 178 174 138 0.910 0
-41.292 22.215 -0.503 187 173 135 0.910 0
-39.607 22.215 -0.504 177 160 131 0.910 0
-37.921 22.215 -0.504 193 173 133 0.910 0
-36.236 22.215 -0.501 183 167 133 0.910 0
-34.551 22.215 -0.495 175 176 130 0.910 0
-32.865 22.215 -0.488 184 167 123 0.910 0
-31.180 22.215 -0.478 191 175 129 0.910 0
-29.494 22.215 -0.466 176 174 124 0.910 0
-27.809 22.215 -0.452 191 164 128 0.910 0
-26.124 22.215 -0.436 192 164 127 0.910 0
-24.438 22.215 -0.418 181 164 127 0.910 0
-22.753 22.215 -0.398 176 161 123 0.910 0
-21.067 22.215 -0.377 185 177 137 0.910 0
-19.382 22.215 -0.353 181 161 125 0.910 0
-17.697 22.215 -0.328 186 171 136 0.910 0
-16.011 22.215 -0.301 183 176 130 0.910 0
-14.326 22.215 -0.273 183 160 126 0.910 0
-12.640 22.215 -0.244 179 164 137 0.910 0
-10.955 22.215 -0.214 175 176 133 0.910 0
-9.270 22.215 -0.183 184 179 133 0.910 0
-7.584 22.215 -0.151 179 177 122 0.910 0
-5.899 22.215 -0.118 185 171 123 0.910 0
-4.213 22.215 -0.085 193 160 128 0.910 0
-2.528 22.215 -0.051 194 161 132 0.910 0
-0.843 22.215 -0.017 179 167 127 0.910 0
0.843 22.215 0.017 188 161 129 0.910 0
2.528 22.215 0.051 194 173 128 0.910 0
4.213 22.215 0.085 176 167 136 0.910 0
5.899 22.215 0.118 189 174 123 0.910 0
7.584 22.215 0.151 180 177 137 0.910 0
9.270 22.215 0.183 178 174 128 0.910 0
10.955 22.215 0.214 45 151 59 0.820 3
12.640 22.215 0.244 44 163 67 0.820 3
14.326 22.215 0.273 44 165 68 0.820 3
16.011 22.215 0.301 40 165 72 0.820 3
17.697 22.215 0.328 52 171 70 0.820 3
19.382 22.215 0.353 41 156 65 0.820 3
21.067 22.215 0.377 43 172 72 0.820 3
22.753 22.215 0.398 47 171 65 0.820 3
48.034 22.215 0.474 52 147 63 0.820 3
49.719 22.215 0.461 38 154 67 0.820 3
51.404 22.215 0.446 38 147 58 0.820 3
53.090 22.215 0.429 39 174 65 0.820 3
54.775 22.215 0.410 45 160 67 0.820 3
56.461 22.215 0.390 52 156 71 0.820 3
58.146 22.215 0.367 52 160 70 0.820 3
59.831 22.215 0.343 46 165 65 0.820 3
61.517 22.215 0.318 51 149 64 0.820 3
63.202 22.215 0.290 50 160 72 0.820 3
64.888 22.215 0.262 52 167 61 0.820 3
66.573 22.215 0.232 45 152 61 0.820 3
68.258 22.215 0.202 49 167 58 0.820 3
69.944 22.215 0.170 39 172 58 0.820 3
71.629 22.215 0.138 47 164 57 0.820 3
73.315 22.215 0.105 48 166 64 0.820 3
75.000 22.215 0.071 42 161 69 0.820 3
-75.000 23.861 -0.065 184 160 124 0.910 0
-73.315 23.861 -0.096 181 165 137 0.910 0
-71.629 23.861 -0.126 184 174 137 0.910 0
-69.944 23.861 -0.156 178 173 131 0.910 0
-68.258 23.861 -0.185 192 179 137 0.910 0
-66.573 23.861 -0.213 183 179 132 0.910 0
-64.888 23.861 -0.240 184 161 122 0.910 0
-63.202 23.861 -0.266 193 170 126 0.910 0
-61.517 23.861 -0.291 179 175 133 0.910 0
-59.831 23.861 -0.315 176 170 136 0.910 0
-58.146 23.861 -0.337 185 164 139 0.910 0
-56.461 23.861 -0.357 188 170 125 0.910 0
-54.775 23.861 -0.376 177 168 138 0.910 0
-53.090 23.861 -0.394 179 172 126 0.910 0
-51.404 23.861 -0.409 193 163 135 0.910 0
-49.719 23.861 -0.423 179 173 128 0.910 0
-48.034 23.861 -0.434 176 167 137 0.910 0
-46.348 23.861 -0.444 182 173 133 0.910 0
-44.663 23.861 -0.452 184 162 120 0.910 0
-42.978 23.861 -0.457 178 171 137 0.910 0
-41.292 23.861 -0.461 188 166 127 0.910 0
-39.607 23.861 -0.462 181 162 129 0.910 0
-37.921 23.861 -0.462 175 176 139 0.910 0
-36.236 23.861 -0.459 187 163 136 0.910 0
-34.551 23.861 -0.454 176 175 128 0.910 0
-32.865 23.861 -0.447 179 177 123 0.910 0
-31.180 23.861 -0.438 177 176 127 0.910 0
-29.494 23.861 -0.428 188 168 137 0.910 0
-27.809 23.861 -0.415 176 164 132 0.910 0
-26.124 23.861 -0.400 183 162 122 0.910 0
-24.438 23.861 -0.383 178 163 121 0.910 0
-22.753 23.861 -0.365 187 176 130 0.910 0
-21.067 23.861 -0.345 187 179 135 0.910 0
-19.382 23.861 -0.324 184 167 134 0.910 0
-17.697 23.861 -0.301 176 174 136 0.910 0
-16.011 23.861 -0.276 187 167 135 0.910 0
-14.326 23.861 -0.251 175 162 131 0.910 0
-12.640 23.861 -0.224 186 175 132 0.910 0
-10.955 23.861 -0.196 189 166 127 0.910 0
-9.270 23.861 -0.168 192 175 138 0.910 0
-7.584 23.861 -0.138 177 160 121 0.910 0
-5.899 23.861 -0.108 177 171 124 0.910 0
-4.213 23.861 -0.078 184 178 137 0.910 0
-2.528 23.861 -0.047 180 174 132 0.910 0
-0.843 23.861 -0.016 186 164 125 0.910 0
0.843 23.861 0.016 181 164 127 0.910 0
2.528 23.861 0.047 178 169 122 0.910 0
4.213 23.861 0.078 187 166 135 0.910 0
5.899 23.861 0.108 190 177 121 0.910 0
7.584 23.861 0.138 182 177 128 0.910 0
9.270 23.861 0.168 177 166 138 0.910 0
10.955 23.861 0.196 45 157 66 0.820 3
12.640 23.861 0.224 44 153 63 0.820 3
14.326 23.861 0.251 39 173 68 0.820 3
16.011 23.861 0.276 51 159 70 0.820 3
17.697 23.861 0.301 41 169 60 0.820 3
19.382 23.861 0.324 40 149 66 0.820 3
21.067 23.861 0.345 47 169 66 0.820 3
22.753 23.861 0.365 41 172 70 0.820 3
48.034 23.861 0.434 50 149 60 0.820 3
49.719 23.861 0.423 47 166 61 0.820 3
51.404 23.861 0.409 50 172 64 0.820 3
53.090 23.861 0.394 51 171 66 0.820 3
54.775 23.861 0.376 38 169 66 0.820 3
56.461 23.861 0.357 44 156 66 0.820 3
58.146 23.861 0.337 37 166 66 0.820 3
59.831 23.861 0.315 46 167 59 0.820 3
61.517 23.861 0.291 39 151 58 0.820 3
63.202 23.861 0.266 46 170 69 0.820 3
64.888 23.861 0.240 46 150 61 0.820 3
66.573 23.861 0.213 40 151 66 0.820 3
68.258 23.861 0.185 52 147 70 0.820 3
69.944 23.861 0.156 50 163 71 0.820 3
71.629 23.861 0.126 51 170 67 0.820 3
73.315 23.861 0.096 49 146 66 0.820 3
75.000 23.861 0.065 39 170 72 0.820 3
-75.000 25.506 -0.059 186 173 131 0.910 0
-73.315 25.506 -0.087 187 169 135 0.910 0
-71.629 25.506 -0.114 180 163 139 0.910 0
-69.944 25.506 -0.141 193 168 139 0.910 0
-68.258 25.506 -0.167 189 175 124 0.910 0
-66.573 25.506 -0.193 180 178 135 0.910 0
-64.888 25.506 -0.217 178 175 138 0.910 0
-63.202 25.506 -0.241 188 169 131 0.910 0
-61.517 25.506 -0.263 186 178 128 0.910 0
-59.831 25.506 -0.285 178 162 123 0.910 0
-58.146 25.506 -0.305 176 170 121 0.910 0
-56.461 25.506 -0.323 185 161 120 0.910 0
-54.775 25.506 -0.341 187 171 127 0.910 0
-53.090 25.506 -0.356 178 161 139 0.910 0
-51.404 25.506 -0.370 183 166 120 0.910 0
-49.719 25.506 -0.382 186 173 137 0.910 0
-48.034 25.506 -0.393 185 163 135 0.910 0
-46.348 25.506 -0.402 186 172 121 0.910 0
-44.663 25.506 -0.409 188 167 129 0.910 0
-42.978 25.506 -0.414 185 178 128 0.910 0
-41.292 25.506 -0.417 179 165 130 0.910 0
-39.607 25.506 -0.418 184 163 125 0.910 0
-37.921 25.506 -0.418 191 166 128 0.910 0
-36.236 25.506 -0.415 178 179 133 0.910 0
-34.551 25.506 -0.411 187 173 134 0.910 0
-32.865 25.506 -0.405 180 174 136 0.910 0
-31.180 25.506 -0.397 184 161 138 0.910 0
-29.494 25.506 -0.387 177 160 132 0.910 0
-27.809 25.506 -0.375 179 165 130 0.910 0
-26.124 25.506 -0.362 183 173 125 0.910 0
-24.438 25.506 -0.347 183 161 136 0.910 0
-22.753 25.506 -0.330 193 169 123 0.910 0
-21.067 25.506 -0.312 182 167 122 0.910 0
-19.382 25.506 -0.293 189 171 135 0.910 0
-17.697 25.506 -0.272 177 171 137 0.910 0
-16.011 25.506 -0.250 193 167 129 0.910 0
-14.326 25.506 -0.227 188 178 135 0.910 0
-12.640 25.506 -0.203 183 165 128 0.910 0
-10.955 25.506 -0.178 188 166 120 0.910 0
-9.270 25.506 -0.152 181 161 137 0.910 0
-7.584 25.506 -0.125 182 165 138 0.910 0
-5.899 25.506 -0.098 189 174 133 0.910 0
-4.213 25.506 -0.070 178 168 126 0.910 0
-2.528 25.506 -0.042 185 175 123 0.910 0
-0.843 25.506 -0.014 190 170 125 0.910 0
0.843 25.506 0.014 193 168 133 0.910 0
2.528 25.506 0.042 190 179 131 0.910 0
4.213 25.506 0.070 184 166 127 0.910 0
5.899 25.506 0.098 177 178 136 0.910 0
7.584 25.506 0.125 182 173 133 0.910 0
9.270 25.506 0.152 185 176 120 0.910 0
10.955 25.506 0.178 39 155 65 0.820 3
12.640 25.506 0.203 44 169 70 0.820 3
14.326 25.506 0.227 47 171 69 0.820 3
16.011 25.506 0.250 47 167 71 0.820 3
17.697 25.506 0.272 41 156 64 0.820 3
19.382 25.506 0.293 45 159 59 0.820 3
21.067 25.506 0.312 44 163 70 0.820 3
22.753 25.506 0.330 40 169 57 0.820 3
48.034 25.506 0.393 51 155 63 0.820 3
49.719 25.506 0.382 47 168 60 0.820 3
51.404 25.506 0.370 38 171 61 0.820 3
53.090 25.506 0.356 49 151 68 0.820 3
54.775 25.506 0.341 40 154 67 0.820 3
56.461 25.506 0.323 49 173 62 0.820 3
58.146 25.506 0.305 43 162 60 0.820 3
59.831 25.506 0.285 38 145 57 0.820 3
61.517 25.506 0.263 52 165 69 0.820 3
63.202 25.506 0.241 48 163 61 0.820 3
64.888 25.506 0.217 48 171 67 0.820 3
66.573 25.506 0.193 41 154 65 0.820 3
68.258 25.506 0.167 48 161 71 0.820 3
69.944 25.506 0.141 51 172 61 0.820 3
71.629 25.506 0.114 38 171 67 0.820 3
73.315 25.506 0.087 38 148 57 0.820 3
75.000 25.506 0.059 37 162 64 0.820 3
-75.000 27.152 -0.053 179 162 126 0.910 0
-73.315 27.152 -0.077 179 169 136 0.910 0
-71.629 27.152 -0.102 187 162 136 0.910 0
-69.944 27.152 -0.126 192 163 135 0.910 0
-68.258 27.152 -0.149 179 164 135 0.910 0
-66.573 27.152 -0.172 181 167 125 0.910 0
-64.888 27.152 -0.194 192 170 120 0.910 0
-63.202 27.152 -0.215 177 170 138 0.910 0
-61.517 27.152 -0.235 187 168 130 0.910 0
-59.831 27.152 -0.254 185 161 124 0.910 0
-58.146 27.152 -0.271 177 164 133 0.910 0
-56.461 27.152 -0.288 184 172 134 0.910 0
-54.775 27.152 -0.303 182 177 129 0.910 0
-53.090 27.152 -0.317 179 175 124 0.910 0
-51.404 27.152 -0.330 194 170 137 0.910 0
-49.719 27.152 -0.341 181 173 129 0.910 0
-48.034 27.152 -0.350 182 179 137 0.910 0
-46.348 27.152 -0.358 178 165 135 0.910 0
-44.663 27.152 -0.364 188 163 138 0.910 0
-42.978 27.152 -0.369 175 163 123 0.910 0
-41.292 27.152 -0.372 186 160 132 0.910 0
-39.607 27.152 -0.373 187 173 129 0.910 0
-37.921 27.152 -0.372 181 167 128 0.910 0
-36.236 27.152 -0.370 193 171 129 0.910 0
-34.551 27.152 -0.366 187 166 124 0.910 0
-32.865 27.152 -0.361 184 164 127 0.910 0
-31.180 27.152 -0.353 189 164 126 0.910 0
-29.494 27.152 -0.345 183 161 138 0.910 0
-27.809 27.152 -0.334 180 164 124 0.910 0
-26.124 27.152 -0.322 182 174 137 0.910 0
-24.438 27.152 -0.309 185 169 122 0.910 0
-22.753 27.152 -0.294 182 169 127 0.910 0
-21.067 27.152 -0.278 191 161 135 0.910 0
-19.382 27.152 -0.261 180 168 131 0.910 0
-17.697 27.152 -0.242 194 160 126 0.910 0
-16.011 27.152 -0.223 188 171 123 0.910 0
-14.326 27.152 -0.202 180 161 133 0.910 0
-12.640 27.152 -0.181 178 179 128 0.910 0
-10.955 27.152 -0.158 187 178 123 0.910 0
-9.270 27.152 -0.135 179 171 121 0.910 0
-7.584 27.152 -0.111 180 161 121 0.910 0
-5.899 27.152 -0.087 188 179 123 0.910 0
-4.213 27.152 -0.063 189 165 122 0.910 0
-2.528 27.152 -0.038 181 172 130 0.910 0
-0.843 27.152 -0.013 187 173 125 0.910 0
0.843 27.152 0.013 193 177 126 0.910 0
2.528 27.152 0.038 181 176 124 0.910 0
4.213 27.152 0.063 184 164 128 0.910 0
5.899 27.152 0.087 192 179 128 0.910 0
7.584 27.152 0.111 176 176 135 0.910 0
9.270 27.152 0.135 190 162 136 0.910 0
10.955 27.152 0.158 46 167 66 0.820 3
12.640 27.152 0.181 49 172 59 0.820 3
14.326 27.152 0.202 46 172 72 0.820 3
16.011 27.152 0.223 49 159 69 0.820 3
17.697 27.152 0.242 40 163 64 0.820 3
19.382 27.152 0.261 42 165 69 0.820 3
21.067 27.152 0.278 50 159 63 0.820 3
22.753 27.152 0.294 48 169 66 0.820 3
48.034 27.152 0.350 51 173 62 0.820 3
49.719 27.152 0.341 46 148 63 0.820 3
51.404 27.152 0.330 45 154 57 0.820 3
53.090 27.152 0.317 41 165 58 0.820 3
54.775 27.152 0.303 41 159 69 0.820 3
56.461 27.152 0.288 47 159 72 0.820 3
58.146 27.152 0.271 51 145 57 0.820 3
59.831 27.152 0.254 50 163 72 0.820 3
61.517 27.152 0.235 45 146 63 0.820 3
63.202 27.152 0.215 41 160 66 0.820 3
64.888 27.152 0.194 39 170 66 0.820 3
66.573 27.152 0.172 49 156 62 0.820 3
68.258 27.152 0.149 37 170 72 0.820 3
69.944 27.152 0.126 47 157 72 0.820 3
71.629 27.152 0.102 39 173 57 0.820 3
73.315 27.152 0.077 47 165 72 0.820 3
75.000 27.152 0.053 41 152 68 0.820 3
-75.000 28.797 -0.046 182 161 129 0.910 0
-73.315 28.797 -0.068 188 169 123 0.910 0
-71.629 28.797 -0.089 181 176 129 0.910 0
-69.944 28.797 -0.110 178 161 125 0.910 0
-68.258 28.797 -0.130 185 175 132 0.910 0
-66.573 28.797 -0.150 194 160 130 0.910 0
-64.888 28.797 -0.169 194 174 122 0.910 0
-63.202 28.797 -0.187 178 169 133 0.910 0
-61.517 28.797 -0.205 175 168 129 0.910 0
-59.831 28.797 -0.221 194 169 139 0.910 0
-58.146 28.797 -0.237 178 174 134 0.910 0
-56.461 28.797 -0.251 193 169 138 0.910 0
-54.775 28.797 -0.265 179 164 122 0.910 0
-53.090 28.797 -0.277 191 160 123 0.910 0
-51.404 28.797 -0.288 192 165 123 0.910 0
-49.719 28.797 -0.297 180 162 129 0.910 0
-48.034 28.797 -0.306 183 160 130 0.910 0
-46.348 28.797 -0.312 185 174 139 0.910 0
-44.663 28.797 -0.318 187 162 138 0.910 0
-42.978 28.797 -0.322 194 169 134 0.910 0
-41.292 28.797 -0.324 180 178 136 0.910 0
-39.607 28.797 -0.325 187 179 123 0.910 0
-37.921 28.797 -0.325 182 163 130 0.910 0
-36.236 28.797 -0.323 194 168 135 0.910 0
-34.551 28.797 -0.320 191 174 129 0.910 0
-32.865 28.797 -0.315 189 168 121 0.910 0
-31.180 28.797 -0.309 180 179 131 0.910 0
-29.494 28.797 -0.301 190 171 132 0.910 0
-27.809 28.797 -0.292 188 178 135 0.910 0
-26.124 28.797 -0.281 184 169 137 0.910 0
-24.438 28.797 -0.270 180 179 129 0.910 0
-22.753 28.797 -0.257 193 161 121 0.910 0
-21.067 28.797 -0.243 175 169 126 0.910 0
-19.382 28.797 -0.228 191 169 121 0.910 0
-17.697 28.797 -0.212 187 177 121 0.910 0
-16.011 28.797 -0.194 180 163 121 0.910 0
-14.326 28.797 -0.176 186 161 137 0.910 0
-12.640 28.797 -0.158 186 167 138 0.910 0
-10.955 28.797 -0.138 192 165 134 0.910 0
-9.270 28.797 -0.118 190 162 133 0.910 0
-7.584 28.797 -0.097 191 176 133 0.910 0
-5.899 28.797 -0.076 191 169 123 0.910 0
-4.213 28.797 -0.055 183 174 126 0.910 0
-2.528 28.797 -0.033 176 167 134 0.910 0
-0.843 28.797 -0.011 192 174 129 0.910 0
0.843 28.797 0.011 183 162 139 0.910 0
2.528 28.797 0.033 181 171 126 0.910 0
4.213 28.797 0.055 184 170 132 0.910 0
5.899 28.797 0.076 189 166 124 0.910 0
7.584 28.797 0.097 194 169 130 0.910 0
9.270 28.797 0.118 180 173 133 0.910 0
10.955 28.797 0.138 41 151 59 0.820 3
12.640 28.797 0.158 39 149 63 0.820 3
14.326 28.797 0.176 47 165 71 0.820 3
16.011 28.797 0.194 44 145 65 0.820 3
17.697 28.797 0.212 40 167 67 0.820 3
19.382 28.797 0.228 45 157 69 0.820 3
21.067 28.797 0.243 42 173 69 0.820 3
22.753 28.797 0.257 42 164 57 0.820 3
48.034 28.797 0.306 39 149 57 0.820 3
49.719 28.797 0.297 47 165 68 0.820 3
51.404 28.797 0.288 41 170 60 0.820 3
53.090 28.797 0.277 40 158 71 0.820 3
54.775 28.797 0.265 47 147 61 0.820 3
56.461 28.797 0.251 46 172 62 0.820 3
58.146 28.797 0.237 38 152 70 0.820 3
59.831 28.797 0.221 51 151 71 0.820 3
61.517 28.797 0.205 40 159 63 0.820 3
63.202 28.797 0.187 50 154 72 0.820 3
64.888 28.797 0.169 52 154 59 0.820 3
66.573 28.797 0.150 44 169 67 0.820 3
68.258 28.797 0.130 49 170 71 0.820 3
69.944 28.797 0.110 48 170 63 0.820 3
71.629 28.797 0.089 42 150 66 0.820 3
73.315 28.797 0.068 45 166 69 0.820 3
75.000 28.797 0.046 40 154 58 0.820 3
-75.000 30.443 -0.039 192 178 121 0.910 0
-73.315 30.443 -0.057 181 173 131 0.910 0
-71.629 30.443 -0.075 190 173 124 0.910 0
-69.944 30.443 -0.093 194 166 126 0.910 0
-68.258 30.443 -0.111 193 179 139 0.910 0
-66.573 30.443 -0.127 177 172 124 0.910 0
-64.888 30.443 -0.144 186 162 129 0.910 0
-63.202 30.443 -0.159 183 163 132 0.910 0
-61.517 30.443 -0.174 175 167 132 0.910 0
-59.831 30.443 -0.188 190 179 135 0.910 0
-58.146 30.443 -0.201 186 167 120 0.910 0
-56.461 30.443 -0.214 179 177 137 0.910 0
-54.775 30.443 -0.225 181 173 123 0.910 0
-53.090 30.443 -0.235 194 164 136 0.910 0
-51.404 30.443 -0.245 192 179 136 0.910 0
-49.719 30.443 -0.253 182 160 133 0.910 0
-48.034 30.443 -0.260 179 160 124 0.910 0
-46.348 30.443 -0.266 176 170 129 0.910 0
-44.663 30.443 -0.270 194 164 138 0.910 0
-42.978 30.443 -0.274 177 164 139 0.910 0
-41.292 30.443 -0.276 175 161 126 0.910 0
-39.607 30.443 -0.277 189 172 130 0.910 0
-37.921 30.443 -0.276 190 167 137 0.910 0
-36.236 30.443 -0.275 177 160 130 0.910 0
-34.551 30.443 -0.272 185 171 131 0.910 0
-32.865 30.443 -0.268 176 175 137 0.910 0
-31.180 30.443 -0.262 181 172 139 0.910 0
-29.494 30.443 -0.256 187 163 129 0.910 0
-27.809 30.443 -0.248 177 160 125 0.910 0
-26.124 30.443 -0.239 183 173 130 0.910 0
-24.438 30.443 -0.229 184 174 126 0.910 0
-22.753 30.443 -0.218 191 179 136 0.910 0
-21.067 30.443 -0.206 178 175 131 0.910 0
-19.382 30.443 -0.194 175 179 123 0.910 0
-17.697 30.443 -0.180 175 170 139 0.910 0
-16.011 30.443 -0.165 176 169 129 0.910 0
-14.326 30.443 -0.150 180 164 139 0.910 0
-12.640 30.443 -0.134 191 170 130 0.910 0
-10.955 30.443 -0.117 185 178 123 0.910 0
-9.270 30.443 -0.100 190 176 138 0.910 0
-7.584 30.443 -0.083 179 166 132 0.910 0
-5.899 30.443 -0.065 192 167 139 0.910 0
-4.213 30.443 -0.046 186 164 136 0.910 0
-2.528 30.443 -0.028 180 162 129 0.910 0
-0.843 30.443 -0.009 193 170 122 0.910 0
0.843 30.443 0.009 175 163 134 0.910 0
2.528 30.443 0.028 176 171 121 0.910 0
4.213 30.443 0.046 178 175 137 0.910 0
5.899 30.443 0.065 180 163 137 0.910 0
7.584 30.443 0.083 181 164 123 0.910 0
9.270 30.443 0.100 182 173 139 0.910 0
10.955 30.443 0.117 40 163 60 0.820 3
12.640 30.443 0.134 50 170 58 0.820 3
14.326 30.443 0.150 46 153 64 0.820 3
16.011 30.443 0.165 48 145 70 0.820 3
17.697 30.443 0.180 52 161 65 0.820 3
19.382 30.443 0.194 47 152 71 0.820 3
21.067 30.443 0.206 44 172 71 0.820 3
22.753 30.443 0.218 37 160 59 0.820 3
48.034 30.443 0.260 49 153 71 0.820 3
49.719 30.443 0.253 39 154 69 0.820 3
51.404 30.443 0.245 47 155 59 0.820 3
53.090 30.443 0.235 51 169 72 0.820 3
54.775 30.443 0.225 49 152 71 0.820 3
56.461 30.443 0.214 46 166 72 0.820 3
58.146 30.443 0.201 43 152 65 0.820 3
59.831 30.443 0.188 52 163 67 0.820 3
61.517 30.443 0.174 38 151 68 0.820 3
63.202 30.443 0.159 42 174 68 0.820 3
64.888 30.443 0.144 41 164 65 0.820 3
66.573 30.443 0.127 46 164 67 0.820 3
68.258 30.443 0.111 48 173 70 0.820 3
69.944 30.443 0.093 42 166 60 0.820 3
71.629 30.443 0.075 37 155 59 0.820 3
73.315 30.443 0.057 50 153 70 0.820 3
75.000 30.443 0.039 44 154 62 0.820 3
-75.000 32.089 -0.032 175 172 125 0.910 0
-73.315 32.089 -0.047 194 167 131 0.910 0
-71.629 32.089 -0.062 188 173 127 0.910 0
-69.944 32.089 -0.076 182 174 135 0.910 0
-68.258 32.089 -0.091 180 164 124 0.910 0
-66.573 32.089 -0.104 190 174 124 0.910 0
-64.888 32.089 -0.118 193 160 128 0.910 0
-63.202 32.089 -0.130 178 170 130 0.910 0
-61.517 32.089 -0.143 180 176 134 0.910 0
-59.831 32.089 -0.154 179 160 134 0.910 0
-58.146 32.089 -0.165 183 164 126 0.910 0
-56.461 32.089 -0.175 193 166 130 0.910 0
-54.775 32.089 -0.184 184 168 135 0.910 0
-53.090 32.089 -0.193 176 170 135 0.910 0
-51.404 32.089 -0.200 179 160 139 0.910 0
-49.719 32.089 -0.207 186 171 136 0.910 0
-48.034 32.089 -0.213 178 160 135 0.910 0
-46.348 32.089 -0.218 180 172 127 0.910 0
-44.663 32.089 -0.221 187 177 123 0.910 0
-42.978 32.089 -0.224 182 173 136 0.910 0
-41.292 32.089 -0.226 193 161 129 0.910 0
-39.607 32.089 -0.227 181 167 135 0.910 0
-37.921 32.089 -0.226 177 172 138 0.910 0
-36.236 32.089 -0.225 189 174 126 0.910 0
-34.551 32.089 -0.223 194 178 122 0.910 0
-32.865 32.089 -0.219 177 171 131 0.910 0
-31.180 32.089 -0.215 185 178 123 0.910 0
-29.494 32.089 -0.210 184 171 124 0.910 0
-27.809 32.089 -0.203 188 176 131 0.910 0
-26.124 32.089 -0.196 178 167 121 0.910 0
-24.438 32.089 -0.188 189 167 135 0.910 0
-22.753 32.089 -0.179 181 166 134 0.910 0
-21.067 32.089 -0.169 189 173 128 0.910 0
-19.382 32.089 -0.159 175 177 130 0.910 0
-17.697 32.089 -0.147 187 161 129 0.910 0
-16.011 32.089 -0.135 180 164 122 0.910 0
-14.326 32.089 -0.123 191 176 123 0.910 0
-12.640 32.089 -0.110 192 168 127 0.910 0
-10.955 32.089 -0.096 176 160 122 0.910 0
-9.270 32.089 -0.082 185 167 121 0.910 0
-7.584 32.089 -0.068 176 175 122 0.910 0
-5.899 32.089 -0.053 187 173 127 0.910 0
-4.213 32.089 -0.038 192 172 130 0.910 0
-2.528 32.089 -0.023 194 176 120 0.910 0
-0.843 32.089 -0.008 179 165 130 0.910 0
0.843 32.089 0.008 177 179 130 0.910 0
2.528 32.089 0.023 177 165 128 0.910 0
4.213 32.089 0.038 193 172 138 0.910 0
5.899 32.089 0.053 180 166 131 0.910 0
7.584 32.089 0.068 193 170 127 0.910 0
9.270 32.089 0.082 193 172 136 0.910 0
10.955 32.089 0.096 44 157 62 0.820 3
12.640 32.089 0.110 40 159 72 0.820 3
14.326 32.089 0.123 39 160 59 0.820 3
16.011 32.089 0.135 52 170 72 0.820 3
17.697 32.089 0.147 42 157 61 0.820 3
19.382 32.089 0.159 48 169 68 0.820 3
21.067 32.089 0.169 49 161 69 0.820 3
22.753 32.089 0.179 43 149 57 0.820 3
48.034 32.089 0.213 51 146 72 0.820 3
49.719 32.089 0.207 43 158 67 0.820 3
51.404 32.089 0.200 38 155 65 0.820 3
53.090 32.089 0.193 44 157 57 0.820 3
54.775 32.089 0.184 44 165 72 0.820 3
56.461 32.089 0.175 41 152 70 0.820 3
58.146 32.089 0.165 49 163 64 0.820 3
59.831 32.089 0.154 44 173 72 0.820 3
61.517 32.089 0.143 38 169 61 0.820 3
63.202 32.089 0.130 45 170 71 0.820 3
64.888 32.089 0.118 51 160 65 0.820 3
66.573 32.089 0.104 48 150 65 0.820 3
68.258 32.089 0.091 47 145 71 0.820 3
69.944 32.089 0.076 44 173 70 0.820 3
71.629 32.089 0.062 37 145 57 0.820 3
73.315 32.089 0.047 47 145 60 0.820 3
75.000 32.089 0.032 40 173 65 0.820 3
-75.000 33.734 -0.025 194 162 128 0.910 0
-73.315 33.734 -0.036 179 178 120 0.910 0
-71.629 33.734 -0.048 179 169 133 0.910 0
-69.944 33.734 -0.059 190 160 135 0.910 0
-68.258 33.734 -0.070 192 164 139 0.910 0
-66.573 33.734 -0.081 184 168 131 0.910 0
-64.888 33.734 -0.091 185 162 122 0.910 0
-63.202 33.734 -0.101 182 171 139 0.910 0
-61.517 33.734 -0.111 179 172 125 0.910 0
-59.831 33.734 -0.120 183 169 131 0.910 0
-58.146 33.734 -0.128 193 169 125 0.910 0
-56.461 33.734 -0.136 194 160 136 0.910 0
-54.775 33.734 -0.143 186 168 120 0.910 0
-53.090 33.734 -0.150 191 166 125 0.910 0
-51.404 33.734 -0.155 176 176 126 0.910 0
-49.719 33.734 -0.161 175 176 131 0.910 0
-48.034 33.734 -0.165 194 170 125 0.910 0
-46.348 33.734 -0.169 184 163 130 0.910 0
-44.663 33.734 -0.172 175 162 121 0.910 0
-42.978 33.734 -0.174 189 179 122 0.910 0
-41.292 33.734 -0.175 181 174 133 0.910 0
-39.607 33.734 -0.176 177 179 134 0.910 0
-37.921 33.734 -0.175 189 170 135 0.910 0
-36.236 33.734 -0.174 177 166 125 0.910 0
-34.551 33.734 -0.173 175 160 123 0.910 0
-32.865 33.734 -0.170 175 162 130 0.910 0
-31.180 33.734 -0.167 186 162 126 0.910 0
-29.494 33.734 -0.162 183 173 135 0.910 0
-27.809 33.734 -0.158 184 161 128 0.910 0
-26.124 33.734 -0.152 192 166 132 0.910 0
-24.438 33.734 -0.146 191 178 121 0.910 0
-22.753 33.734 -0.139 175 167 139 0.910 0
-21.067 33.734 -0.131 188 175 127 0.910 0
-19.382 33.734 -0.123 175 170 132 0.910 0
-17.697 33.734 -0.114 190 171 123 0.910 0
-16.011 33.734 -0.105 184 169 124 0.910 0
-14.326 33.734 -0.095 191 176 135 0.910 0
-12.640 33.734 -0.085 185 162 125 0.910 0
-10.955 33.734 -0.075 181 170 137 0.910 0
-9.270 33.734 -0.064 187 176 128 0.910 0
-7.584 33.734 -0.052 180 166 121 0.910 0
-5.899 33.734 -0.041 184 168 135 0.910 0
-4.213 33.734 -0.029 184 164 125 0.910 0
-2.528 33.734 -0.018 180 167 126 0.910 0
-0.843 33.734 -0.006 177 161 123 0.910 0
0.843 33.734 0.006 185 167 134 0.910 0
2.528 33.734 0.018 189 170 139 0.910 0
4.213 33.734 0.029 182 160 131 0.910 0
5.899 33.734 0.041 180 167 139 0.910 0
7.584 33.734 0.052 178 166 134 0.910 0
9.270 33.734 0.064 176 162 127 0.910 0
10.955 33.734 0.075 49 172 59 0.820 3
12.640 33.734 0.085 46 167 69 0.820 3
14.326 33.734 0.095 50 158 63 0.820 3
16.011 33.734 0.105 40 155 70 0.820 3
17.697 33.734 0.114 52 159 61 0.820 3
19.382 33.734 0.123 45 149 66 0.820 3
21.067 33.734 0.131 50 150 67 0.820 3
22.753 33.734 0.139 51 150 57 0.820 3
48.034 33.734 0.165 51 161 67 0.820 3
49.719 33.734 0.161 51 169 60 0.820 3
51.404 33.734 0.155 49 157 61 0.820 3
53.090 33.734 0.150 45 169 61 0.820 3
54.775 33.734 0.143 49 159 58 0.820 3
56.461 33.734 0.136 50 161 60 0.820 3
58.146 33.734 0.128 48 154 58 0.820 3
59.831 33.734 0.120 46 149 65 0.820 3
61.517 33.734 0.111 47 165 72 0.820 3
63.202 33.734 0.101 43 165 66 0.820 3
64.888 33.734 0.091 51 153 72 0.820 3
66.573 33.734 0.081 51 161 71 0.820 3
68.258 33.734 0.070 43 174 62 0.820 3
69.944 33.734 0.059 50 173 60 0.820 3
71.629 33.734 0.048 39 153 63 0.820 3
73.315 33.734 0.036 42 156 66 0.820 3
75.000 33.734 0.025 47 151 71 0.820 3
-75.000 35.380 -0.017 188 164 134 0.910 0
-73.315 35.380 -0.026 182 160 127 0.910 0
-71.629 35.380 -0.034 177 172 125 0.910 0
-69.944 35.380 -0.042 183 176 132 0.910 0
-68.258 35.380 -0.050 182 162 124 0.910 0
-66.573 35.380 -0.057 192 165 137 0.910 0
-64.888 35.380 -0.064 194 171 125 0.910 0
-63.202 35.380 -0.071 194 170 122 0.910 0
-61.517 35.380 -0.078 186 166 129 0.910 0
-59.831 35.380 -0.084 190 162 121 0.910 0
-58.146 35.380 -0.090 177 171 137 0.910 0
-56.461 35.380 -0.096 185 166 137 0.910 0
-54.775 35.380 -0.101 187 174 121 0.910 0
-53.090 35.380 -0.106 187 161 135 0.910 0
-51.404 35.380 -0.110 185 176 139 0.910 0
-49.719 35.380 -0.113 190 164 132 0.910 0
-48.034 35.380 -0.116 178 172 130 0.910 0
-46.348 35.380 -0.119 182 164 127 0.910 0
-44.663 35.380 -0.121 186 163 126 0.910 0
-42.978 35.380 -0.123 181 179 135 0.910 0
-41.292 35.380 -0.124 178 167 134 0.910 0
-39.607 35.380 -0.124 176 173 137 0.910 0
-37.921 35.380 -0.124 181 169 129 0.910 0
-36.236 35.380 -0.123 184 162 124 0.910 0
-34.551 35.380 -0.122 184 163 122 0.910 0
-32.865 35.380 -0.120 178 178 126 0.910 0
-31.180 35.380 -0.118 178 160 129 0.910 0
-29.494 35.380 -0.115 187 169 130 0.910 0
-27.809 35.380 -0.111 194 161 126 0.910 0
-26.124 35.380 -0.107 178 170 121 0.910 0
-24.438 35.380 -0.103 179 162 125 0.910 0
-22.753 35.380 -0.098 187 163 133 0.910 0
-21.067 35.380 -0.093 192 179 138 0.910 0
-19.382 35.380 -0.087 176 166 124 0.910 0
-17.697 35.380 -0.081 179 173 125 0.910 0
-16.011 35.380 -0.074 193 174 138 0.910 0
-14.326 35.380 -0.067 177 161 128 0.910 0
-12.640 35.380 -0.060 177 164 121 0.910 0
-10.955 35.380 -0.053 183 177 120 0.910 0
-9.270 35.380 -0.045 191 175 130 0.910 0
-7.584 35.380 -0.037 185 171 138 0.910 0
-5.899 35.380 -0.029 185 166 130 0.910 0
-4.213 35.380 -0.021 186 160 130 0.910 0
-2.528 35.380 -0.013 187 173 132 0.910 0
-0.843 35.380 -0.004 187 171 132 0.910 0
0.843 35.380 0.004 183 177 121 0.910 0
2.528 35.380 0.013 185 160 138 0.910 0
4.213 35.380 0.021 192 161 138 0.910 0
5.899 35.380 0.029 184 178 121 0.910 0
7.584 35.380 0.037 187 162 121 0.910 0
9.270 35.380 0.045 179 166 136 0.910 0
10.955 35.380 0.053 39 159 65 0.820 3
12.640 35.380 0.060 39 160 57 0.820 3
14.326 35.380 0.067 37 147 72 0.820 3
16.011 35.380 0.074 47 171 58 0.820 3
17.697 35.380 0.081 37 160 69 0.820 3
19.382 35.380 0.087 51 156 60 0.820 3
21.067 35.380 0.093 41 150 69 0.820 3
22.753 35.380 0.098 49 170 71 0.820 3
48.034 35.380 0.116 40 160 63 0.820 3
49.719 35.380 0.113 45 172 59 0.820 3
51.404 35.380 0.110 40 149 67 0.820 3
53.090 35.380 0.106 42 161 60 0.820 3
54.775 35.380 0.101 41 157 61 0.820 3
56.461 35.380 0.096 41 145 57 0.820 3
58.146 35.380 0.090 37 161 62 0.820 3
59.831 35.380 0.084 38 151 70 0.820 3
61.517 35.380 0.078 42 158 62 0.820 3
63.202 35.380 0.071 51 153 65 0.820 3
64.888 35.380 0.064 50 167 57 0.820 3
66.573 35.380 0.057 44 163 71 0.820 3
68.258 35.380 0.050 45 156 69 0.820 3
69.944 35.380 0.042 42 148 65 0.820 3
71.629 35.380 0.034 47 161 60 0.820 3
73.315 35.380 0.026 46 146 67 0.820 3
75.000 35.380 0.017 43 162 71 0.820 3
-75.000 37.025 -0.010 176 178 137 0.910 0
-73.315 37.025 -0.015 186 164 135 0.910 0
-71.629 37.025 -0.020 190 172 122 0.910 0
-69.944 37.025 -0.024 188 171 122 0.910 0
-68.258 37.025 -0.029 194 160 130 0.910 0
-66.573 37.025 -0.033 178 175 139 0.910 0
-64.888 37.025 -0.037 181 163 126 0.910 0
-63.202 37.025 -0.041 175 170 135 0.910 0
-61.517 37.025 -0.045 179 173 123 0.910 0
-59.831 37.025 -0.049 185 170 129 0.910 0
-58.146 37.025 -0.052 190 160 121 0.910 0
-56.461 37.025 -0.055 176 175 138 0.910 0
-54.775 37.025 -0.058 177 165 121 0.910 0
-53.090 37.025 -0.061 179 167 130 0.910 0
-51.404 37.025 -0.063 186 175 123 0.910 0
-49.719 37.025 -0.066 188 175 129 0.910 0
-48.034 37.025 -0.067 190 169 120 0.910 0
-46.348 37.025 -0.069 182 167 138 0.910 0
-44.663 37.025 -0.070 193 165 136 0.910 0
-42.978 37.025 -0.071 183 161 132 0.910 0
-41.292 37.025 -0.071 178 165 129 0.910 0
-39.607 37.025 -0.072 184 169 135 0.910 0
-37.921 37.025 -0.072 186 173 125 0.910 0
-36.236 37.025 -0.071 187 177 130 0.910 0
-34.551 37.025 -0.070 184 176 125 0.910 0
-32.865 37.025 -0.069 178 166 129 0.910 0
-31.180 37.025 -0.068 182 172 137 0.910 0
-29.494 37.025 -0.066 188 173 135 0.910 0
-27.809 37.025 -0.064 188 169 126 0.910 0
-26.124 37.025 -0.062 192 162 127 0.910 0
-24.438 37.025 -0.059 194 166 126 0.910 0
-22.753 37.025 -0.057 191 162 127 0.910 0
-21.067 37.025 -0.054 178 166 125 0.910 0
-19.382 37.025 -0.050 184 174 132 0.910 0
-17.697 37.025 -0.047 184 176 129 0.910 0
-16.011 37.025 -0.043 185 177 139 0.910 0
-14.326 37.025 -0.039 176 163 139 0.910 0
-12.640 37.025 -0.035 184 170 127 0.910 0
-10.955 37.025 -0.030 187 172 134 0.910 0
-9.270 37.025 -0.026 186 162 130 0.910 0
-7.584 37.025 -0.021 189 161 122 0.910 0
-5.899 37.025 -0.017 176 173 135 0.910 0
-4.213 37.025 -0.012 184 163 122 0.910 0
-2.528 37.025 -0.007 190 165 120 0.910 0
-0.843 37.025 -0.002 189 161 122 0.910 0
0.843 37.025 0.002 175 174 133 0.910 0
2.528 37.025 0.007 184 160 127 0.910 0
4.213 37.025 0.012 181 160 134 0.910 0
5.899 37.025 0.017 175 172 120 0.910 0
7.584 37.025 0.021 190 165 134 0.910 0
9.270 37.025 0.026 191 162 125 0.910 0
10.955 37.025 0.030 50 166 57 0.820 3
12.640 37.025 0.035 46 147 65 0.820 3
14.326 37.025 0.039 44 164 65 0.820 3
16.011 37.025 0.043 48 155 70 0.820 3
17.697 37.025 0.047 42 157 66 0.820 3
19.382 37.025 0.050 49 173 60 0.820 3
21.067 37.025 0.054 50 155 62 0.820 3
22.753 37.025 0.057 40 147 65 0.820 3
48.034 37.025 0.067 51 163 57 0.820 3
49.719 37.025 0.066 47 174 63 0.820 3
51.404 37.025 0.063 46 166 60 0.820 3
53.090 37.025 0.061 38 170 69 0.820 3
54.775 37.025 0.058 43 152 66 0.820 3
56.461 37.025 0.055 51 158 66 0.820 3
58.146 37.025 0.052 39 147 57 0.820 3
59.831 37.025 0.049 40 150 72 0.820 3
61.517 37.025 0.045 47 172 63 0.820 3
63.202 37.025 0.041 41 148 62 0.820 3
64.888 37.025 0.037 44 171 59 0.820 3
66.573 37.025 0.033 49 156 71 0.820 3
68.258 37.025 0.029 38 153 61 0.820 3
69.944 37.025 0.024 46 149 60 0.820 3
71.629 37.025 0.020 43 157 58 0.820 3
73.315 37.025 0.015 38 173 64 0.820 3
75.000 37.025 0.010 40 159 58 0.820 3
-75.000 38.671 -0.003 194 175 127 0.910 0
-73.315 38.671 -0.004 189 171 129 0.910 0
-71.629 38.671 -0.005 177 166 134 0.910 0
-69.944 38.671 -0.006 192 171 123 0.910 0
-68.258 38.671 -0.008 179 170 120 0.910 0
-66.573 38.671 -0.009 179 170 124 0.910 0
-64.888 38.671 -0.010 179 173 133 0.910 0
-63.202 38.671 -0.011 176 171 139 0.910 0
-61.517 38.671 -0.012 187 178 132 0.910 0
-59.831 38.671 -0.013 189 160 122 0.910 0
-58.146 38.671 -0.014 190 160 124 0.910 0
-56.461 38.671 -0.015 187 176 138 0.910 0
-54.775 38.671 -0.016 192 171 122 0.910 0
-53.090 38.671 -0.016 184 174 131 0.910 0
-51.404 38.671 -0.017 190 161 128 0.910 0
-49.719 38.671 -0.018 191 163 125 0.910 0
-48.034 38.671 -0.018 187 165 139 0.910 0
-46.348 38.671 -0.018 190 179 128 0.910 0
-44.663 38.671 -0.019 191 178 129 0.910 0
-42.978 38.671 -0.019 178 173 138 0.910 0
-41.292 38.671 -0.019 182 173 130 0.910 0
-39.607 38.671 -0.019 187 164 132 0.910 0
-37.921 38.671 -0.019 187 169 128 0.910 0
-36.236 38.671 -0.019 185 162 137 0.910 0
-34.551 38.671 -0.019 175 179 138 0.910 0
-32.865 38.671 -0.019 187 172 125 0.910 0
-31.180 38.671 -0.018 194 165 122 0.910 0
-29.494 38.671 -0.018 191 178 130 0.910 0
-27.809 38.671 -0.017 193 166 133 0.910 0
-26.124 38.671 -0.017 177 160 134 0.910 0
-24.438 38.671 -0.016 192 166 132 0.910 0
-22.753 38.671 -0.015 180 167 134 0.910 0
-21.067 38.671 -0.014 178 171 130 0.910 0
-19.382 38.671 -0.013 185 171 132 0.910 0
-17.697 38.671 -0.012 176 179 139 0.910 0
-16.011 38.671 -0.011 186 178 133 0.910 0
-14.326 38.671 -0.010 178 177 135 0.910 0
-12.640 38.671 -0.009 179 179 137 0.910 0
-10.955 38.671 -0.008 190 164 129 0.910 0
-9.270 38.671 -0.007 189 165 121 0.910 0
-7.584 38.671 -0.006 178 169 127 0.910 0
-5.899 38.671 -0.004 183 175 130 0.910 0
-4.213 38.671 -0.003 188 174 120 0.910 0
-2.528 38.671 -0.002 194 170 137 0.910 0
-0.843 38.671 -0.001 177 161 131 0.910 0
0.843 38.671 0.001 176 176 130 0.910 0
2.528 38.671 0.002 181 170 121 0.910 0
4.213 38.671 0.003 187 166 131 0.910 0
5.899 38.671 0.004 186 172 131 0.910 0
7.584 38.671 0.006 194 164 131 0.910 0
9.270 38.671 0.007 188 173 136 0.910 0
10.955 38.671 0.008 47 173 72 0.820 3
12.640 38.671 0.009 45 163 58 0.820 3
14.326 38.671 0.010 49 167 62 0.820 3
16.011 38.671 0.011 38 170 68 0.820 3
17.697 38.671 0.012 40 163 64 0.820 3
19.382 38.671 0.013 42 167 67 0.820 3
21.067 38.671 0.014 39 145 61 0.820 3
22.753 38.671 0.015 46 163 59 0.820 3
48.034 38.671 0.018 42 147 63 0.820 3
49.719 38.671 0.018 45 148 69 0.820 3
51.404 38.671 0.017 48 167 60 0.820 3
53.090 38.671 0.016 40 146 69 0.820 3
54.775 38.671 0.016 37 169 65 0.820 3
56.461 38.671 0.015 44 171 67 0.820 3
58.146 38.671 0.014 42 173 58 0.820 3
59.831 38.671 0.013 44 162 68 0.820 3
61.517 38.671 0.012 52 154 68 0.820 3
63.202 38.671 0.011 45 168 72 0.820 3
64.888 38.671 0.010 37 151 57 0.820 3
66.573 38.671 0.009 39 162 66 0.820 3
68.258 38.671 0.008 43 148 62 0.820 3
69.944 38.671 0.006 45 145 66 0.820 3
71.629 38.671 0.005 44 164 71 0.820 3
73.315 38.671 0.004 41 157 58 0.820 3
75.000 38.671 0.003 42 147 66 0.820 3
-75.000 40.316 0.005 190 173 131 0.910 0
-73.315 40.316 0.007 193 172 125 0.910 0
-71.629 40.316 0.009 188 171 130 0.910 0
-69.944 40.316 0.011 193 169 138 0.910 0
-68.258 40.316 0.013 190 167 134 0.910 0
-66.573 40.316 0.015 179 171 133 0.910 0
-64.888 40.316 0.017 181 168 138 0.910 0
-63.202 40.316 0.019 181 169 126 0.910 0
-61.517 40.316 0.021 189 166 121 0.910 0
-59.831 40.316 0.023 178 178 136 0.910 0
-58.146 40.316 0.024 177 176 137 0.910 0
-56.461 40.316 0.026 175 162 130 0.910 0
-54.775 40.316 0.027 187 172 122 0.910 0
-53.090 40.316 0.028 175 164 131 0.910 0
-51.404 40.316 0.030 180 167 130 0.910 0
-49.719 40.316 0.031 193 173 130 0.910 0
-48.034 40.316 0.031 175 166 132 0.910 0
-46.348 40.316 0.032 193 160 128 0.910 0
-44.663 40.316 0.033 194 179 123 0.910 0
-42.978 40.316 0.033 177 168 135 0.910 0
-41.292 40.316 0.033 181 164 133 0.910 0
-39.607 40.316 0.033 177 165 137 0.910 0
-37.921 40.316 0.033 188 162 133 0.910 0
-36.236 40.316 0.033 179 166 123 0.910 0
-34.551 40.316 0.033 188 168 129 0.910 0
-32.865 40.316 0.032 187 161 120 0.910 0
-31.180 40.316 0.032 191 170 121 0.910 0
-29.494 40.316 0.031 180 167 124 0.910 0
-27.809 40.316 0.030 177 166 126 0.910 0
-26.124 40.316 0.029 178 174 131 0.910 0
-24.438 40.316 0.028 185 170 131 0.910 0
-22.753 40.316 0.026 176 170 127 0.910 0
-21.067 40.316 0.025 188 177 122 0.910 0
-19.382 40.316 0.023 175 175 125 0.910 0
-17.697 40.316 0.022 187 170 125 0.910 0
-16.011 40.316 0.020 175 161 138 0.910 0
-14.326 40.316 0.018 175 173 138 0.910 0
-12.640 40.316 0.016 181 176 131 0.910 0
-10.955 40.316 0.014 184 163 120 0.910 0
-9.270 40.316 0.012 190 171 134 0.910 0
-7.584 40.316 0.010 180 168 137 0.910 0
-5.899 40.316 0.008 184 167 124 0.910 0
-4.213 40.316 0.006 182 169 138 0.910 0
-2.528 40.316 0.003 188 179 137 0.910 0
-0.843 40.316 0.001 175 164 136 0.910 0
0.843 40.316 -0.001 191 179 121 0.910 0
2.528 40.316 -0.003 175 171 133 0.910 0
4.213 40.316 -0.006 193 177 131 0.910 0
5.899 40.316 -0.008 190 179 138 0.910 0
7.584 40.316 -0.010 192 169 121 0.910 0
9.270 40.316 -0.012 181 165 126 0.910 0
10.955 40.316 -0.014 41 164 64 0.820 3
12.640 40.316 -0.016 47 173 62 0.820 3
14.326 40.316 -0.018 47 174 71 0.820 3
16.011 40.316 -0.020 39 167 66 0.820 3
17.697 40.316 -0.022 47 163 65 0.820 3
19.382 40.316 -0.023 37 164 57 0.820 3
21.067 40.316 -0.025 48 174 57 0.820 3
22.753 40.316 -0.026 52 155 66 0.820 3
24.438 40.316 -0.028 38 174 66 0.820 3
26.124 40.316 -0.029 51 163 71 0.820 3
27.809 40.316 -0.030 38 156 60 0.820 3
29.494 40.316 -0.031 37 153 72 0.820 3
31.180 40.316 -0.032 49 164 69 0.820 3
32.865 40.316 -0.032 37 160 63 0.820 3
34.551 40.316 -0.033 41 165 60 0.820 3
36.236 40.316 -0.033 46 161 61 0.820 3
37.921 40.316 -0.033 47 162 71 0.820 3
39.607 40.316 -0.033 45 153 71 0.820 3
41.292 40.316 -0.033 52 162 64 0.820 3
42.978 40.316 -0.033 41 163 57 0.820 3
44.663 40.316 -0.033 40 161 70 0.820 3
46.348 40.316 -0.032 44 148 64 0.820 3
48.034 40.316 -0.031 44 160 59 0.820 3
49.719 40.316 -0.031 52 166 63 0.820 3
51.404 40.316 -0.030 47 159 58 0.820 3
53.090 40.316 -0.028 48 148 66 0.820 3
54.775 40.316 -0.027 47 156 57 0.820 3
56.461 40.316 -0.026 41 170 69 0.820 3
58.146 40.316 -0.024 46 169 60 0.820 3
59.831 40.316 -0.023 52 147 67 0.820 3
61.517 40.316 -0.021 47 163 64 0.820 3
63.202 40.316 -0.019 46 167 62 0.820 3
64.888 40.316 -0.017 42 170 64 0.820 3
66.573 40.316 -0.015 52 163 67 0.820 3
68.258 40.316 -0.013 50 150 63 0.820 3
69.944 40.316 -0.011 46 157 66 0.820 3
71.629 40.316 -0.009 37 169 72 0.820 3
73.315 40.316 -0.007 39 164 66 0.820 3
75.000 40.316 -0.005 50 146 57 0.820 3
-75.000 41.962 0.012 186 179 139 0.910 0
-73.315 41.962 0.018 182 169 129 0.910 0
-71.629 41.962 0.023 177 162 120 0.910 0
-69.944 41.962 0.029 190 170 127 0.910 0
-68.258 41.962 0.034 184 177 137 0.910 0
-66.573 41.962 0.040 178 179 139 0.910 0
-64.888 41.962 0.045 185 173 135 0.910 0
-63.202 41.962 0.050 194 164 124 0.910 0
-61.517 41.962 0.054 189 175 136 0.910 0
-59.831 41.962 0.059 191 168 136 0.910 0
-58.146 41.962 0.063 184 179 127 0.910 0
-56.461 41.962 0.066 177 161 123 0.910 0
-54.775 41.962 0.070 192 171 138 0.910 0
-53.090 41.962 0.073 190 173 127 0.910 0
-51.404 41.962 0.076 177 167 128 0.910 0
-49.719 41.962 0.079 182 179 133 0.910 0
-48.034 41.962 0.081 187 167 120 0.910 0
-46.348 41.962 0.083 192 162 120 0.910 0
-44.663 41.962 0.084 193 174 128 0.910 0
-42.978 41.962 0.085 175 163 120 0.910 0
-41.292 41.962 0.086 185 173 132 0.910 0
-39.607 41.962 0.086 183 170 124 0.910 0
-37.921 41.962 0.086 177 163 136 0.910 0
-36.236 41.962 0.085 189 161 136 0.910 0
-34.551 41.962 0.084 177 168 123 0.910 0
-32.865 41.962 0.083 182 178 133 0.910 0
-31.180 41.962 0.082 190 167 133 0.910 0
-29.494 41.962 0.079 181 177 133 0.910 0
-27.809 41.962 0.077 186 178 134 0.910 0
-26.124 41.962 0.074 176 171 136 0.910 0
-24.438 41.962 0.071 192 162 139 0.910 0
-22.753 41.962 0.068 183 177 123 0.910 0
-21.067 41.962 0.064 183 176 124 0.910 0
-19.382 41.962 0.060 189 166 129 0.910 0
-17.697 41.962 0.056 186 165 126 0.910 0
-16.011 41.962 0.051 186 160 122 0.910 0
-14.326 41.962 0.047 192 175 136 0.910 0
-12.640 41.962 0.042 182 170 123 0.910 0
-10.955 41.962 0.036 178 165 120 0.910 0
-9.270 41.962 0.031 190 161 124 0.910 0
-7.584 41.962 0.026 192 173 134 0.910 0
-5.899 41.962 0.020 176 161 122 0.910 0
-4.213 41.962 0.014 193 161 126 0.910 0
-2.528 41.962 0.009 188 175 134 0.910 0
-0.843 41.962 0.003 184 171 135 0.910 0
0.843 41.962 -0.003 193 174 126 0.910 0
2.528 41.962 -0.009 184 175 136 0.910 0
4.213 41.962 -0.014 179 179 132 0.910 0
5.899 41.962 -0.020 183 167 138 0.910 0
7.584 41.962 -0.026 180 175 128 0.910 0
9.270 41.962 -0.031 185 179 139 0.910 0
10.955 41.962 -0.036 45 173 64 0.820 3
12.640 41.962 -0.042 49 171 66 0.820 3
14.326 41.962 -0.047 38 152 60 0.820 3
16.011 41.962 -0.051 44 164 69 0.820 3
17.697 41.962 -0.056 51 157 60 0.820 3
19.382 41.962 -0.060 50 171 67 0.820 3
21.067 41.962 -0.064 47 173 57 0.820 3
22.753 41.962 -0.068 50 173 57 0.820 3
24.438 41.962 -0.071 45 145 72 0.820 3
26.124 41.962 -0.074 46 172 69 0.820 3
27.809 41.962 -0.077 38 173 62 0.820 3
29.494 41.962 -0.079 46 158 64 0.820 3
31.180 41.962 -0.082 47 145 67 0.820 3
32.865 41.962 -0.083 40 154 62 0.820 3
34.551 41.962 -0.084 42 160 71 0.820 3
36.236 41.962 -0.085 38 159 67 0.820 3
37.921 41.962 -0.086 45 157 67 0.820 3
39.607 41.962 -0.086 40 154 70 0.820 3
41.292 41.962 -0.086 43 155 58 0.820 3
42.978 41.962 -0.085 51 165 71 0.820 3
44.663 41.962 -0.084 44 149 59 0.820 3
46.348 41.962 -0.083 37 163 57 0.820 3
48.034 41.962 -0.081 38 154 66 0.820 3
49.719 41.962 -0.079 39 163 68 0.820 3
51.404 41.962 -0.076 41 166 62 0.820 3
53.090 41.962 -0.073 39 168 68 0.820 3
54.775 41.962 -0.070 42 156 59 0.820 3
56.461 41.962 -0.066 47 148 72 0.820 3
58.146 41.962 -0.063 40 164 67 0.820 3
59.831 41.962 -0.059 38 170 59 0.820 3
61.517 41.962 -0.054 38 158 65 0.820 3
63.202 41.962 -0.050 43 154 64 0.820 3
64.888 41.962 -0.045 37 172 66 0.820 3
66.573 41.962 -0.040 47 153 61 0.820 3
68.258 41.962 -0.034 40 166 69 0.820 3
69.944 41.962 -0.029 47 174 63 0.820 3
71.629 41.962 -0.023 42 146 69 0.820 3
73.315 41.962 -0.018 45 149 63 0.820 3
75.000 41.962 -0.012 44 169 60 0.820 3
-75.000 43.608 0.019 181 173 136 0.910 0
-73.315 43.608 0.029 180 161 127 0.910 0
-71.629 43.608 0.038 185 164 133 0.910 0
-69.944 43.608 0.047 176 177 133 0.910 0
-68.258 43.608 0.055 179 174 129 0.910 0
-66.573 43.608 0.064 183 171 128 0.910 0
-64.888 43.608 0.072 181 179 136 0.910 0
-63.202 43.608 0.080 193 169 138 0.910 0
-61.517 43.608 0.087 185 174 122 0.910 0
-59.831 43.608 0.094 181 175 120 0.910 0
-58.146 43.608 0.101 178 168 129 0.910 0
-56.461 43.608 0.107 191 165 128 0.910 0
-54.775 43.608 0.112 181 160 121 0.910 0
-53.090 43.608 0.118 186 168 130 0.910 0
-51.404 43.608 0.122 181 179 127 0.910 0
-49.719 43.608 0.126 193 174 126 0.910 0
-48.034 43.608 0.130 178 165 132 0.910 0
-46.348 43.608 0.133 186 175 129 0.910 0
-44.663 43.608 0.135 180 174 130 0.910 0
-42.978 43.608 0.137 181 162 122 0.910 0
-41.292 43.608 0.138 190 172 126 0.910 0
-39.607 43.608 0.138 193 178 130 0.910 0
-37.921 43.608 0.138 175 161 139 0.910 0
-36.236 43.608 0.137 193 170 134 0.910 0
-34.551 43.608 0.136 190 179 135 0.910 0
-32.865 43.608 0.134 187 166 136 0.910 0
-31.180 43.608 0.131 189 176 133 0.910 0
-29.494 43.608 0.128 189 172 128 0.910 0
-27.809 43.608 0.124 193 168 124 0.910 0
-26.124 43.608 0.119 193 168 135 0.910 0
-24.438 43.608 0.115 175 161 124 0.910 0
-22.753 43.608 0.109 192 167 125 0.910 0
-21.067 43.608 0.103 182 173 133 0.910 0
-19.382 43.608 0.097 194 162 139 0.910 0
-17.697 43.608 0.090 180 170 132 0.910 0
-16.011 43.608 0.083 180 175 126 0.910 0
-14.326 43.608 0.075 188 170 131 0.910 0
-12.640 43.608 0.067 189 176 129 0.910 0
-10.955 43.608 0.059 180 162 137 0.910 0
-9.270 43.608 0.050 177 179 120 0.910 0
-7.584 43.608 0.041 185 177 129 0.910 0
-5.899 43.608 0.032 194 176 132 0.910 0
-4.213 43.608 0.023 192 175 126 0.910 0
-2.528 43.608 0.014 175 171 126 0.910 0
-0.843 43.608 0.005 185 172 128 0.910 0
0.843 43.608 -0.005 189 170 133 0.910 0
2.528 43.608 -0.014 191 173 138 0.910 0
4.213 43.608 -0.023 177 168 139 0.910 0
5.899 43.608 -0.032 180 168 130 0.910 0
7.584 43.608 -0.041 193 173 135 0.910 0
9.270 43.608 -0.050 192 172 126 0.910 0
10.955 43.608 -0.059 47 156 71 0.820 3
12.640 43.608 -0.067 41 165 68 0.820 3
14.326 43.608 -0.075 45 159 57 0.820 3
16.011 43.608 -0.083 48 152 72 0.820 3
17.697 43.608 -0.090 39 158 69 0.820 3
19.382 43.608 -0.097 44 171 69 0.820 3
21.067 43.608 -0.103 45 157 59 0.820 3
22.753 43.608 -0.109 44 173 72 0.820 3
24.438 43.608 -0.115 52 161 66 0.820 3
26.124 43.608 -0.119 49 172 62 0.820 3
27.809 43.608 -0.124 44 145 67 0.820 3
29.494 43.608 -0.128 52 154 71 0.820 3
31.180 43.608 -0.131 48 165 69 0.820 3
32.865 43.608 -0.134 48 146 64 0.820 3
34.551 43.608 -0.136 41 173 68 0.820 3
36.236 43.608 -0.137 41 170 63 0.820 3
37.921 43.608 -0.138 45 147 66 0.820 3
39.607 43.608 -0.138 49 172 63 0.820 3
41.292 43.608 -0.138 47 146 64 0.820 3
42.978 43.608 -0.137 43 163 72 0.820 3
44.663 43.608 -0.135 47 151 69 0.820 3
46.348 43.608 -0.133 40 157 62 0.820 3
48.034 43.608 -0.130 44 168 66 0.820 3
49.719 43.608 -0.126 52 148 61 0.820 3
51.404 43.608 -0.122 52 154 72 0.820 3
53.090 43.608 -0.118 52 173 60 0.820 3
54.775 43.608 -0.112 49 163 69 0.820 3
56.461 43.608 -0.107 43 169 60 0.820 3
58.146 43.608 -0.101 44 164 70 0.820 3
59.831 43.608 -0.094 44 174 59 0.820 3
61.517 43.608 -0.087 52 156 65 0.820 3
63.202 43.608 -0.080 51 148 64 0.820 3
64.888 43.608 -0.072 37 171 71 0.820 3
66.573 43.608 -0.064 43 151 66 0.820 3
68.258 43.608 -0.055 41 167 57 0.820 3
69.944 43.608 -0.047 51 159 68 0.820 3
71.629 43.608 -0.038 45 156 61 0.820 3
73.315 43.608 -0.029 39 147 60 0.820 3
75.000 43.608 -0.019 38 145 65 0.820 3
-75.000 45.253 0.027 185 168 126 0.910 0
-73.315 45.253 0.039 183 175 130 0.910 0
-71.629 45.253 0.052 183 171 126 0.910 0
-69.944 45.253 0.064 178 175 124 0.910 0
-68.258 45.253 0.076 177 162 133 0.910 0
-66.573 45.253 0.087 181 173 132 0.910 0
-64.888 45.253 0.098 185 161 139 0.910 0
-63.202 45.253 0.109 194 165 129 0.910 0
-61.517 45.253 0.119 189 160 138 0.910 0
-59.831 45.253 0.129 183 167 123 0.910 0
-58.146 45.253 0.138 178 167 131 0.910 0
-56.461 45.253 0.147 186 177 136 0.910 0
-54.775 45.253 0.154 177 168 128 0.910 0
-53.090 45.253 0.161 194 165 137 0.910 0
-51.404 45.253 0.168 193 178 122 0.910 0
-49.719 45.253 0.173 181 163 133 0.910 0
-48.034 45.253 0.178 187 161 123 0.910 0
-46.348 45.253 0.182 180 170 139 0.910 0
-44.663 45.253 0.185 179 172 129 0.910 0
-42.978 45.253 0.188 192 169 123 0.910 0
-41.292 45.253 0.189 175 163 124 0.910 0
-39.607 45.253 0.190 188 169 122 0.910 0
-37.921 45.253 0.189 189 166 139 0.910 0
-36.236 45.253 0.188 182 176 128 0.910 0
-34.551 45.253 0.186 192 176 138 0.910 0
-32.865 45.253 0.183 192 166 122 0.910 0
-31.180 45.253 0.180 187 161 126 0.910 0
-29.494 45.253 0.175 184 168 122 0.910 0
-27.809 45.253 0.170 177 160 129 0.910 0
-26.124 45.253 0.164 184 178 132 0.910 0
-24.438 45.253 0.157 189 170 121 0.910 0
-22.753 45.253 0.150 187 172 130 0.910 0
-21.067 45.253 0.142 179 166 133 0.910 0
-19.382 45.253 0.133 192 168 132 0.910 0
-17.697 45.253 0.123 187 175 128 0.910 0
-16.011 45.253 0.113 193 160 122 0.910 0
-14.326 45.253 0.103 182 160 135 0.910 0
-12.640 45.253 0.092 185 179 131 0.910 0
-10.955 45.253 0.080 191 176 122 0.910 0
-9.270 45.253 0.069 178 167 129 0.910 0
-7.584 45.253 0.057 177 168 126 0.910 0
-5.899 45.253 0.044 194 163 136 0.910 0
-4.213 45.253 0.032 176 178 125 0.910 0
-2.528 45.253 0.019 187 166 123 0.910 0
-0.843 45.253 0.006 191 174 136 0.910 0
0.843 45.253 -0.006 180 172 129 0.910 0
2.528 45.253 -0.019 183 171 132 0.910 0
4.213 45.253 -0.032 179 170 132 0.910 0
5.899 45.253 -0.044 186 169 129 0.910 0
7.584 45.253 -0.057 188 166 125 0.910 0
9.270 45.253 -0.069 186 164 126 0.910 0
10.955 45.253 -0.080 41 154 60 0.820 3
12.640 45.253 -0.092 48 160 65 0.820 3
14.326 45.253 -0.103 49 151 60 0.820 3
16.011 45.253 -0.113 39 150 71 0.820 3
17.697 45.253 -0.123 50 158 64 0.820 3
19.382 45.253 -0.133 43 154 67 0.820 3
21.067 45.253 -0.142 45 158 63 0.820 3
22.753 45.253 -0.150 43 148 57 0.820 3
24.438 45.253 -0.157 44 168 60 0.820 3
26.124 45.253 -0.164 46 166 62 0.820 3
27.809 45.253 -0.170 42 151 66 0.820 3
29.494 45.253 -0.175 40 171 68 0.820 3
31.180 45.253 -0.180 45 151 57 0.820 3
32.865 45.253 -0.183 42 165 58 0.820 3
34.551 45.253 -0.186 40 156 65 0.820 3
36.236 45.253 -0.188 37 149 63 0.820 3
37.921 45.253 -0.189 45 172 71 0.820 3
39.607 45.253 -0.190 50 172 72 0.820 3
41.292 45.253 -0.189 46 156 60 0.820 3
42.978 45.253 -0.188 50 171 66 0.820 3
44.663 45.253 -0.185 43 161 65 0.820 3
46.348 45.253 -0.182 38 160 72 0.820 3
48.034 45.253 -0.178 46 152 63 0.820 3
49.719 45.253 -0.173 42 160 62 0.820 3
51.404 45.253 -0.168 48 155 60 0.820 3
53.090 45.253 -0.161 43 158 67 0.820 3
54.775 45.253 -0.154 37 163 71 0.820 3
56.461 45.253 -0.147 47 167 62 0.820 3
58.146 45.253 -0.138 49 155 60 0.820 3
59.831 45.253 -0.129 41 157 63 0.820 3
61.517 45.253 -0.119 39 173 60 0.820 3
63.202 45.253 -0.109 52 159 68 0.820 3
64.888 45.253 -0.098 40 158 72 0.820 3
66.573 45.253 -0.087 43 157 65 0.820 3
68.258 45.253 -0.076 49 146 71 0.820 3
69.944 45.253 -0.064 46 167 60 0.820 3
71.629 45.253 -0.052 37 162 62 0.820 3
73.315 45.253 -0.039 41 170 63 0.820 3
75.000 45.253 -0.027 51 147 59 0.820 3
-75.000 46.899 0.034 183 168 130 0.910 0
-73.315 46.899 0.050 183 177 123 0.910 0
-71.629 46.899 0.066 181 178 134 0.910 0
-69.944 46.899 0.081 180 160 120 0.910 0
-68.258 46.899 0.096 190 163 131 0.910 0
-66.573 46.899 0.111 191 162 124 0.910 0
-64.888 46.899 0.125 185 171 122 0.910 0
-63.202 46.899 0.138 188 161 120 0.910 0
-61.517 46.899 0.151 191 160 121 0.910 0
-59.831 46.899 0.164 182 163 121 0.910 0
-58.146 46.899 0.175 188 172 139 0.910 0
-56.461 46.899 0.186 190 166 120 0.910 0
-54.775 46.899 0.196 187 170 124 0.910 0
-53.090 46.899 0.205 175 176 124 0.910 0
-51.404 46.899 0.213 181 165 127 0.910 0
-49.719 46.899 0.220 185 169 133 0.910 0
-48.034 46.899 0.226 175 161 128 0.910 0
-46.348 46.899 0.231 187 168 122 0.910 0
-44.663 46.899 0.235 182 174 133 0.910 0
-42.978 46.899 0.238 187 169 136 0.910 0
-41.292 46.899 0.240 187 164 128 0.910 0
-39.607 46.899 0.240 191 164 133 0.910 0
-37.921 46.899 0.240 190 160 132 0.910 0
-36.236 46.899 0.239 182 177 124 0.910 0
-34.551 46.899 0.236 191 179 126 0.910 0
-32.865 46.899 0.233 187 163 124 0.910 0
-31.180 46.899 0.228 175 177 134 0.910 0
-29.494 46.899 0.222 177 160 137 0.910 0
-27.809 46.899 0.216 194 169 134 0.910 0
-26.124 46.899 0.208 194 170 139 0.910 0
-24.438 46.899 0.199 177 178 124 0.910 0
-22.753 46.899 0.190 178 162 131 0.910 0
-21.067 46.899 0.179 192 166 120 0.910 0
-19.382 46.899 0.168 192 167 120 0.910 0
-17.697 46.899 0.156 178 176 126 0.910 0
-16.011 46.899 0.144 193 169 134 0.910 0
-14.326 46.899 0.130 191 161 133 0.910 0
-12.640 46.899 0.116 187 160 134 0.910 0
-10.955 46.899 0.102 188 175 139 0.910 0
-9.270 46.899 0.087 187 171 139 0.910 0
-7.584 46.899 0.072 187 173 120 0.910 0
-5.899 46.899 0.056 193 162 134 0.910 0
-4.213 46.899 0.040 176 169 125 0.910 0
-2.528 46.899 0.024 179 171 133 0.910 0
-0.843 46.899 0.008 194 160 128 0.910 0
0.843 46.899 -0.008 181 167 122 0.910 0
2.528 46.899 -0.024 180 168 134 0.910 0
4.213 46.899 -0.040 177 173 130 0.910 0
5.899 46.899 -0.056 179 161 131 0.910 0
7.584 46.899 -0.072 187 160 128 0.910 0
9.270 46.899 -0.087 188 160 126 0.910 0
10.955 46.899 -0.102 44 153 59 0.820 3
12.640 46.899 -0.116 47 167 61 0.820 3
14.326 46.899 -0.130 44 162 57 0.820 3
16.011 46.899 -0.144 47 170 62 0.820 3
17.697 46.899 -0.156 52 174 61 0.820 3
19.382 46.899 -0.168 52 151 72 0.820 3
21.067 46.899 -0.179 39 157 67 0.820 3
22.753 46.899 -0.190 42 172 63 0.820 3
24.438 46.899 -0.199 52 174 62 0.820 3
26.124 46.899 -0.208 48 162 63 0.820 3
27.809 46.899 -0.216 43 165 65 0.820 3
29.494 46.899 -0.222 50 158 69 0.820 3
31.180 46.899 -0.228 38 174 71 0.820 3
32.865 46.899 -0.233 37 165 67 0.820 3
34.551 46.899 -0.236 48 164 66 0.820 3
36.236 46.899 -0.239 49 153 64 0.820 3
37.921 46.899 -0.240 41 167 65 0.820 3
39.607 46.899 -0.240 43 148 64 0.820 3
41.292 46.899 -0.240 40 163 60 0.820 3
42.978 46.899 -0.238 52 158 60 0.820 3
44.663 46.899 -0.235 45 145 63 0.820 3
46.348 46.899 -0.231 40 168 70 0.820 3
48.034 46.899 -0.226 49 174 65 0.820 3
49.719 46.899 -0.220 49 161 63 0.820 3
51.404 46.899 -0.213 37 158 68 0.820 3
53.090 46.899 -0.205 50 159 65 0.820 3
54.775 46.899 -0.196 49 171 71 0.820 3
56.461 46.899 -0.186 39 165 72 0.820 3
58.146 46.899 -0.175 52 155 67 0.820 3
59.831 46.899 -0.164 51 151 65 0.820 3
61.517 46.899 -0.151 44 162 70 0.820 3
63.202 46.899 -0.138 49 155 65 0.820 3
64.888 46.899 -0.125 37 158 61 0.820 3
66.573 46.899 -0.111 46 169 61 0.820 3
68.258 46.899 -0.096 41 147 68 0.820 3
69.944 46.899 -0.081 46 157 57 0.820 3
71.629 46.899 -0.066 43 168 71 0.820 3
73.315 46.899 -0.050 38 165 67 0.820 3
75.000 46.899 -0.034 51 150 62 0.820 3
-75.000 48.544 0.041 189 168 137 0.910 0
-73.315 48.544 0.060 180 167 131 0.910 0
-71.629 48.544 0.079 193 173 137 0.910 0
-69.944 48.544 0.098 175 172 129 0.910 0
-68.258 48.544 0.116 181 161 135 0.910 0
-66.573 48.544 0.134 193 168 135 0.910 0
-64.888 48.544 0.151 186 167 125 0.910 0
-63.202 48.544 0.167 188 171 125 0.910 0
-61.517 48.544 0.183 175 162 138 0.910 0
-59.831 48.544 0.197 184 170 128 0.910 0
-58.146 48.544 0.211 175 178 139 0.910 0
-56.461 48.544 0.224 181 168 137 0.910 0
-54.775 48.544 0.236 190 176 127 0.910 0
-53.090 48.544 0.247 194 169 139 0.910 0
-51.404 48.544 0.257 181 162 134 0.910 0
-49.719 48.544 0.265 185 172 139 0.910 0
-48.034 48.544 0.272 180 176 132 0.910 0
-46.348 48.544 0.278 190 168 129 0.910 0
-44.663 48.544 0.283 185 173 120 0.910 0
-42.978 48.544 0.287 191 169 126 0.910 0
-41.292 48.544 0.289 176 163 138 0.910 0
-39.607 48.544 0.290 186 163 124 0.910 0
-37.921 48.544 0.290 186 165 130 0.910 0
-36.236 48.544 0.288 191 168 122 0.910 0
-34.551 48.544 0.285 175 162 123 0.910 0
-32.865 48.544 0.281 190 161 123 0.910 0
-31.180 48.544 0.275 182 164 137 0.910 0
-29.494 48.544 0.268 189 170 137 0.910 0
-27.809 48.544 0.260 178 164 125 0.910 0
-26.124 48.544 0.251 188 172 130 0.910 0
-24.438 48.544 0.240 193 171 131 0.910 0
-22.753 48.544 0.229 192 168 122 0.910 0
-21.067 48.544 0.216 184 160 133 0.910 0
-19.382 48.544 0.203 179 171 139 0.910 0
-17.697 48.544 0.189 180 174 125 0.910 0
-16.011 48.544 0.173 184 172 130 0.910 0
-14.326 48.544 0.157 194 170 128 0.910 0
-12.640 48.544 0.140 176 169 132 0.910 0
-10.955 48.544 0.123 192 168 129 0.910 0
-9.270 48.544 0.105 191 176 138 0.910 0
-7.584 48.544 0.087 184 170 125 0.910 0
-5.899 48.544 0.068 191 164 135 0.910 0
-4.213 48.544 0.049 191 175 138 0.910 0
-2.528 48.544 0.029 181 176 125 0.910 0
-0.843 48.544 0.010 180 168 137 0.910 0
0.843 48.544 -0.010 184 163 126 0.910 0
2.528 48.544 -0.029 185 169 123 0.910 0
4.213 48.544 -0.049 187 168 129 0.910 0
5.899 48.544 -0.068 185 166 120 0.910 0
7.584 48.544 -0.087 185 161 127 0.910 0
9.270 48.544 -0.105 175 166 138 0.910 0
10.955 48.544 -0.123 42 160 59 0.820 3
12.640 48.544 -0.140 39 147 69 0.820 3
14.326 48.544 -0.157 49 173 61 0.820 3
16.011 48.544 -0.173 49 170 60 0.820 3
17.697 48.544 -0.189 46 146 67 0.820 3
19.382 48.544 -0.203 44 150 68 0.820 3
21.067 48.544 -0.216 52 166 57 0.820 3
22.753 48.544 -0.229 45 149 58 0.820 3
24.438 48.544 -0.240 46 145 60 0.820 3
26.124 48.544 -0.251 46 149 66 0.820 3
27.809 48.544 -0.260 44 172 63 0.820 3
29.494 48.544 -0.268 52 162 57 0.820 3
31.180 48.544 -0.275 44 159 64 0.820 3
32.865 48.544 -0.281 49 149 69 0.820 3
34.551 48.544 -0.285 49 168 65 0.820 3
36.236 48.544 -0.288 46 165 65 0.820 3
37.921 48.544 -0.290 41 169 57 0.820 3
39.607 48.544 -0.290 51 167 70 0.820 3
41.292 48.544 -0.289 48 157 64 0.820 3
42.978 48.544 -0.287 47 170 58 0.820 3
44.663 48.544 -0.283 43 152 72 0.820 3
46.348 48.544 -0.278 50 159 65 0.820 3
48.034 48.544 -0.272 41 164 63 0.820 3
49.719 48.544 -0.265 51 153 66 0.820 3
51.404 48.544 -0.257 38 151 65 0.820 3
53.090 48.544 -0.247 40 158 58 0.820 3
54.775 48.544 -0.236 37 165 62 0.820 3
56.461 48.544 -0.224 45 167 71 0.820 3
58.146 48.544 -0.211 46 160 69 0.820 3
59.831 48.544 -0.197 39 169 62 0.820 3
61.517 48.544 -0.183 43 157 69 0.820 3
63.202 48.544 -0.167 45 149 71 0.820 3
64.888 48.544 -0.151 39 171 65 0.820 3
66.573 48.544 -0.134 50 148 61 0.820 3
68.258 48.544 -0.116 48 173 70 0.820 3
69.944 48.544 -0.098 43 150 58 0.820 3
71.629 48.544 -0.079 40 146 67 0.820 3
73.315 48.544 -0.060 48 145 66 0.820 3
75.000 48.544 -0.041 44 147 70 0.820 3
-75.000 50.190 0.048 186 174 121 0.910 0
-73.315 50.190 0.070 185 172 138 0.910 0
-71.629 50.190 0.092 183 166 125 0.910 0
-69.944 50.190 0.114 184 160 132 0.910 0
-68.258 50.190 0.135 192 165 124 0.910 0
-66.573 50.190 0.156 191 164 136 0.910 0
-64.888 50.190 0.176 186 163 121 0.910 0
-63.202 50.190 0.195 187 165 130 0.910 0
-61.517 50.190 0.213 189 170 125 0.910 0
-59.831 50.190 0.230 180 163 129 0.910 0
-58.146 50.190 0.246 178 171 133 0.910 0
-56.461 50.190 0.262 189 174 134 0.910 0
-54.775 50.190 0.275 182 176 137 0.910 0
-53.090 50.190 0.288 175 173 129 0.910 0
-51.404 50.190 0.299 182 165 123 0.910 0
-49.719 50.190 0.309 176 177 135 0.910 0
-48.034 50.190 0.318 178 178 137 0.910 0
-46.348 50.190 0.325 192 166 127 0.910 0
-44.663 50.190 0.331 190 167 130 0.910 0
-42.978 50.190 0.335 179 162 125 0.910 0
-41.292 50.190 0.337 183 175 136 0.910 0
-39.607 50.190 0.338 183 173 127 0.910 0
-37.921 50.190 0.338 190 165 121 0.910 0
-36.236 50.190 0.336 186 170 139 0.910 0
-34.551 50.190 0.332 188 178 122 0.910 0
-32.865 50.190 0.327 189 170 137 0.910 0
-31.180 50.190 0.321 186 170 131 0.910 0
-29.494 50.190 0.313 190 160 138 0.910 0
-27.809 50.190 0.303 181 161 131 0.910 0
-26.124 50.190 0.293 176 163 124 0.910 0
-24.438 50.190 0.281 175 164 132 0.910 0
-22.753 50.190 0.267 183 174 133 0.910 0
-21.067 50.190 0.253 176 168 132 0.910 0
-19.382 50.190 0.237 187 169 120 0.910 0
-17.697 50.190 0.220 193 170 130 0.910 0
-16.011 50.190 0.202 182 167 136 0.910 0
-14.326 50.190 0.183 186 173 125 0.910 0
-12.640 50.190 0.164 194 169 136 0.910 0
-10.955 50.190 0.144 192 167 123 0.910 0
-9.270 50.190 0.123 193 174 120 0.910 0
-7.584 50.190 0.101 190 172 124 0.910 0
-5.899 50.190 0.079 192 171 139 0.910 0
-4.213 50.190 0.057 190 170 126 0.910 0
-2.528 50.190 0.034 188 172 126 0.910 0
-0.843 50.190 0.011 194 166 134 0.910 0
0.843 50.190 -0.011 184 171 124 0.910 0
2.528 50.190 -0.034 176 172 120 0.910 0
4.213 50.190 -0.057 186 165 131 0.910 0
5.899 50.190 -0.079 180 162 121 0.910 0
7.584 50.190 -0.101 176 160 122 0.910 0
9.270 50.190 -0.123 176 176 137 0.910 0
10.955 50.190 -0.144 51 173 65 0.820 3
12.640 50.190 -0.164 47 157 72 0.820 3
14.326 50.190 -0.183 42 147 59 0.820 3
16.011 50.190 -0.202 41 147 59 0.820 3
17.697 50.190 -0.220 46 169 72 0.820 3
19.382 50.190 -0.237 51 172 60 0.820 3
21.067 50.190 -0.253 38 173 70 0.820 3
22.753 50.190 -0.267 51 164 66 0.820 3
24.438 50.190 -0.281 45 145 62 0.820 3
26.124 50.190 -0.293 52 174 65 0.820 3
27.809 50.190 -0.303 46 160 70 0.820 3
29.494 50.190 -0.313 39 153 60 0.820 3
31.180 50.190 -0.321 43 159 61 0.820 3
32.865 50.190 -0.327 40 170 57 0.820 3
34.551 50.190 -0.332 49 147 58 0.820 3
36.236 50.190 -0.336 48 154 57 0.820 3
37.921 50.190 -0.338 52 170 57 0.820 3
39.607 50.190 -0.338 48 148 69 0.820 3
41.292 50.190 -0.337 43 162 57 0.820 3
42.978 50.190 -0.335 44 171 63 0.820 3
44.663 50.190 -0.331 42 168 62 0.820 3
46.348 50.190 -0.325 45 150 67 0.820 3
48.034 50.190 -0.318 44 161 62 0.820 3
49.719 50.190 -0.309 45 147 69 0.820 3
51.404 50.190 -0.299 50 159 64 0.820 3
53.090 50.190 -0.288 41 149 68 0.820 3
54.775 50.190 -0.275 41 157 63 0.820 3
56.461 50.190 -0.262 43 147 59 0.820 3
58.146 50.190 -0.246 42 165 62 0.820 3
59.831 50.190 -0.230 47 172 66 0.820 3
61.517 50.190 -0.213 48 154 64 0.820 3
63.202 50.190 -0.195 37 166 57 0.820 3
64.888 50.190 -0.176 42 151 61 0.820 3
66.573 50.190 -0.156 44 167 62 0.820 3
68.258 50.190 -0.135 38 163 65 0.820 3
69.944 50.190 -0.114 40 154 60 0.820 3
71.629 50.190 -0.092 41 161 60 0.820 3
73.315 50.190 -0.070 49 155 63 0.820 3
75.000 50.190 -0.048 42 148 62 0.820 3
-75.000 51.835 0.054 179 179 121 0.910 0
-73.315 51.835 0.080 194 164 123 0.910 0
-71.629 51.835 0.105 186 179 139 0.910 0
-69.944 51.835 0.130 184 174 127 0.910 0
-68.258 51.835 0.154 190 179 132 0.910 0
-66.573 51.835 0.178 182 167 128 0.910 0
-64.888 51.835 0.200 179 162 138 0.910 0
-63.202 51.835 0.222 175 167 133 0.910 0
-61.517 51.835 0.243 185 171 131 0.910 0
-59.831 51.835 0.262 187 171 125 0.910 0
-58.146 51.835 0.281 188 168 121 0.910 0
-56.461 51.835 0.298 183 162 129 0.910 0
-54.775 51.835 0.314 181 170 139 0.910 0
-53.090 51.835 0.328 193 167 139 0.910 0
-51.404 51.835 0.341 188 165 121 0.910 0
-49.719 51.835 0.352 181 164 120 0.910 0
-48.034 51.835 0.362 188 169 125 0.910 0
-46.348 51.835 0.370 175 162 130 0.910 0
-44.663 51.835 0.376 184 165 123 0.910 0
-42.978 51.835 0.381 178 179 129 0.910 0
-41.292 51.835 0.384 186 174 131 0.910 0
-39.607 51.835 0.385 189 174 135 0.910 0
-37.921 51.835 0.385 189 169 137 0.910 0
-36.236 51.835 0.383 181 170 136 0.910 0
-34.551 51.835 0.379 185 177 132 0.910 0
-32.865 51.835 0.373 187 176 136 0.910 0
-31.180 51.835 0.365 179 175 129 0.910 0
-29.494 51.835 0.356 193 163 125 0.910 0
-27.809 51.835 0.346 185 161 138 0.910 0
-26.124 51.835 0.333 192 176 135 0.910 0
-24.438 51.835 0.320 192 177 125 0.910 0
-22.753 51.835 0.304 184 160 122 0.910 0
-21.067 51.835 0.288 185 163 123 0.910 0
-19.382 51.835 0.270 181 164 133 0.910 0
-17.697 51.835 0.251 180 172 133 0.910 0
-16.011 51.835 0.230 194 177 137 0.910 0
-14.326 51.835 0.209 183 160 139 0.910 0
-12.640 51.835 0.187 188 167 129 0.910 0
-10.955 51.835 0.164 177 165 120 0.910 0
-9.270 51.835 0.140 185 163 126 0.910 0
-7.584 51.835 0.115 182 178 139 0.910 0
-5.899 51.835 0.090 187 165 125 0.910 0
-4.213 51.835 0.065 193 168 121 0.910 0
-2.528 51.835 0.039 177 179 133 0.910 0
-0.843 51.835 0.013 175 174 135 0.910 0
0.843 51.835 -0.013 182 170 134 0.910 0
2.528 51.835 -0.039 182 178 133 0.910 0
4.213 51.835 -0.065 185 161 138 0.910 0
5.899 51.835 -0.090 177 165 133 0.910 0
7.584 51.835 -0.115 178 166 127 0.910 0
9.270 51.835 -0.140 191 168 122 0.910 0
10.955 51.835 -0.164 39 170 58 0.820 3
12.640 51.835 -0.187 45 155 62 0.820 3
14.326 51.835 -0.209 44 173 64 0.820 3
16.011 51.835 -0.230 45 161 72 0.820 3
17.697 51.835 -0.251 46 173 71 0.820 3
19.382 51.835 -0.270 43 155 67 0.820 3
21.067 51.835 -0.288 42 156 58 0.820 3
22.753 51.835 -0.304 43 150 59 0.820 3
24.438 51.835 -0.320 49 169 64 0.820 3
26.124 51.835 -0.333 52 170 65 0.820 3
27.809 51.835 -0.346 39 162 59 0.820 3
29.494 51.835 -0.356 41 166 61 0.820 3
31.180 51.835 -0.365 46 157 65 0.820 3
32.865 51.835 -0.373 52 162 62 0.820 3
34.551 51.835 -0.379 52 148 60 0.820 3
36.236 51.835 -0.383 47 163 64 0.820 3
37.921 51.835 -0.385 47 151 62 0.820 3
39.607 51.835 -0.385 39 145 70 0.820 3
41.292 51.835 -0.384 49 168 63 0.820 3
42.978 51.835 -0.381 41 147 70 0.820 3
44.663 51.835 -0.376 45 147 71 0.820 3
46.348 51.835 -0.370 49 159 59 0.820 3
48.034 51.835 -0.362 47 145 72 0.820 3
49.719 51.835 -0.352 48 163 65 0.820 3
51.404 51.835 -0.341 40 162 59 0.820 3
53.090 51.835 -0.328 44 164 61 0.820 3
54.775 51.835 -0.314 44 165 66 0.820 3
56.461 51.835 -0.298 44 156 71 0.820 3
58.146 51.835 -0.281 41 162 66 0.820 3
59.831 51.835 -0.262 48 147 57 0.820 3
61.517 51.835 -0.243 49 162 71 0.820 3
63.202 51.835 -0.222 50 169 61 0.820 3
64.888 51.835 -0.200 48 174 61 0.820 3
66.573 51.835 -0.178 45 158 62 0.820 3
68.258 51.835 -0.154 42 167 67 0.820 3
69.944 51.835 -0.130 49 169 57 0.820 3
71.629 51.835 -0.105 50 172 57 0.820 3
73.315 51.835 -0.080 41 147 57 0.820 3
75.000 51.835 -0.054 52 159 63 0.820 3
-75.000 53.481 0.061 186 162 135 0.910 0
-73.315 53.481 0.089 179 176 134 0.910 0
-71.629 53.481 0.118 177 166 123 0.910 0
-69.944 53.481 0.145 192 163 123 0.910 0
-68.258 53.481 0.172 183 174 132 0.910 0
-66.573 53.481 0.198 185 161 126 0.910 0
-64.888 53.481 0.224 189 178 122 0.910 0
-63.202 53.481 0.248 187 172 128 0.910 0
-61.517 53.481 0.271 185 178 121 0.910 0
-59.831 53.481 0.293 188 170 131 0.910 0
-58.146 53.481 0.314 192 174 136 0.910 0
-56.461 53.481 0.333 192 179 125 0.910 0
-54.775 53.481 0.350 179 165 124 0.910 0
-53.090 53.481 0.367 175 167 128 0.910 0
-51.404 53.481 0.381 175 173 131 0.910 0
-49.719 53.481 0.394 189 164 122 0.910 0
-48.034 53.481 0.404 180 179 126 0.910 0
-46.348 53.481 0.414 190 177 121 0.910 0
-44.663 53.481 0.421 181 176 126 0.910 0
-42.978 53.481 0.426 182 177 125 0.910 0
-41.292 53.481 0.429 183 160 133 0.910 0
-39.607 53.481 0.431 189 169 122 0.910 0
-37.921 53.481 0.430 188 178 137 0.910 0
-36.236 53.481 0.427 180 178 129 0.910 0
-34.551 53.481 0.423 180 163 123 0.910 0
-32.865 53.481 0.417 191 169 130 0.910 0
-31.180 53.481 0.408 188 178 132 0.910 0
-29.494 53.481 0.398 182 177 124 0.910 0
-27.809 53.481 0.386 182 164 125 0.910 0
-26.124 53.481 0.372 192 177 120 0.910 0
-24.438 53.481 0.357 183 169 137 0.910 0
-22.753 53.481 0.340 194 178 122 0.910 0
-21.067 53.481 0.321 194 165 125 0.910 0
-19.382 53.481 0.301 179 176 128 0.910 0
-17.697 53.481 0.280 190 160 133 0.910 0
-16.011 53.481 0.257 178 171 125 0.910 0
-14.326 53.481 0.233 185 164 124 0.910 0
-12.640 53.481 0.209 187 167 137 0.910 0
-10.955 53.481 0.183 179 167 123 0.910 0
-9.270 53.481 0.156 193 174 139 0.910 0
-7.584 53.481 0.129 185 162 139 0.910 0
-5.899 53.481 0.101 176 175 123 0.910 0
-4.213 53.481 0.072 187 176 123 0.910 0
-2.528 53.481 0.043 180 163 131 0.910 0
-0.843 53.481 0.015 182 161 121 0.910 0
0.843 53.481 -0.015 194 163 125 0.910 0
2.528 53.481 -0.043 177 173 120 0.910 0
4.213 53.481 -0.072 189 173 132 0.910 0
5.899 53.481 -0.101 186 163 121 0.910 0
7.584 53.481 -0.129 194 177 136 0.910 0
9.270 53.481 -0.156 186 160 130 0.910 0
10.955 53.481 -0.183 38 154 68 0.820 3
12.640 53.481 -0.209 46 145 67 0.820 3
14.326 53.481 -0.233 46 149 60 0.820 3
16.011 53.481 -0.257 46 147 59 0.820 3
17.697 53.481 -0.280 44 149 72 0.820 3
19.382 53.481 -0.301 52 173 67 0.820 3
21.067 53.481 -0.321 44 170 72 0.820 3
22.753 53.481 -0.340 42 160 63 0.820 3
24.438 53.481 -0.357 46 160 63 0.820 3
26.124 53.481 -0.372 39 172 58 0.820 3
27.809 53.481 -0.386 43 156 71 0.820 3
29.494 53.481 -0.398 45 149 69 0.820 3
31.180 53.481 -0.408 42 173 59 0.820 3
32.865 53.481 -0.417 39 170 64 0.820 3
34.551 53.481 -0.423 50 151 70 0.820 3
36.236 53.481 -0.427 43 152 67 0.820 3
37.921 53.481 -0.430 37 147 63 0.820 3
39.607 53.481 -0.431 45 167 68 0.820 3
41.292 53.481 -0.429 41 168 63 0.820 3
42.978 53.481 -0.426 47 151 61 0.820 3
44.663 53.481 -0.421 48 167 65 0.820 3
46.348 53.481 -0.414 50 169 65 0.820 3
48.034 53.481 -0.404 46 152 66 0.820 3
49.719 53.481 -0.394 43 166 72 0.820 3
51.404 53.481 -0.381 52 163 60 0.820 3
53.090 53.481 -0.367 44 151 58 0.820 3
54.775 53.481 -0.350 45 155 62 0.820 3
56.461 53.481 -0.333 45 156 68 0.820 3
58.146 53.481 -0.314 52 148 69 0.820 3
59.831 53.481 -0.293 41 155 59 0.820 3
61.517 53.481 -0.271 52 161 58 0.820 3
63.202 53.481 -0.248 52 148 72 0.820 3
64.888 53.481 -0.224 50 155 64 0.820 3
66.573 53.481 -0.198 39 166 69 0.820 3
68.258 53.481 -0.172 50 168 68 0.820 3
69.944 53.481 -0.145 50 171 60 0.820 3
71.629 53.481 -0.118 51 160 60 0.820 3
73.315 53.481 -0.089 46 151 63 0.820 3
75.000 53.481 -0.061 39 172 71 0.820 3
-75.000 55.127 0.067 191 173 138 0.910 0
-73.315 55.127 0.098 179 177 138 0.910 0
-71.629 55.127 0.129 175 167 125 0.910 0
-69.944 55.127 0.160 183 169 135 0.910 0
-68.258 55.127 0.190 182 179 139 0.910 0
-66.573 55.127 0.218 187 161 126 0.910 0
-64.888 55.127 0.246 178 179 123 0.910 0
-63.202 55.127 0.273 181 160 138 0.910 0
-61.517 55.127 0.298 184 169 127 0.910 0
-59.831 55.127 0.323 175 175 137 0.910 0
-58.146 55.127 0.345 179 179 136 0.910 0
-56.461 55.127 0.366 177 169 134 0.910 0
-54.775 55.127 0.386 184 168 139 0.910 0
-53.090 55.127 0.403 191 178 125 0.910 0
-51.404 55.127 0.419 192 171 129 0.910 0
-49.719 55.127 0.433 185 179 129 0.910 0
-48.034 55.127 0.445 192 166 126 0.910 0
-46.348 55.127 0.455 181 179 126 0.910 0
-44.663 55.127 0.463 187 172 132 0.910 0
-42.978 55.127 0.469 190 170 136 0.910 0
-41.292 55.127 0.473 182 165 120 0.910 0
-39.607 55.127 0.474 182 171 137 0.910 0
-37.921 55.127 0.473 187 164 133 0.910 0
-36.236 55.127 0.471 183 179 131 0.910 0
-34.551 55.127 0.466 176 168 122 0.910 0
-32.865 55.127 0.459 185 166 124 0.910 0
-31.180 55.127 0.449 182 172 138 0.910 0
-29.494 55.127 0.438 192 179 126 0.910 0
-27.809 55.127 0.425 181 163 128 0.910 0
-26.124 55.127 0.410 193 168 131 0.910 0
-24.438 55.127 0.393 184 179 128 0.910 0
-22.753 55.127 0.374 187 169 139 0.910 0
-21.067 55.127 0.354 189 169 131 0.910 0
-19.382 55.127 0.332 189 179 124 0.910 0
-17.697 55.127 0.308 179 179 130 0.910 0
-16.011 55.127 0.283 176 177 126 0.910 0
-14.326 55.127 0.257 188 170 120 0.910 0
-12.640 55.127 0.230 194 161 122 0.910 0
-10.955 55.127 0.201 177 166 124 0.910 0
-9.270 55.127 0.172 191 163 129 0.910 0
-7.584 55.127 0.142 184 171 133 0.910 0
-5.899 55.127 0.111 190 171 120 0.910 0
-4.213 55.127 0.080 186 175 127 0.910 0
-2.528 55.127 0.048 183 172 125 0.910 0
-0.843 55.127 0.016 185 168 123 0.910 0
0.843 55.127 -0.016 193 163 125 0.910 0
2.528 55.127 -0.048 186 170 139 0.910 0
4.213 55.127 -0.080 183 173 127 0.910 0
5.899 55.127 -0.111 185 179 139 0.910 0
7.584 55.127 -0.142 186 171 136 0.910 0
9.270 55.127 -0.172 186 168 137 0.910 0
10.955 55.127 -0.201 50 158 58 0.820 3
12.640 55.127 -0.230 45 162 63 0.820 3
14.326 55.127 -0.257 52 151 67 0.820 3
16.011 55.127 -0.283 38 171 69 0.820 3
17.697 55.127 -0.308 43 145 68 0.820 3
19.382 55.127 -0.332 43 153 64 0.820 3
21.067 55.127 -0.354 52 166 72 0.820 3
22.753 55.127 -0.374 50 145 65 0.820 3
24.438 55.127 -0.393 38 166 59 0.820 3
26.124 55.127 -0.410 40 160 64 0.820 3
27.809 55.127 -0.425 47 147 67 0.820 3
29.494 55.127 -0.438 51 157 72 0.820 3
31.180 55.127 -0.449 38 149 62 0.820 3
32.865 55.127 -0.459 38 156 59 0.820 3
34.551 55.127 -0.466 47 171 72 0.820 3
36.236 55.127 -0.471 38 149 65 0.820 3
37.921 55.127 -0.473 40 145 70 0.820 3
39.607 55.127 -0.474 47 153 70 0.820 3
41.292 55.127 -0.473 46 154 61 0.820 3
42.978 55.127 -0.469 51 164 72 0.820 3
44.663 55.127 -0.463 40 160 72 0.820 3
46.348 55.127 -0.455 49 163 65 0.820 3
48.034 55.127 -0.445 48 157 65 0.820 3
49.719 55.127 -0.433 42 161 61 0.820 3
51.404 55.127 -0.419 40 161 64 0.820 3
53.090 55.127 -0.403 38 156 67 0.820 3
54.775 55.127 -0.386 52 161 62 0.820 3
56.461 55.127 -0.366 40 148 58 0.820 3
58.146 55.127 -0.345 45 159 63 0.820 3
59.831 55.127 -0.323 38 159 68 0.820 3
61.517 55.127 -0.298 52 160 70 0.820 3
63.202 55.127 -0.273 43 161 68 0.820 3
64.888 55.127 -0.246 48 159 62 0.820 3
66.573 55.127 -0.218 40 148 62 0.820 3
68.258 55.127 -0.190 41 157 59 0.820 3
69.944 55.127 -0.160 51 171 63 0.820 3
71.629 55.127 -0.129 41 168 71 0.820 3
73.315 55.127 -0.098 45 169 61 0.820 3
75.000 55.127 -0.067 39 166 61 0.820 3
-75.000 56.772 0.073 177 169 122 0.910 0
-73.315 56.772 0.107 185 165 125 0.910 0
-71.629 56.772 0.141 188 167 130 0.910 0
-69.944 56.772 0.174 183 164 126 0.910 0
-68.258 56.772 0.206 185 160 126 0.910 0
-66.573 56.772 0.237 176 178 121 0.910 0
-64.888 56.772 0.268 192 162 131 0.910 0
-63.202 56.772 0.297 192 178 120 0.910 0
-61.517 56.772 0.324 191 166 121 0.910 0
-59.831 56.772 0.351 188 176 134 0.910 0
-58.146 56.772 0.375 193 171 138 0.910 0
-56.461 56.772 0.398 179 165 138 0.910 0
-54.775 56.772 0.419 183 161 124 0.910 0
-53.090 56.772 0.439 178 161 127 0.910 0
-51.404 56.772 0.456 184 164 137 0.910 0
-49.719 56.772 0.471 183 168 136 0.910 0
-48.034 56.772 0.484 179 177 123 0.910 0
-46.348 56.772 0.495 191 166 135 0.910 0
-44.663 56.772 0.503 192 163 131 0.910 0
-42.978 56.772 0.510 193 177 133 0.910 0
-41.292 56.772 0.514 190 160 139 0.910 0
-39.607 56.772 0.515 178 162 122 0.910 0
-37.921 56.772 0.515 178 165 128 0.910 0
-36.236 56.772 0.512 191 169 132 0.910 0
-34.551 56.772 0.506 193 164 126 0.910 0
-32.865 56.772 0.499 191 162 131 0.910 0
-31.180 56.772 0.489 187 179 128 0.910 0
-29.494 56.772 0.477 186 168 133 0.910 0
-27.809 56.772 0.462 187 173 128 0.910 0
-26.124 56.772 0.446 179 171 130 0.910 0
-24.438 56.772 0.427 180 177 121 0.910 0
-22.753 56.772 0.407 183 160 125 0.910 0
-21.067 56.772 0.385 178 166 137 0.910 0
-19.382 56.772 0.361 186 162 131 0.910 0
-17.697 56.772 0.335 191 171 131 0.910 0
-16.011 56.772 0.308 176 172 138 0.910 0
-14.326 56.772 0.279 184 161 124 0.910 0
-12.640 56.772 0.250 178 172 135 0.910 0
-10.955 56.772 0.219 185 173 136 0.910 0
-9.270 56.772 0.187 183 163 138 0.910 0
-7.584 56.772 0.154 177 160 126 0.910 0
-5.899 56.772 0.120 186 166 129 0.910 0
-4.213 56.772 0.086 180 170 132 0.910 0
-2.528 56.772 0.052 180 167 126 0.910 0
-0.843 56.772 0.017 183 169 134 0.910 0
0.843 56.772 -0.017 189 169 134 0.910 0
2.528 56.772 -0.052 179 165 120 0.910 0
4.213 56.772 -0.086 193 168 139 0.910 0
5.899 56.772 -0.120 177 170 132 0.910 0
7.584 56.772 -0.154 188 168 132 0.910 0
9.270 56.772 -0.187 193 179 124 0.910 0
10.955 56.772 -0.219 48 155 71 0.820 3
12.640 56.772 -0.250 46 145 63 0.820 3
14.326 56.772 -0.279 44 146 65 0.820 3
16.011 56.772 -0.308 42 146 64 0.820 3
17.697 56.772 -0.335 41 165 62 0.820 3
19.382 56.772 -0.361 46 149 60 0.820 3
21.067 56.772 -0.385 44 167 72 0.820 3
22.753 56.772 -0.407 45 173 61 0.820 3
24.438 56.772 -0.427 37 148 67 0.820 3
26.124 56.772 -0.446 51 148 69 0.820 3
27.809 56.772 -0.462 37 163 64 0.820 3
29.494 56.772 -0.477 45 146 59 0.820 3
31.180 56.772 -0.489 40 166 66 0.820 3
32.865 56.772 -0.499 47 170 60 0.820 3
34.551 56.772 -0.506 38 150 60 0.820 3
36.236 56.772 -0.512 48 150 69 0.820 3
37.921 56.772 -0.515 47 152 58 0.820 3
39.607 56.772 -0.515 37 148 63 0.820 3
41.292 56.772 -0.514 37 162 60 0.820 3
42.978 56.772 -0.510 52 160 58 0.820 3
44.663 56.772 -0.503 45 145 70 0.820 3
46.348 56.772 -0.495 37 174 71 0.820 3
48.034 56.772 -0.484 41 148 64 0.820 3
49.719 56.772 -0.471 49 163 61 0.820 3
51.404 56.772 -0.456 52 148 69 0.820 3
53.090 56.772 -0.439 47 165 66 0.820 3
54.775 56.772 -0.419 51 165 63 0.820 3
56.461 56.772 -0.398 39 153 71 0.820 3
58.146 56.772 -0.375 50 171 70 0.820 3
59.831 56.772 -0.351 44 151 58 0.820 3
61.517 56.772 -0.324 41 164 70 0.820 3
63.202 56.772 -0.297 49 155 70 0.820 3
64.888 56.772 -0.268 47 147 63 0.820 3
66.573 56.772 -0.237 38 169 70 0.820 3
68.258 56.772 -0.206 45 163 69 0.820 3
69.944 56.772 -0.174 46 158 72 0.820 3
71.629 56.772 -0.141 48 148 64 0.820 3
73.315 56.772 -0.107 39 161 61 0.820 3
75.000 56.772 -0.073 42 146 61 0.820 3
-75.000 58.418 0.078 177 176 129 0.910 0
-73.315 58.418 0.115 183 177 130 0.910 0
-71.629 58.418 0.151 181 175 124 0.910 0
-69.944 58.418 0.187 182 178 138 0.910 0
-68.258 58.418 0.222 177 177 124 0.910 0
-66.573 58.418 0.255 176 163 125 0.910 0
-64.888 58.418 0.288 190 170 128 0.910 0
-63.202 58.418 0.319 177 163 129 0.910 0
-61.517 58.418 0.349 184 165 133 0.910 0
-59.831 58.418 0.377 179 161 131 0.910 0
-58.146 58.418 0.404 177 164 136 0.910 0
-56.461 58.418 0.429 193 163 138 0.910 0
-54.775 58.418 0.451 192 173 125 0.910 0
-53.090 58.418 0.472 187 161 136 0.910 0
-51.404 58.418 0.491 177 175 136 0.910 0
-49.719 58.418 0.507 186 165 126 0.910 0
-48.034 58.418 0.521 188 165 139 0.910 0
-46.348 58.418 0.532 176 166 138 0.910 0
-44.663 58.418 0.542 188 165 120 0.910 0
-42.978 58.418 0.548 181 164 120 0.910 0
-41.292 58.418 0.553 185 175 125 0.910 0
-39.607 58.418 0.555 188 172 124 0.910 0
-37.921 58.418 0.554 177 177 123 0.910 0
-36.236 58.418 0.550 183 172 139 0.910 0
-34.551 58.418 0.545 194 176 134 0.910 0
-32.865 58.418 0.536 177 178 136 0.910 0
-31.180 58.418 0.526 182 161 129 0.910 0
-29.494 58.418 0.513 185 175 123 0.910 0
-27.809 58.418 0.497 193 169 121 0.910 0
-26.124 58.418 0.480 192 169 135 0.910 0
-24.438 58.418 0.460 181 172 139 0.910 0
-22.753 58.418 0.438 189 179 139 0.910 0
-21.067 58.418 0.414 177 166 130 0.910 0
-19.382 58.418 0.388 181 163 134 0.910 0
-17.697 58.418 0.361 179 169 126 0.910 0
-16.011 58.418 0.331 184 175 124 0.910 0
-14.326 58.418 0.301 192 179 129 0.910 0
-12.640 58.418 0.269 182 165 121 0.910 0
-10.955 58.418 0.235 192 169 135 0.910 0
-9.270 58.418 0.201 186 175 120 0.910 0
-7.584 58.418 0.166 194 172 128 0.910 0
-5.899 58.418 0.130 185 179 126 0.910 0
-4.213 58.418 0.093 177 174 129 0.910 0
-2.528 58.418 0.056 191 168 126 0.910 0
-0.843 58.418 0.019 183 179 128 0.910 0
0.843 58.418 -0.019 183 164 122 0.910 0
2.528 58.418 -0.056 175 175 129 0.910 0
4.213 58.418 -0.093 179 179 130 0.910 0
5.899 58.418 -0.130 175 161 125 0.910 0
7.584 58.418 -0.166 182 170 121 0.910 0
9.270 58.418 -0.201 194 171 129 0.910 0
10.955 58.418 -0.235 46 145 67 0.820 3
12.640 58.418 -0.269 37 160 69 0.820 3
14.326 58.418 -0.301 47 170 65 0.820 3
16.011 58.418 -0.331 38 173 70 0.820 3
17.697 58.418 -0.361 48 151 72 0.820 3
19.382 58.418 -0.388 44 174 64 0.820 3
21.067 58.418 -0.414 40 174 60 0.820 3
22.753 58.418 -0.438 50 154 69 0.820 3
24.438 58.418 -0.460 45 165 71 0.820 3
26.124 58.418 -0.480 47 169 59 0.820 3
27.809 58.418 -0.497 40 165 70 0.820 3
29.494 58.418 -0.513 49 168 63 0.820 3
31.180 58.418 -0.526 52 155 65 0.820 3
32.865 58.418 -0.536 44 146 60 0.820 3
34.551 58.418 -0.545 41 168 69 0.820 3
36.236 58.418 -0.550 48 166 69 0.820 3
37.921 58.418 -0.554 45 152 65 0.820 3
39.607 58.418 -0.555 38 166 66 0.820 3
41.292 58.418 -0.553 51 171 59 0.820 3
42.978 58.418 -0.548 42 157 71 0.820 3
44.663 58.418 -0.542 46 158 61 0.820 3
46.348 58.418 -0.532 52 154 62 0.820 3
48.034 58.418 -0.521 46 174 69 0.820 3
49.719 58.418 -0.507 37 149 65 0.820 3
51.404 58.418 -0.491 51 155 61 0.820 3
53.090 58.418 -0.472 49 165 68 0.820 3
54.775 58.418 -0.451 48 149 70 0.820 3
56.461 58.418 -0.429 39 151 72 0.820 3
58.146 58.418 -0.404 37 159 71 0.820 3
59.831 58.418 -0.377 51 156 69 0.820 3
61.517 58.418 -0.349 48 170 71 0.820 3
63.202 58.418 -0.319 41 156 58 0.820 3
64.888 58.418 -0.288 52 163 63 0.820 3
66.573 58.418 -0.255 37 164 62 0.820 3
68.258 58.418 -0.222 48 169 64 0.820 3
69.944 58.418 -0.187 39 160 58 0.820 3
71.629 58.418 -0.151 52 153 71 0.820 3
73.315 58.418 -0.115 47 157 66 0.820 3
75.000 58.418 -0.078 38 168 70 0.820 3
-75.000 60.063 0.083 182 162 131 0.910 0
-73.315 60.063 0.123 193 168 130 0.910 0
-71.629 60.063 0.161 194 163 132 0.910 0
-69.944 60.063 0.199 190 170 123 0.910 0
-68.258 60.063 0.236 177 171 122 0.910 0
-66.573 60.063 0.272 179 168 123 0.910 0
-64.888 60.063 0.307 183 161 127 0.910 0
-63.202 60.063 0.340 186 166 139 0.910 0
-61.517 60.063 0.372 178 165 129 0.910 0
-59.831 60.063 0.402 190 175 122 0.910 0
-58.146 60.063 0.431 176 179 136 0.910 0
-56.461 60.063 0.457 193 162 129 0.910 0
-54.775 60.063 0.481 194 175 133 0.910 0
-53.090 60.063 0.503 178 160 122 0.910 0
-51.404 60.063 0.523 179 161 126 0.910 0
-49.719 60.063 0.540 194 163 135 0.910 0
-48.034 60.063 0.555 176 178 125 0.910 0
-46.348 60.063 0.568 191 160 136 0.910 0
-44.663 60.063 0.578 180 169 127 0.910 0
-42.978 60.063 0.585 189 168 137 0.910 0
-41.292 60.063 0.589 178 176 134 0.910 0
-39.607 60.063 0.591 182 173 134 0.910 0
-37.921 60.063 0.590 179 164 124 0.910 0
-36.236 60.063 0.587 184 170 139 0.910 0
-34.551 60.063 0.581 187 173 135 0.910 0
-32.865 60.063 0.572 192 162 121 0.910 0
-31.180 60.063 0.561 180 172 120 0.910 0
-29.494 60.063 0.547 192 166 134 0.910 0
-27.809 60.063 0.530 186 170 126 0.910 0
-26.124 60.063 0.511 179 177 127 0.910 0
-24.438 60.063 0.490 193 161 135 0.910 0
-22.753 60.063 0.467 181 162 125 0.910 0
-21.067 60.063 0.441 183 169 133 0.910 0
-19.382 60.063 0.414 180 162 127 0.910 0
-17.697 60.063 0.384 193 168 138 0.910 0
-16.011 60.063 0.353 188 168 133 0.910 0
-14.326 60.063 0.321 194 169 135 0.910 0
-12.640 60.063 0.286 178 165 135 0.910 0
-10.955 60.063 0.251 176 163 138 0.910 0
-9.270 60.063 0.214 179 160 123 0.910 0
-7.584 60.063 0.177 187 169 130 0.910 0
-5.899 60.063 0.138 193 177 137 0.910 0
-4.213 60.063 0.099 179 169 121 0.910 0
-2.528 60.063 0.060 183 168 137 0.910 0
-0.843 60.063 0.020 184 161 138 0.910 0
0.843 60.063 -0.020 184 178 136 0.910 0
2.528 60.063 -0.060 192 161 135 0.910 0
4.213 60.063 -0.099 184 162 134 0.910 0
5.899 60.063 -0.138 175 177 123 0.910 0
7.584 60.063 -0.177 188 176 120 0.910 0
9.270 60.063 -0.214 188 174 130 0.910 0
10.955 60.063 -0.251 47 150 58 0.820 3
12.640 60.063 -0.286 38 154 60 0.820 3
14.326 60.063 -0.321 51 171 65 0.820 3
16.011 60.063 -0.353 38 154 63 0.820 3
17.697 60.063 -0.384 38 172 64 0.820 3
19.382 60.063 -0.414 49 169 61 0.820 3
21.067 60.063 -0.441 44 153 62 0.820 3
22.753 60.063 -0.467 46 153 65 0.820 3
24.438 60.063 -0.490 43 145 67 0.820 3
26.124 60.063 -0.511 49 159 68 0.820 3
27.809 60.063 -0.530 52 170 60 0.820 3
29.494 60.063 -0.547 47 148 67 0.820 3
31.180 60.063 -0.561 41 163 70 0.820 3
32.865 60.063 -0.572 51 154 64 0.820 3
34.551 60.063 -0.581 50 166 60 0.820 3
36.236 60.063 -0.587 43 168 66 0.820 3
37.921 60.063 -0.590 50 165 62 0.820 3
39.607 60.063 -0.591 40 165 71 0.820 3
41.292 60.063 -0.589 48 168 66 0.820 3
42.978 60.063 -0.585 39 145 58 0.820 3
44.663 60.063 -0.578 40 155 59 0.820 3
46.348 60.063 -0.568 45 147 67 0.820 3
48.034 60.063 -0.555 51 148 59 0.820 3
49.719 60.063 -0.540 39 159 65 0.820 3
51.404 60.063 -0.523 37 170 67 0.820 3
53.090 60.063 -0.503 41 165 65 0.820 3
54.775 60.063 -0.481 52 168 61 0.820 3
56.461 60.063 -0.457 38 153 65 0.820 3
58.146 60.063 -0.431 49 154 61 0.820 3
59.831 60.063 -0.402 40 166 69 0.820 3
61.517 60.063 -0.372 38 169 62 0.820 3
63.202 60.063 -0.340 50 160 63 0.820 3
64.888 60.063 -0.307 38 174 60 0.820 3
66.573 60.063 -0.272 39 170 62 0.820 3
68.258 60.063 -0.236 47 149 60 0.820 3
69.944 60.063 -0.199 51 164 60 0.820 3
71.629 60.063 -0.161 43 159 70 0.820 3
73.315 60.063 -0.123 39 156 71 0.820 3
75.000 60.063 -0.083 49 154 67 0.820 3
-75.000 61.709 0.088 192 167 121 0.910 0
-73.315 61.709 0.130 183 168 136 0.910 0
-71.629 61.709 0.171 190 168 131 0.910 0
-69.944 61.709 0.211 188 179 134 0.910 0
-68.258 61.709 0.250 186 177 135 0.910 0
-66.573 61.709 0.288 179 172 137 0.910 0
-64.888 61.709 0.325 190 174 128 0.910 0
-63.202 61.709 0.360 185 165 138 0.910 0
-61.517 61.709 0.394 188 171 135 0.910 0
-59.831 61.709 0.426 191 165 130 0.910 0
-58.146 61.709 0.455 187 170 133 0.910 0
-56.461 61.709 0.483 181 173 131 0.910 0
-54.775 61.709 0.509 179 172 121 0.910 0
-53.090 61.709 0.532 180 164 120 0.910 0
-51.404 61.709 0.553 191 161 139 0.910 0
-49.719 61.709 0.572 190 175 139 0.910 0
-48.034 61.709 0.587 187 160 138 0.910 0
-46.348 61.709 0.601 178 160 134 0.910 0
-44.663 61.709 0.611 179 169 127 0.910 0
-42.978 61.709 0.619 186 173 138 0.910 0
-41.292 61.709 0.623 193 170 130 0.910 0
-39.607 61.709 0.625 177 166 136 0.910 0
-37.921 61.709 0.625 190 168 128 0.910 0
-36.236 61.709 0.621 191 168 139 0.910 0
-34.551 61.709 0.614 188 176 129 0.910 0
-32.865 61.709 0.605 193 167 136 0.910 0
-31.180 61.709 0.593 187 173 128 0.910 0
-29.494 61.709 0.578 193 179 126 0.910 0
-27.809 61.709 0.561 183 171 122 0.910 0
-26.124 61.709 0.541 178 171 131 0.910 0
-24.438 61.709 0.519 194 168 124 0.910 0
-22.753 61.709 0.494 192 163 138 0.910 0
-21.067 61.709 0.467 189 172 124 0.910 0
-19.382 61.709 0.438 183 174 135 0.910 0
-17.697 61.709 0.407 184 175 123 0.910 0
-16.011 61.709 0.374 185 164 138 0.910 0
-14.326 61.709 0.339 189 165 128 0.910 0
-12.640 61.709 0.303 191 174 129 0.910 0
-10.955 61.709 0.265 188 161 128 0.910 0
-9.270 61.709 0.227 179 161 134 0.910 0
-7.584 61.709 0.187 177 164 131 0.910 0
-5.899 61.709 0.146 176 170 126 0.910 0
-4.213 61.709 0.105 194 163 138 0.910 0
-2.528 61.709 0.063 188 160 137 0.910 0
-0.843 61.709 0.021 180 177 130 0.910 0
0.843 61.709 -0.021 194 177 133 0.910 0
2.528 61.709 -0.063 183 166 133 0.910 0
4.213 61.709 -0.105 192 161 130 0.910 0
5.899 61.709 -0.146 182 163 129 0.910 0
7.584 61.709 -0.187 185 164 121 0.910 0
9.270 61.709 -0.227 193 178 128 0.910 0
10.955 61.709 -0.265 44 149 68 0.820 3
12.640 61.709 -0.303 52 156 70 0.820 3
14.326 61.709 -0.339 48 151 61 0.820 3
16.011 61.709 -0.374 50 148 57 0.820 3
17.697 61.709 -0.407 49 158 71 0.820 3
19.382 61.709 -0.438 40 162 69 0.820 3
21.067 61.709 -0.467 42 156 63 0.820 3
22.753 61.709 -0.494 39 168 67 0.820 3
24.438 61.709 -0.519 52 159 65 0.820 3
26.124 61.709 -0.541 51 164 62 0.820 3
27.809 61.709 -0.561 45 157 68 0.820 3
29.494 61.709 -0.578 37 167 67 0.820 3
31.180 61.709 -0.593 52 164 69 0.820 3
32.865 61.709 -0.605 43 157 70 0.820 3
34.551 61.709 -0.614 52 168 71 0.820 3
36.236 61.709 -0.621 45 161 71 0.820 3
37.921 61.709 -0.625 49 160 70 0.820 3
39.607 61.709 -0.625 52 153 65 0.820 3
41.292 61.709 -0.623 46 156 65 0.820 3
42.978 61.709 -0.619 43 173 57 0.820 3
44.663 61.709 -0.611 39 158 60 0.820 3
46.348 61.709 -0.601 38 154 57 0.820 3
48.034 61.709 -0.587 39 156 57 0.820 3
49.719 61.709 -0.572 42 155 59 0.820 3
51.404 61.709 -0.553 51 161 68 0.820 3
53.090 61.709 -0.532 38 153 62 0.820 3
54.775 61.709 -0.509 38 156 70 0.820 3
56.461 61.709 -0.483 40 170 59 0.820 3
58.146 61.709 -0.455 45 161 67 0.820 3
59.831 61.709 -0.426 49 155 72 0.820 3
61.517 61.709 -0.394 44 149 58 0.820 3
63.202 61.709 -0.360 48 147 65 0.820 3
64.888 61.709 -0.325 51 161 58 0.820 3
66.573 61.709 -0.288 38 160 58 0.820 3
68.258 61.709 -0.250 43 169 57 0.820 3
69.944 61.709 -0.211 39 154 62 0.820 3
71.629 61.709 -0.171 40 162 69 0.820 3
73.315 61.709 -0.130 41 166 71 0.820 3
75.000 61.709 -0.088 50 156 65 0.820 3
-75.000 63.354 0.093 183 177 139 0.910 0
-73.315 63.354 0.136 190 163 123 0.910 0
-71.629 63.354 0.179 181 176 121 0.910 0
-69.944 63.354 0.221 184 178 120 0.910 0
-68.258 63.354 0.263 180 177 131 0.910 0
-66.573 63.354 0.303 185 173 134 0.910 0
-64.888 63.354 0.341 176 165 129 0.910 0
-63.202 63.354 0.378 189 179 127 0.910 0
-61.517 63.354 0.414 193 175 125 0.910 0
-59.831 63.354 0.447 177 174 131 0.910 0
-58.146 63.354 0.478 182 177 120 0.910 0
-56.461 63.354 0.508 185 178 123 0.910 0
-54.775 63.354 0.535 187 164 124 0.910 0
-53.090 63.354 0.559 190 176 135 0.910 0
-51.404 63.354 0.581 192 172 132 0.910 0
-49.719 63.354 0.600 180 170 129 0.910 0
-48.034 63.354 0.617 190 160 120 0.910 0
-46.348 63.354 0.631 187 175 123 0.910 0
-44.663 63.354 0.642 177 163 136 0.910 0
-42.978 63.354 0.650 187 160 126 0.910 0
-41.292 63.354 0.655 190 161 129 0.910 0
-39.607 63.354 0.657 187 160 131 0.910 0
-37.921 63.354 0.656 182 172 127 0.910 0
-36.236 63.354 0.652 175 175 132 0.910 0
-34.551 63.354 0.645 188 162 129 0.910 0
-32.865 63.354 0.635 193 163 126 0.910 0
-31.180 63.354 0.623 191 160 122 0.910 0
-29.494 63.354 0.607 183 173 129 0.910 0
-27.809 63.354 0.589 183 175 121 0.910 0
-26.124 63.354 0.568 188 165 137 0.910 0
-24.438 63.354 0.545 177 172 133 0.910 0
-22.753 63.354 0.519 176 161 133 0.910 0
-21.067 63.354 0.490 177 170 120 0.910 0
-19.382 63.354 0.460 176 179 126 0.910 0
-17.697 63.354 0.427 175 171 121 0.910 0
-16.011 63.354 0.393 177 171 134 0.910 0
-14.326 63.354 0.356 180 170 123 0.910 0
-12.640 63.354 0.318 193 173 135 0.910 0
-10.955 63.354 0.279 177 173 133 0.910 0
-9.270 63.354 0.238 191 162 137 0.910 0
-7.584 63.354 0.196 189 178 128 0.910 0
-5.899 63.354 0.154 175 164 130 0.910 0
-4.213 63.354 0.110 183 162 136 0.910 0
-2.528 63.354 0.066 177 174 122 0.910 0
-0.843 63.354 0.022 188 160 136 0.910 0
0.843 63.354 -0.022 191 164 122 0.910 0
2.528 63.354 -0.066 194 171 129 0.910 0
4.213 63.354 -0.110 193 179 133 0.910 0
5.899 63.354 -0.154 194 172 134 0.910 0
7.584 63.354 -0.196 182 170 133 0.910 0
9.270 63.354 -0.238 175 170 137 0.910 0
10.955 63.354 -0.279 38 158 65 0.820 3
12.640 63.354 -0.318 44 161 60 0.820 3
14.326 63.354 -0.356 39 162 59 0.820 3
16.011 63.354 -0.393 52 162 60 0.820 3
17.697 63.354 -0.427 40 151 60 0.820 3
19.382 63.354 -0.460 47 167 69 0.820 3
21.067 63.354 -0.490 37 164 67 0.820 3
22.753 63.354 -0.519 45 145 65 0.820 3
24.438 63.354 -0.545 37 148 67 0.820 3
26.124 63.354 -0.568 41 173 69 0.820 3
27.809 63.354 -0.589 51 167 69 0.820 3
29.494 63.354 -0.607 43 150 58 0.820 3
31.180 63.354 -0.623 46 164 67 0.820 3
32.865 63.354 -0.635 52 166 72 0.820 3
34.551 63.354 -0.645 37 152 68 0.820 3
36.236 63.354 -0.652 51 158 60 0.820 3
37.921 63.354 -0.656 41 173 61 0.820 3
39.607 63.354 -0.657 45 160 71 0.820 3
41.292 63.354 -0.655 38 146 68 0.820 3
42.978 63.354 -0.650 37 148 62 0.820 3
44.663 63.354 -0.642 44 167 60 0.820 3
46.348 63.354 -0.631 49 169 61 0.820 3
48.034 63.354 -0.617 38 149 58 0.820 3
49.719 63.354 -0.600 38 172 63 0.820 3
51.404 63.354 -0.581 44 160 65 0.820 3
53.090 63.354 -0.559 44 152 68 0.820 3
54.775 63.354 -0.535 46 172 60 0.820 3
56.461 63.354 -0.508 49 164 68 0.820 3
58.146 63.354 -0.478 51 157 68 0.820 3
59.831 63.354 -0.447 40 166 66 0.820 3
61.517 63.354 -0.414 52 145 60 0.820 3
63.202 63.354 -0.378 51 161 65 0.820 3
64.888 63.354 -0.341 42 151 71 0.820 3
66.573 63.354 -0.303 44 171 67 0.820 3
68.258 63.354 -0.263 41 163 65 0.820 3
69.944 63.354 -0.221 46 154 70 0.820 3
71.629 63.354 -0.179 48 169 71 0.820 3
73.315 63.354 -0.136 47 145 69 0.820 3
75.000 63.354 -0.093 44 159 69 0.820 3
-75.000 65.000 0.097 184 169 138 0.910 0
-73.315 65.000 0.142 189 174 124 0.910 0
-71.629 65.000 0.187 191 178 129 0.910 0
-69.944 65.000 0.231 193 160 128 0.910 0
-68.258 65.000 0.274 183 176 130 0.910 0
-66.573 65.000 0.316 181 169 131 0.910 0
-64.888 65.000 0.356 181 177 122 0.910 0
-63.202 65.000 0.395 175 171 124 0.910 0
-61.517 65.000 0.432 190 179 130 0.910 0
-59.831 65.000 0.466 178 168 136 0.910 0
-58.146 65.000 0.499 193 173 123 0.910 0
-56.461 65.000 0.530 194 178 126 0.910 0
-54.775 65.000 0.558 191 168 136 0.910 0
-53.090 65.000 0.583 183 164 130 0.910 0
-51.404 65.000 0.606 175 169 139 0.910 0
-49.719 65.000 0.626 179 179 131 0.910 0
-48.034 65.000 0.644 177 175 137 0.910 0
-46.348 65.000 0.658 186 179 131 0.910 0
-44.663 65.000 0.670 194 165 139 0.910 0
-42.978 65.000 0.678 176 177 128 0.910 0
-41.292 65.000 0.683 183 177 134 0.910 0
-39.607 65.000 0.685 185 178 137 0.910 0
-37.921 65.000 0.685 181 164 120 0.910 0
-36.236 65.000 0.680 175 168 128 0.910 0
-34.551 65.000 0.673 188 165 136 0.910 0
-32.865 65.000 0.663 189 172 125 0.910 0
-31.180 65.000 0.650 186 162 122 0.910 0
-29.494 65.000 0.634 191 175 123 0.910 0
-27.809 65.000 0.615 191 179 135 0.910 0
-26.124 65.000 0.593 189 179 139 0.910 0
-24.438 65.000 0.568 184 179 129 0.910 0
-22.753 65.000 0.541 176 175 130 0.910 0
-21.067 65.000 0.512 185 178 137 0.910 0
-19.382 65.000 0.480 190 166 126 0.910 0
-17.697 65.000 0.446 191 161 122 0.910 0
-16.011 65.000 0.410 191 162 122 0.910 0
-14.326 65.000 0.372 176 162 127 0.910 0
-12.640 65.000 0.332 182 166 120 0.910 0
-10.955 65.000 0.291 187 165 128 0.910 0
-9.270 65.000 0.248 186 178 128 0.910 0
-7.584 65.000 0.205 179 175 122 0.910 0
-5.899 65.000 0.160 191 161 134 0.910 0
-4.213 65.000 0.115 180 171 132 0.910 0
-2.528 65.000 0.069 183 174 138 0.910 0
-0.843 65.000 0.023 181 163 129 0.910 0
0.843 65.000 -0.023 175 168 124 0.910 0
2.528 65.000 -0.069 186 171 138 0.910 0
4.213 65.000 -0.115 186 163 131 0.910 0
5.899 65.000 -0.160 175 161 131 0.910 0
7.584 65.000 -0.205 190 177 137 0.910 0
9.270 65.000 -0.248 193 167 139 0.910 0
10.955 65.000 -0.291 41 166 68 0.820 3
12.640 65.000 -0.332 44 158 69 0.820 3
14.326 65.000 -0.372 48 159 65 0.820 3
16.011 65.000 -0.410 52 173 70 0.820 3
17.697 65.000 -0.446 43 168 58 0.820 3
19.382 65.000 -0.480 48 150 57 0.820 3
21.067 65.000 -0.512 49 152 61 0.820 3
22.753 65.000 -0.541 46 161 69 0.820 3
24.438 65.000 -0.568 40 155 68 0.820 3
26.124 65.000 -0.593 42 156 72 0.820 3
27.809 65.000 -0.615 41 147 69 0.820 3
29.494 65.000 -0.634 43 159 60 0.820 3
31.180 65.000 -0.650 47 151 68 0.820 3
32.865 65.000 -0.663 50 162 62 0.820 3
34.551 65.000 -0.673 44 173 59 0.820 3
36.236 65.000 -0.680 50 164 68 0.820 3
37.921 65.000 -0.685 41 164 59 0.820 3
39.607 65.000 -0.685 43 147 67 0.820 3
41.292 65.000 -0.683 38 149 64 0.820 3
42.978 65.000 -0.678 41 167 71 0.820 3
44.663 65.000 -0.670 47 174 68 0.820 3
46.348 65.000 -0.658 48 147 67 0.820 3
48.034 65.000 -0.644 50 165 65 0.820 3
49.719 65.000 -0.626 40 174 59 0.820 3
51.404 65.000 -0.606 37 145 57 0.820 3
53.090 65.000 -0.583 40 154 71 0.820 3
54.775 65.000 -0.558 48 155 72 0.820 3
56.461 65.000 -0.530 37 158 66 0.820 3
58.146 65.000 -0.499 43 167 63 0.820 3
59.831 65.000 -0.466 41 153 69 0.820 3
61.517 65.000 -0.432 49 146 66 0.820 3
63.202 65.000 -0.395 43 164 69 0.820 3
64.888 65.000 -0.356 38 157 71 0.820 3
66.573 65.000 -0.316 42 157 60 0.820 3
68.258 65.000 -0.274 42 158 59 0.820 3
69.944 65.000 -0.231 40 170 66 0.820 3
71.629 65.000 -0.187 48 158 69 0.820 3
73.315 65.000 -0.142 38 151 58 0.820 3
75.000 65.000 -0.097 41 151 70 0.820 3
-35.000 2.000 22.000 70 130 180 0.960 2
-34.310 2.000 22.000 70 130 180 0.960 2
-33.621 2.000 22.000 70 130 180 0.960 2
-32.931 2.000 22.000 70 130 180 0.960 2
-32.241 2.000 22.000 70 130 180 0.960 2
-31.552 2.000 22.000 70 130 180 0.960 2
-30.862 2.000 22.000 70 130 180 0.960 2
-30.172 2.000 22.000 70 130 180 0.960 2
-29.483 2.000 22.000 70 130 180 0.960 2
-28.793 2.000 22.000 70 130 180 0.960 2
-28.103 2.000 22.000 70 130 180 0.960 2
-27.414 2.000 22.000 70 130 180 0.960 2
-26.724 2.000 22.000 70 130 180 0.960 2
-26.034 2.000 22.000 70 130 180 0.960 2
-25.345 2.000 22.000 70 130 180 0.960 2
-24.655 2.000 22.000 70 130 180 0.960 2
-23.966 2.000 22.000 70 130 180 0.960 2
-23.276 2.000 22.000 70 130 180 0.960 2
-22.586 2.000 22.000 70 130 180 0.960 2
-21.897 2.000 22.000 70 130 180 0.960 2
-21.207 2.000 22.000 70 130 180 0.960 2
-20.517 2.000 22.000 70 130 180 0.960 2
-19.828 2.000 22.000 70 130 180 0.960 2
-19.138 2.000 22.000 70 130 180 0.960 2
-18.448 2.000 22.000 70 130 180 0.960 2
-17.759 2.000 22.000 70 130 180 0.960 2
-17.069 2.000 22.000 70 130 180 0.960 2
-16.379 2.000 22.000 70 130 180 0.960 2
-15.690 2.000 22.000 70 130 180 0.960 2
-15.000 2.000 22.000 70 130 180 0.960 2
-35.000 2.696 22.000 70 130 180 0.960 2
-34.310 2.696 22.000 70 130 180 0.960 2
-33.621 2.696 22.000 70 130 180 0.960 2
-32.931 2.696 22.000 70 130 180 0.960 2
-32.241 2.696 22.000 70 130 180 0.960 2
-31.552 2.696 22.000 70 130 180 0.960 2
-30.862 2.696 22.000 70 130 180 0.960 2
-30.172 2.696 22.000 70 130 180 0.960 2
-29.483 2.696 22.000 70 130 180 0.960 2
-28.793 2.696 22.000 70 130 180 0.960 2
-28.103 2.696 22.000 70 130 180 0.960 2
-27.414 2.696 22.000 70 130 180 0.960 2
-26.724 2.696 22.000 70 130 180 0.960 2
-26.034 2.696 22.000 70 130 180 0.960 2
-25.345 2.696 22.000 70 130 180 0.960 2
-24.655 2.696 22.000 70 130 180 0.960 2
-23.966 2.696 22.000 70 130 180 0.960 2
-23.276 2.696 22.000 70 130 180 0.960 2
-22.586 2.696 22.000 70 130 180 0.960 2
-21.897 2.696 22.000 70 130 180 0.960 2
-21.207 2.696 22.000 70 130 180 0.960 2
-20.517 2.696 22.000 70 130 180 0.960 2
-19.828 2.696 22.000 70 130 180 0.960 2
-19.138 2.696 22.000 70 130 180 0.960 2
-18.448 2.696 22.000 70 130 180 0.960 2
-17.759 2.696 22.000 70 130 180 0.960 2
-17.069 2.696 22.000 70 130 180 0.960 2
-16.379 2.696 22.000 70 130 180 0.960 2
-15.690 2.696 22.000 70 130 180 0.960 2
-15.000 2.696 22.000 70 130 180 0.960 2
-35.000 3.391 22.000 70 130 180 0.960 2
-34.310 3.391 22.000 70 130 180 0.960 2
-33.621 3.391 22.000 70 130 180 0.960 2
-32.931 3.391 22.000 70 130 180 0.960 2
-32.241 3.391 22.000 70 130 180 0.960 2
-31.552 3.391 22.000 70 130 180 0.960 2
-30.862 3.391 22.000 70 130 180 0.960 2
-30.172 3.391 22.000 70 130 180 0.960 2
-29.483 3.391 22.000 70 130 180 0.960 2
-28.793 3.391 22.000 70 130 180 0.960 2
-28.103 3.391 22.000 70 130 180 0.960 2
-27.414 3.391 22.000 70 130 180 0.960 2
-26.724 3.391 22.000 70 130 180 0.960 2
-26.034 3.391 22.000 70 130 180 0.960 2
-25.345 3.391 22.000 70 130 180 0.960 2
-24.655 3.391 22.000 70 130 180 0.960 2
-23.966 3.391 22.000 70 130 180 0.960 2
-23.276 3.391 22.000 70 130 180 0.960 2
-22.586 3.391 22.000 70 130 180 0.960 2
-21.897 3.391 22.000 70 130 180 0.960 2
-21.207 3.391 22.000 70 130 180 0.960 2
-20.517 3.391 22.000 70 130 180 0.960 2
-19.828 3.391 22.000 70 130 180 0.960 2
-19.138 3.391 22.000 70 130 180 0.960 2
-18.448 3.391 22.000 70 130 180 0.960 2
-17.759 3.391 22.000 70 130 180 0.960 2
-17.069 3.391 22.000 70 130 180 0.960 2
-16.379 3.391 22.000 70 130 180 0.960 2
-15.690 3.391 22.000 70 130 180 0.960 2
-15.000 3.391 22.000 70 130 180 0.960 2
-35.000 4.087 22.000 70 130 180 0.960 2
-34.310 4.087 22.000 70 130 180 0.960 2
-33.621 4.087 22.000 70 130 180 0.960 2
-32.931 4.087 22.000 70 130 180 0.960 2
-32.241 4.087 22.000 70 130 180 0.960 2
-31.552 4.087 22.000 70 130 180 0.960 2
-30.862 4.087 22.000 70 130 180 0.960 2
-30.172 4.087 22.000 70 130 180 0.960 2
-29.483 4.087 22.000 70 130 180 0.960 2
-28.793 4.087 22.000 70 130 180 0.960 2
-28.103 4.087 22.000 70 130 180 0.960 2
-27.414 4.087 22.000 70 130 180 0.960 2
-26.724 4.087 22.000 70 130 180 0.960 2
-26.034 4.087 22.000 70 130 180 0.960 2
-25.345 4.087 22.000 70 130 180 0.960 2
-24.655 4.087 22.000 70 130 180 0.960 2
-23.966 4.087 22.000 70 130 180 0.960 2
-23.276 4.087 22.000 70 130 180 0.960 2
-22.586 4.087 22.000 70 130 180 0.960 2
-21.897 4.087 22.000 70 130 180 0.960 2
-21.207 4.087 22.000 70 130 180 0.960 2
-20.517 4.087 22.000 70 130 180 0.960 2
-19.828 4.087 22.000 70 130 180 0.960 2
-19.138 4.087 22.000 70 130 180 0.960 2
-18.448 4.087 22.000 70 130 180 0.960 2
-17.759 4.087 22.000 70 130 180 0.960 2
-17.069 4.087 22.000 70 130 180 0.960 2
-16.379 4.087 22.000 70 130 180 0.960 2
-15.690 4.087 22.000 70 130 180 0.960 2
-15.000 4.087 22.000 70 130 180 0.960 2
-35.000 4.783 22.000 70 130 180 0.960 2
-34.310 4.783 22.000 70 130 180 0.960 2
-33.621 4.783 22.000 70 130 180 0.960 2
-32.931 4.783 22.000 70 130 180 0.960 2
-32.241 4.783 22.000 70 130 180 0.960 2
-31.552 4.783 22.000 70 130 180 0.960 2
-30.862 4.783 22.000 70 130 180 0.960 2
-30.172 4.783 22.000 70 130 180 0.960 2
-29.483 4.783 22.000 70 130 180 0.960 2
-28.793 4.783 22.000 70 130 180 0.960 2
-28.103 4.783 22.000 70 130 180 0.960 2
-27.414 4.783 22.000 70 130 180 0.960 2
-26.724 4.783 22.000 70 130 180 0.960 2
-26.034 4.783 22.000 70 130 180 0.960 2
-25.345 4.783 22.000 70 130 180 0.960 2
-24.655 4.783 22.000 70 130 180 0.960 2
-23.966 4.783 22.000 70 130 180 0.960 2
-23.276 4.783 22.000 70 130 180 0.960 2
-22.586 4.783 22.000 70 130 180 0.960 2
-21.897 4.783 22.000 70 130 180 0.960 2
-21.207 4.783 22.000 70 130 180 0.960 2
-20.517 4.783 22.000 70 130 180 0.960 2
-19.828 4.783 22.000 70 130 180 0.960 2
-19.138 4.783 22.000 70 130 180 0.960 2
-18.448 4.783 22.000 70 130 180 0.960 2
-17.759 4.783 22.000 70 130 180 0.960 2
-17.069 4.783 22.000 70 130 180 0.960 2
-16.379 4.783 22.000 70 130 180 0.960 2
-15.690 4.783 22.000 70 130 180 0.960 2
-15.000 4.783 22.000 70 130 180 0.960 2
-35.000 5.478 22.000 70 130 180 0.960 2
-34.310 5.478 22.000 70 130 180 0.960 2
-33.621 5.478 22.000 70 130 180 0.960 2
-32.931 5.478 22.000 70 130 180 0.960 2
-32.241 5.478 22.000 70 130 180 0.960 2
-31.552 5.478 22.000 70 130 180 0.960 2
-30.862 5.478 22.000 70 130 180 0.960 2
-30.172 5.478 22.000 70 130 180 0.960 2
-29.483 5.478 22.000 70 130 180 0.960 2
-28.793 5.478 22.000 70 130 180 0.960 2
-28.103 5.478 22.000 70 130 180 0.960 2
-27.414 5.478 22.000 70 130 180 0.960 2
-26.724 5.478 22.000 70 130 180 0.960 2
-26.034 5.478 22.000 70 130 180 0.960 2
-25.345 5.478 22.000 70 130 180 0.960 2
-24.655 5.478 22.000 70 130 180 0.960 2
-23.966 5.478 22.000 70 130 180 0.960 2
-23.276 5.478 22.000 70 130 180 0.960 2
-22.586 5.478 22.000 70 130 180 0.960 2
-21.897 5.478 22.000 70 130 180 0.960 2
-21.207 5.478 22.000 70 130 180 0.960 2
-20.517 5.478 22.000 70 130 180 0.960 2
-19.828 5.478 22.000 70 130 180 0.960 2
-19.138 5.478 22.000 70 130 180 0.960 2
-18.448 5.478 22.000 70 130 180 0.960 2
-17.759 5.478 22.000 70 130 180 0.960 2
-17.069 5.478 22.000 70 130 180 0.960 2
-16.379 5.478 22.000 70 130 180 0.960 2
-15.690 5.478 22.000 70 130 180 0.960 2
-15.000 5.478 22.000 70 130 180 0.960 2
-35.000 6.174 22.000 70 130 180 0.960 2
-34.310 6.174 22.000 70 130 180 0.960 2
-33.621 6.174 22.000 70 130 180 0.960 2
-32.931 6.174 22.000 70 130 180 0.960 2
-32.241 6.174 22.000 70 130 180 0.960 2
-31.552 6.174 22.000 70 130 180 0.960 2
-30.862 6.174 22.000 70 130 180 0.960 2
-30.172 6.174 22.000 70 130 180 0.960 2
-29.483 6.174 22.000 70 130 180 0.960 2
-28.793 6.174 22.000 70 130 180 0.960 2
-28.103 6.174 22.000 70 130 180 0.960 2
-27.414 6.174 22.000 70 130 180 0.960 2
-26.724 6.174 22.000 70 130 180 0.960 2
-26.034 6.174 22.000 70 130 180 0.960 2
-25.345 6.174 22.000 70 130 180 0.960 2
-24.655 6.174 22.000 70 130 180 0.960 2
-23.966 6.174 22.000 70 130 180 0.960 2
-23.276 6.174 22.000 70 130 180 0.960 2
-22.586 6.174 22.000 70 130 180 0.960 2
-21.897 6.174 22.000 70 130 180 0.960 2
-21.207 6.174 22.000 70 130 180 0.960 2
-20.517 6.174 22.000 70 130 180 0.960 2
-19.828 6.174 22.000 70 130 180 0.960 2
-19.138 6.174 22.000 70 130 180 0.960 2
-18.448 6.174 22.000 70 130 180 0.960 2
-17.759 6.174 22.000 70 130 180 0.960 2
-17.069 6.174 22.000 70 130 180 0.960 2
-16.379 6.174 22.000 70 130 180 0.960 2
-15.690 6.174 22.000 70 130 180 0.960 2
-15.000 6.174 22.000 70 130 180 0.960 2
-35.000 6.870 22.000 70 130 180 0.960 2
-34.310 6.870 22.000 70 130 180 0.960 2
-33.621 6.870 22.000 70 130 180 0.960 2
-32.931 6.870 22.000 70 130 180 0.960 2
-32.241 6.870 22.000 70 130 180 0.960 2
-31.552 6.870 22.000 70 130 180 0.960 2
-30.862 6.870 22.000 70 130 180 0.960 2
-30.172 6.870 22.000 70 130 180 0.960 2
-29.483 6.870 22.000 70 130 180 0.960 2
-28.793 6.870 22.000 70 130 180 0.960 2
-28.103 6.870 22.000 70 130 180 0.960 2
-27.414 6.870 22.000 70 130 180 0.960 2
-26.724 6.870 22.000 70 130 180 0.960 2
-26.034 6.870 22.000 70 130 180 0.960 2
-25.345 6.870 22.000 70 130 180 0.960 2
-24.655 6.870 22.000 70 130 180 0.960 2
-23.966 6.870 22.000 70 130 180 0.960 2
-23.276 6.870 22.000 70 130 180 0.960 2
-22.586 6.870 22.000 70 130 180 0.960 2
-21.897 6.870 22.000 70 130 180 0.960 2
-21.207 6.870 22.000 70 130 180 0.960 2
-20.517 6.870 22.000 70 130 180 0.960 2
-19.828 6.870 22.000 70 130 180 0.960 2
-19.138 6.870 22.000 70 130 180 0.960 2
-18.448 6.870 22.000 70 130 180 0.960 2
-17.759 6.870 22.000 70 130 180 0.960 2
-17.069 6.870 22.000 70 130 180 0.960 2
-16.379 6.870 22.000 70 130 180 0.960 2
-15.690 6.870 22.000 70 130 180 0.960 2
-15.000 6.870 22.000 70 130 180 0.960 2
-35.000 7.565 22.000 70 130 180 0.960 2
-34.310 7.565 22.000 70 130 180 0.960 2
-33.621 7.565 22.000 70 130 180 0.960 2
-32.931 7.565 22.000 70 130 180 0.960 2
-32.241 7.565 22.000 70 130 180 0.960 2
-31.552 7.565 22.000 70 130 180 0.960 2
-30.862 7.565 22.000 70 130 180 0.960 2
-30.172 7.565 22.000 70 130 180 0.960 2
-29.483 7.565 22.000 70 130 180 0.960 2
-28.793 7.565 22.000 70 130 180 0.960 2
-28.103 7.565 22.000 70 130 180 0.960 2
-27.414 7.565 22.000 70 130 180 0.960 2
-26.724 7.565 22.000 70 130 180 0.960 2
-26.034 7.565 22.000 70 130 180 0.960 2
-25.345 7.565 22.000 70 130 180 0.960 2
-24.655 7.565 22.000 70 130 180 0.960 2
-23.966 7.565 22.000 70 130 180 0.960 2
-23.276 7.565 22.000 70 130 180 0.960 2
-22.586 7.565 22.000 70 130 180 0.960 2
-21.897 7.565 22.000 70 130 180 0.960 2
-21.207 7.565 22.000 70 130 180 0.960 2
-20.517 7.565 22.000 70 130 180 0.960 2
-19.828 7.565 22.000 70 130 180 0.960 2
-19.138 7.565 22.000 70 130 180 0.960 2
-18.448 7.565 22.000 70 130 180 0.960 2
-17.759 7.565 22.000 70 130 180 0.960 2
-17.069 7.565 22.000 70 130 180 0.960 2
-16.379 7.565 22.000 70 130 180 0.960 2
-15.690 7.565 22.000 70 130 180 0.960 2
-15.000 7.565 22.000 70 130 180 0.960 2
-35.000 8.261 22.000 70 130 180 0.960 2
-34.310 8.261 22.000 70 130 180 0.960 2
-33.621 8.261 22.000 70 130 180 0.960 2
-32.931 8.261 22.000 70 130 180 0.960 2
-32.241 8.261 22.000 70 130 180 0.960 2
-31.552 8.261 22.000 70 130 180 0.960 2
-30.862 8.261 22.000 70 130 180 0.960 2
-30.172 8.261 22.000 70 130 180 0.960 2
-29.483 8.261 22.000 70 130 180 0.960 2
-28.793 8.261 22.000 70 130 180 0.960 2
-28.103 8.261 22.000 70 130 180 0.960 2
-27.414 8.261 22.000 70 130 180 0.960 2
-26.724 8.261 22.000 70 130 180 0.960 2
-26.034 8.261 22.000 70 130 180 0.960 2
-25.345 8.261 22.000 70 130 180 0.960 2
-24.655 8.261 22.000 70 130 180 0.960 2
-23.966 8.261 22.000 70 130 180 0.960 2
-23.276 8.261 22.000 70 130 180 0.960 2
-22.586 8.261 22.000 70 130 180 0.960 2
-21.897 8.261 22.000 70 130 180 0.960 2
-21.207 8.261 22.000 70 130 180 0.960 2
-20.517 8.261 22.000 70 130 180 0.960 2
-19.828 8.261 22.000 70 130 180 0.960 2
-19.138 8.261 22.000 70 130 180 0.960 2
-18.448 8.261 22.000 70 130 180 0.960 2
-17.759 8.261 22.000 70 130 180 0.960 2
-17.069 8.261 22.000 70 130 180 0.960 2
-16.379 8.261 22.000 70 130 180 0.960 2
-15.690 8.261 22.000 70 130 180 0.960 2
-15.000 8.261 22.000 70 130 180 0.960 2
-35.000 8.957 22.000 70 130 180 0.960 2
-34.310 8.957 22.000 70 130 180 0.960 2
-33.621 8.957 22.000 70 130 180 0.960 2
-32.931 8.957 22.000 70 130 180 0.960 2
-32.241 8.957 22.000 70 130 180 0.960 2
-31.552 8.957 22.000 70 130 180 0.960 2
-30.862 8.957 22.000 70 130 180 0.960 2
-30.172 8.957 22.000 70 130 180 0.960 2
-29.483 8.957 22.000 70 130 180 0.960 2
-28.793 8.957 22.000 70 130 180 0.960 2
-28.103 8.957 22.000 70 130 180 0.960 2
-27.414 8.957 22.000 70 130 180 0.960 2
-26.724 8.957 22.000 70 130 180 0.960 2
-26.034 8.957 22.000 70 130 180 0.960 2
-25.345 8.957 22.000 70 130 180 0.960 2
-24.655 8.957 22.000 70 130 180 0.960 2
-23.966 8.957 22.000 70 130 180 0.960 2
-23.276 8.957 22.000 70 130 180 0.960 2
-22.586 8.957 22.000 70 130 180 0.960 2
-21.897 8.957 22.000 70 130 180 0.960 2
-21.207 8.957 22.000 70 130 180 0.960 2
-20.517 8.957 22.000 70 130 180 0.960 2
-19.828 8.957 22.000 70 130 180 0.960 2
-19.138 8.957 22.000 70 130 180 0.960 2
-18.448 8.957 22.000 70 130 180 0.960 2
-17.759 8.957 22.000 70 130 180 0.960 2
-17.069 8.957 22.000 70 130 180 0.960 2
-16.379 8.957 22.000 70 130 180 0.960 2
-15.690 8.957 22.000 70 130 180 0.960 2
-15.000 8.957 22.000 70 130 180 0.960 2
-35.000 9.652 22.000 70 130 180 0.960 2
-34.310 9.652 22.000 70 130 180 0.960 2
-33.621 9.652 22.000 70 130 180 0.960 2
-32.931 9.652 22.000 70 130 180 0.960 2
-32.241 9.652 22.000 70 130 180 0.960 2
-31.552 9.652 22.000 70 130 180 0.960 2
-30.862 9.652 22.000 70 130 180 0.960 2
-30.172 9.652 22.000 70 130 180 0.960 2
-29.483 9.652 22.000 70 130 180 0.960 2
-28.793 9.652 22.000 70 130 180 0.960 2
-28.103 9.652 22.000 70 130 180 0.960 2
-27.414 9.652 22.000 70 130 180 0.960 2
-26.724 9.652 22.000 70 130 180 0.960 2
-26.034 9.652 22.000 70 130 180 0.960 2
-25.345 9.652 22.000 70 130 180 0.960 2
-24.655 9.652 22.000 70 130 180 0.960 2
-23.966 9.652 22.000 70 130 180 0.960 2
-23.276 9.652 22.000 70 130 180 0.960 2
-22.586 9.652 22.000 70 130 180 0.960 2
-21.897 9.652 22.000 70 130 180 0.960 2
-21.207 9.652 22.000 70 130 180 0.960 2
-20.517 9.652 22.000 70 130 180 0.960 2
-19.828 9.652 22.000 70 130 180 0.960 2
-19.138 9.652 22.000 70 130 180 0.960 2
-18.448 9.652 22.000 70 130 180 0.960 2
-17.759 9.652 22.000 70 130 180 0.960 2
-17.069 9.652 22.000 70 130 180 0.960 2
-16.379 9.652 22.000 70 130 180 0.960 2
-15.690 9.652 22.000 70 130 180 0.960 2
-15.000 9.652 22.000 70 130 180 0.960 2
-35.000 10.348 22.000 70 130 180 0.960 2
-34.310 10.348 22.000 70 130 180 0.960 2
-33.621 10.348 22.000 70 130 180 0.960 2
-32.931 10.348 22.000 70 130 180 0.960 2
-32.241 10.348 22.000 70 130 180 0.960 2
-31.552 10.348 22.000 70 130 180 0.960 2
-30.862 10.348 22.000 70 130 180 0.960 2
-30.172 10.348 22.000 70 130 180 0.960 2
-29.483 10.348 22.000 70 130 180 0.960 2
-28.793 10.348 22.000 70 130 180 0.960 2
-28.103 10.348 22.000 70 130 180 0.960 2
-27.414 10.348 22.000 70 130 180 0.960 2
-26.724 10.348 22.000 70 130 180 0.960 2
-26.034 10.348 22.000 70 130 180 0.960 2
-25.345 10.348 22.000 70 130 180 0.960 2
-24.655 10.348 22.000 70 130 180 0.960 2
-23.966 10.348 22.000 70 130 180 0.960 2
-23.276 10.348 22.000 70 130 180 0.960 2
-22.586 10.348 22.000 70 130 180 0.960 2
-21.897 10.348 22.000 70 130 180 0.960 2
-21.207 10.348 22.000 70 130 180 0.960 2
-20.517 10.348 22.000 70 130 180 0.960 2
-19.828 10.348 22.000 70 130 180 0.960 2
-19.138 10.348 22.000 70 130 180 0.960 2
-18.448 10.348 22.000 70 130 180 0.960 2
-17.759 10.348 22.000 70 130 180 0.960 2
-17.069 10.348 22.000 70 130 180 0.960 2
-16.379 10.348 22.000 70 130 180 0.960 2
-15.690 10.348 22.000 70 130 180 0.960 2
-15.000 10.348 22.000 70 130 180 0.960 2
-35.000 11.043 22.000 70 130 180 0.960 2
-34.310 11.043 22.000 70 130 180 0.960 2
-33.621 11.043 22.000 70 130 180 0.960 2
-32.931 11.043 22.000 70 130 180 0.960 2
-32.241 11.043 22.000 70 130 180 0.960 2
-31.552 11.043 22.000 70 130 180 0.960 2
-30.862 11.043 22.000 70 130 180 0.960 2
-30.172 11.043 22.000 70 130 180 0.960 2
-29.483 11.043 22.000 70 130 180 0.960 2
-28.793 11.043 22.000 70 130 180 0.960 2
-28.103 11.043 22.000 70 130 180 0.960 2
-27.414 11.043 22.000 70 130 180 0.960 2
-26.724 11.043 22.000 70 130 180 0.960 2
-26.034 11.043 22.000 70 130 180 0.960 2
-25.345 11.043 22.000 70 130 180 0.960 2
-24.655 11.043 22.000 70 130 180 0.960 2
-23.966 11.043 22.000 70 130 180 0.960 2
-23.276 11.043 22.000 70 130 180 0.960 2
-22.586 11.043 22.000 70 130 180 0.960 2
-21.897 11.043 22.000 70 130 180 0.960 2
-21.207 11.043 22.000 70 130 180 0.960 2
-20.517 11.043 22.000 70 130 180 0.960 2
-19.828 11.043 22.000 70 130 180 0.960 2
-19.138 11.043 22.000 70 130 180 0.960 2
-18.448 11.043 22.000 70 130 180 0.960 2
-17.759 11.043 22.000 70 130 180 0.960 2
-17.069 11.043 22.000 70 130 180 0.960 2
-16.379 11.043 22.000 70 130 180 0.960 2
-15.690 11.043 22.000 70 130 180 0.960 2
-15.000 11.043 22.000 70 130 180 0.960 2
-35.000 11.739 22.000 70 130 180 0.960 2
-34.310 11.739 22.000 70 130 180 0.960 2
-33.621 11.739 22.000 70 130 180 0.960 2
-32.931 11.739 22.000 70 130 180 0.960 2
-32.241 11.739 22.000 70 130 180 0.960 2
-31.552 11.739 22.000 70 130 180 0.960 2
-30.862 11.739 22.000 70 130 180 0.960 2
-30.172 11.739 22.000 70 130 180 0.960 2
-29.483 11.739 22.000 70 130 180 0.960 2
-28.793 11.739 22.000 70 130 180 0.960 2
-28.103 11.739 22.000 70 130 180 0.960 2
-27.414 11.739 22.000 70 130 180 0.960 2
-26.724 11.739 22.000 70 130 180 0.960 2
-26.034 11.739 22.000 70 130 180 0.960 2
-25.345 11.739 22.000 70 130 180 0.960 2
-24.655 11.739 22.000 70 130 180 0.960 2
-23.966 11.739 22.000 70 130 180 0.960 2
-23.276 11.739 22.000 70 130 180 0.960 2
-22.586 11.739 22.000 70 130 180 0.960 2
-21.897 11.739 22.000 70 130 180 0.960 2
-21.207 11.739 22.000 70 130 180 0.960 2
-20.517 11.739 22.000 70 130 180 0.960 2
-19.828 11.739 22.000 70 130 180 0.960 2
-19.138 11.739 22.000 70 130 180 0.960 2
-18.448 11.739 22.000 70 130 180 0.960 2
-17.759 11.739 22.000 70 130 180 0.960 2
-17.069 11.739 22.000 70 130 180 0.960 2
-16.379 11.739 22.000 70 130 180 0.960 2
-15.690 11.739 22.000 70 130 180 0.960 2
-15.000 11.739 22.000 70 130 180 0.960 2
-35.000 12.435 22.000 70 130 180 0.960 2
-34.310 12.435 22.000 70 130 180 0.960 2
-33.621 12.435 22.000 70 130 180 0.960 2
-32.931 12.435 22.000 70 130 180 0.960 2
-32.241 12.435 22.000 70 130 180 0.960 2
-31.552 12.435 22.000 70 130 180 0.960 2
-30.862 12.435 22.000 70 130 180 0.960 2
-30.172 12.435 22.000 70 130 180 0.960 2
-29.483 12.435 22.000 70 130 180 0.960 2
-28.793 12.435 22.000 70 130 180 0.960 2
-28.103 12.435 22.000 70 130 180 0.960 2
-27.414 12.435 22.000 70 130 180 0.960 2
-26.724 12.435 22.000 70 130 180 0.960 2
-26.034 12.435 22.000 70 130 180 0.960 2
-25.345 12.435 22.000 70 130 180 0.960 2
-24.655 12.435 22.000 70 130 180 0.960 2
-23.966 12.435 22.000 70 130 180 0.960 2
-23.276 12.435 22.000 70 130 180 0.960 2
-22.586 12.435 22.000 70 130 180 0.960 2
-21.897 12.435 22.000 70 130 180 0.960 2
-21.207 12.435 22.000 70 130 180 0.960 2
-20.517 12.435 22.000 70 130 180 0.960 2
-19.828 12.435 22.000 70 130 180 0.960 2
-19.138 12.435 22.000 70 130 180 0.960 2
-18.448 12.435 22.000 70 130 180 0.960 2
-17.759 12.435 22.000 70 130 180 0.960 2
-17.069 12.435 22.000 70 130 180 0.960 2
-16.379 12.435 22.000 70 130 180 0.960 2
-15.690 12.435 22.000 70 130 180 0.960 2
-15.000 12.435 22.000 70 130 180 0.960 2
-35.000 13.130 22.000 70 130 180 0.960 2
-34.310 13.130 22.000 70 130 180 0.960 2
-33.621 13.130 22.000 70 130 180 0.960 2
-32.931 13.130 22.000 70 130 180 0.960 2
-32.241 13.130 22.000 70 130 180 0.960 2
-31.552 13.130 22.000 70 130 180 0.960 2
-30.862 13.130 22.000 70 130 180 0.960 2
-30.172 13.130 22.000 70 130 180 0.960 2
-29.483 13.130 22.000 70 130 180 0.960 2
-28.793 13.130 22.000 70 130 180 0.960 2
-28.103 13.130 22.000 70 130 180 0.960 2
-27.414 13.130 22.000 70 130 180 0.960 2
-26.724 13.130 22.000 70 130 180 0.960 2
-26.034 13.130 22.000 70 130 180 0.960 2
-25.345 13.130 22.000 70 130 180 0.960 2
-24.655 13.130 22.000 70 130 180 0.960 2
-23.966 13.130 22.000 70 130 180 0.960 2
-23.276 13.130 22.000 70 130 180 0.960 2
-22.586 13.130 22.000 70 130 180 0.960 2
-21.897 13.130 22.000 70 130 180 0.960 2
-21.207 13.130 22.000 70 130 180 0.960 2
-20.517 13.130 22.000 70 130 180 0.960 2
-19.828 13.130 22.000 70 130 180 0.960 2
-19.138 13.130 22.000 70 130 180 0.960 2
-18.448 13.130 22.000 70 130 180 0.960 2
-17.759 13.130 22.000 70 130 180 0.960 2
-17.069 13.130 22.000 70 130 180 0.960 2
-16.379 13.130 22.000 70 130 180 0.960 2
-15.690 13.130 22.000 70 130 180 0.960 2
-15.000 13.130 22.000 70 130 180 0.960 2
-35.000 13.826 22.000 70 130 180 0.960 2
-34.310 13.826 22.000 70 130 180 0.960 2
-33.621 13.826 22.000 70 130 180 0.960 2
-32.931 13.826 22.000 70 130 180 0.960 2
-32.241 13.826 22.000 70 130 180 0.960 2
-31.552 13.826 22.000 70 130 180 0.960 2
-30.862 13.826 22.000 70 130 180 0.960 2
-30.172 13.826 22.000 70 130 180 0.960 2
-29.483 13.826 22.000 70 130 180 0.960 2
-28.793 13.826 22.000 70 130 180 0.960 2
-28.103 13.826 22.000 70 130 180 0.960 2
-27.414 13.826 22.000 70 130 180 0.960 2
-26.724 13.826 22.000 70 130 180 0.960 2
-26.034 13.826 22.000 70 130 180 0.960 2
-25.345 13.826 22.000 70 130 180 0.960 2
-24.655 13.826 22.000 70 130 180 0.960 2
-23.966 13.826 22.000 70 130 180 0.960 2
-23.276 13.826 22.000 70 130 180 0.960 2
-22.586 13.826 22.000 70 130 180 0.960 2
-21.897 13.826 22.000 70 130 180 0.960 2
-21.207 13.826 22.000 70 130 180 0.960 2
-20.517 13.826 22.000 70 130 180 0.960 2
-19.828 13.826 22.000 70 130 180 0.960 2
-19.138 13.826 22.000 70 130 180 0.960 2
-18.448 13.826 22.000 70 130 180 0.960 2
-17.759 13.826 22.000 70 130 180 0.960 2
-17.069 13.826 22.000 70 130 180 0.960 2
-16.379 13.826 22.000 70 130 180 0.960 2
-15.690 13.826 22.000 70 130 180 0.960 2
-15.000 13.826 22.000 70 130 180 0.960 2
-35.000 14.522 22.000 70 130 180 0.960 2
-34.310 14.522 22.000 70 130 180 0.960 2
-33.621 14.522 22.000 70 130 180 0.960 2
-32.931 14.522 22.000 70 130 180 0.960 2
-32.241 14.522 22.000 70 130 180 0.960 2
-31.552 14.522 22.000 70 130 180 0.960 2
-30.862 14.522 22.000 70 130 180 0.960 2
-30.172 14.522 22.000 70 130 180 0.960 2
-29.483 14.522 22.000 70 130 180 0.960 2
-28.793 14.522 22.000 70 130 180 0.960 2
-28.103 14.522 22.000 70 130 180 0.960 2
-27.414 14.522 22.000 70 130 180 0.960 2
-26.724 14.522 22.000 70 130 180 0.960 2
-26.034 14.522 22.000 70 130 180 0.960 2
-25.345 14.522 22.000 70 130 180 0.960 2
-24.655 14.522 22.000 70 130 180 0.960 2
-23.966 14.522 22.000 70 130 180 0.960 2
-23.276 14.522 22.000 70 130 180 0.960 2
-22.586 14.522 22.000 70 130 180 0.960 2
-21.897 14.522 22.000 70 130 180 0.960 2
-21.207 14.522 22.000 70 130 180 0.960 2
-20.517 14.522 22.000 70 130 180 0.960 2
-19.828 14.522 22.000 70 130 180 0.960 2
-19.138 14.522 22.000 70 130 180 0.960 2
-18.448 14.522 22.000 70 130 180 0.960 2
-17.759 14.522 22.000 70 130 180 0.960 2
-17.069 14.522 22.000 70 130 180 0.960 2
-16.379 14.522 22.000 70 130 180 0.960 2
-15.690 14.522 22.000 70 130 180 0.960 2
-15.000 14.522 22.000 70 130 180 0.960 2
-35.000 15.217 22.000 70 130 180 0.960 2
-34.310 15.217 22.000 70 130 180 0.960 2
-33.621 15.217 22.000 70 130 180 0.960 2
-32.931 15.217 22.000 70 130 180 0.960 2
-32.241 15.217 22.000 70 130 180 0.960 2
-31.552 15.217 22.000 70 130 180 0.960 2
-30.862 15.217 22.000 70 130 180 0.960 2
-30.172 15.217 22.000 70 130 180 0.960 2
-29.483 15.217 22.000 70 130 180 0.960 2
-28.793 15.217 22.000 70 130 180 0.960 2
-28.103 15.217 22.000 70 130 180 0.960 2
-27.414 15.217 22.000 70 130 180 0.960 2
-26.724 15.217 22.000 70 130 180 0.960 2
-26.034 15.217 22.000 70 130 180 0.960 2
-25.345 15.217 22.000 70 130 180 0.960 2
-24.655 15.217 22.000 70 130 180 0.960 2
-23.966 15.217 22.000 70 130 180 0.960 2
-23.276 15.217 22.000 70 130 180 0.960 2
-22.586 15.217 22.000 70 130 180 0.960 2
-21.897 15.217 22.000 70 130 180 0.960 2
-21.207 15.217 22.000 70 130 180 0.960 2
-20.517 15.217 22.000 70 130 180 0.960 2
-19.828 15.217 22.000 70 130 180 0.960 2
-19.138 15.217 22.000 70 130 180 0.960 2
-18.448 15.217 22.000 70 130 180 0.960 2
-17.759 15.217 22.000 70 130 180 0.960 2
-17.069 15.217 22.000 70 130 180 0.960 2
-16.379 15.217 22.000 70 130 180 0.960 2
-15.690 15.217 22.000 70 130 180 0.960 2
-15.000 15.217 22.000 70 130 180 0.960 2
-35.000 15.913 22.000 70 130 180 0.960 2
-34.310 15.913 22.000 70 130 180 0.960 2
-33.621 15.913 22.000 70 130 180 0.960 2
-32.931 15.913 22.000 70 130 180 0.960 2
-32.241 15.913 22.000 70 130 180 0.960 2
-31.552 15.913 22.000 70 130 180 0.960 2
-30.862 15.913 22.000 70 130 180 0.960 2
-30.172 15.913 22.000 70 130 180 0.960 2
-29.483 15.913 22.000 70 130 180 0.960 2
-28.793 15.913 22.000 70 130 180 0.960 2
-28.103 15.913 22.000 70 130 180 0.960 2
-27.414 15.913 22.000 70 130 180 0.960 2
-26.724 15.913 22.000 70 130 180 0.960 2
-26.034 15.913 22.000 70 130 180 0.960 2
-25.345 15.913 22.000 70 130 180 0.960 2
-24.655 15.913 22.000 70 130 180 0.960 2
-23.966 15.913 22.000 70 130 180 0.960 2
-23.276 15.913 22.000 70 130 180 0.960 2
-22.586 15.913 22.000 70 130 180 0.960 2
-21.897 15.913 22.000 70 130 180 0.960 2
-21.207 15.913 22.000 70 130 180 0.960 2
-20.517 15.913 22.000 70 130 180 0.960 2
-19.828 15.913 22.000 70 130 180 0.960 2
-19.138 15.913 22.000 70 130 180 0.960 2
-18.448 15.913 22.000 70 130 180 0.960 2
-17.759 15.913 22.000 70 130 180 0.960 2
-17.069 15.913 22.000 70 130 180 0.960 2
-16.379 15.913 22.000 70 130 180 0.960 2
-15.690 15.913 22.000 70 130 180 0.960 2
-15.000 15.913 22.000 70 130 180 0.960 2
-35.000 16.609 22.000 70 130 180 0.960 2
-34.310 16.609 22.000 70 130 180 0.960 2
-33.621 16.609 22.000 70 130 180 0.960 2
-32.931 16.609 22.000 70 130 180 0.960 2
-32.241 16.609 22.000 70 130 180 0.960 2
-31.552 16.609 22.000 70 130 180 0.960 2
-30.862 16.609 22.000 70 130 180 0.960 2
-30.172 16.609 22.000 70 130 180 0.960 2
-29.483 16.609 22.000 70 130 180 0.960 2
-28.793 16.609 22.000 70 130 180 0.960 2
-28.103 16.609 22.000 70 130 180 0.960 2
-27.414 16.609 22.000 70 130 180 0.960 2
-26.724 16.609 22.000 70 130 180 0.960 2
-26.034 16.609 22.000 70 130 180 0.960 2
-25.345 16.609 22.000 70 130 180 0.960 2
-24.655 16.609 22.000 70 130 180 0.960 2
-23.966 16.609 22.000 70 130 180 0.960 2
-23.276 16.609 22.000 70 130 180 0.960 2
-22.586 16.609 22.000 70 130 180 0.960 2
-21.897 16.609 22.000 70 130 180 0.960 2
-21.207 16.609 22.000 70 130 180 0.960 2
-20.517 16.609 22.000 70 130 180 0.960 2
-19.828 16.609 22.000 70 130 180 0.960 2
-19.138 16.609 22.000 70 130 180 0.960 2
-18.448 16.609 22.000 70 130 180 0.960 2
-17.759 16.609 22.000 70 130 180 0.960 2
-17.069 16.609 22.000 70 130 180 0.960 2
-16.379 16.609 22.000 70 130 180 0.960 2
-15.690 16.609 22.000 70 130 180 0.960 2
-15.000 16.609 22.000 70 130 180 0.960 2
-35.000 17.304 22.000 70 130 180 0.960 2
-34.310 17.304 22.000 70 130 180 0.960 2
-33.621 17.304 22.000 70 130 180 0.960 2
-32.931 17.304 22.000 70 130 180 0.960 2
-32.241 17.304 22.000 70 130 180 0.960 2
-31.552 17.304 22.000 70 130 180 0.960 2
-30.862 17.304 22.000 70 130 180 0.960 2
-30.172 17.304 22.000 70 130 180 0.960 2
-29.483 17.304 22.000 70 130 180 0.960 2
-28.793 17.304 22.000 70 130 180 0.960 2
-28.103 17.304 22.000 70 130 180 0.960 2
-27.414 17.304 22.000 70 130 180 0.960 2
-26.724 17.304 22.000 70 130 180 0.960 2
-26.034 17.304 22.000 70 130 180 0.960 2
-25.345 17.304 22.000 70 130 180 0.960 2
-24.655 17.304 22.000 70 130 180 0.960 2
-23.966 17.304 22.000 70 130 180 0.960 2
-23.276 17.304 22.000 70 130 180 0.960 2
-22.586 17.304 22.000 70 130 180 0.960 2
-21.897 17.304 22.000 70 130 180 0.960 2
-21.207 17.304 22.000 70 130 180 0.960 2
-20.517 17.304 22.000 70 130 180 0.960 2
-19.828 17.304 22.000 70 130 180 0.960 2
-19.138 17.304 22.000 70 130 180 0.960 2
-18.448 17.304 22.000 70 130 180 0.960 2
-17.759 17.304 22.000 70 130 180 0.960 2
-17.069 17.304 22.000 70 130 180 0.960 2
-16.379 17.304 22.000 70 130 180 0.960 2
-15.690 17.304 22.000 70 130 180 0.960 2
-15.000 17.304 22.000 70 130 180 0.960 2
-35.000 18.000 22.000 70 130 180 0.960 2
-34.310 18.000 22.000 70 130 180 0.960 2
-33.621 18.000 22.000 70 130 180 0.960 2
-32.931 18.000 22.000 70 130 180 0.960 2
-32.241 18.000 22.000 70 130 180 0.960 2
-31.552 18.000 22.000 70 130 180 0.960 2
-30.862 18.000 22.000 70 130 180 0.960 2
-30.172 18.000 22.000 70 130 180 0.960 2
-29.483 18.000 22.000 70 130 180 0.960 2
-28.793 18.000 22.000 70 130 180 0.960 2
-28.103 18.000 22.000 70 130 180 0.960 2
-27.414 18.000 22.000 70 130 180 0.960 2
-26.724 18.000 22.000 70 130 180 0.960 2
-26.034 18.000 22.000 70 130 180 0.960 2
-25.345 18.000 22.000 70 130 180 0.960 2
-24.655 18.000 22.000 70 130 180 0.960 2
-23.966 18.000 22.000 70 130 180 0.960 2
-23.276 18.000 22.000 70 130 180 0.960 2
-22.586 18.000 22.000 70 130 180 0.960 2
-21.897 18.000 22.000 70 130 180 0.960 2
-21.207 18.000 22.000 70 130 180 0.960 2
-20.517 18.000 22.000 70 130 180 0.960 2
-19.828 18.000 22.000 70 130 180 0.960 2
-19.138 18.000 22.000 70 130 180 0.960 2
-18.448 18.000 22.000 70 130 180 0.960 2
-17.759 18.000 22.000 70 130 180 0.960 2
-17.069 18.000 22.000 70 130 180 0.960 2
-16.379 18.000 22.000 70 130 180 0.960 2
-15.690 18.000 22.000 70 130 180 0.960 2
-15.000 18.000 22.000 70 130 180 0.960 2
-35.000 2.000 0.000 210 215 220 0.890 2
-35.000 18.000 0.000 210 215 220 0.890 2
-33.621 2.000 0.000 210 215 220 0.890 2
-33.621 18.000 0.000 210 215 220 0.890 2
-32.241 2.000 0.000 210 215 220 0.890 2
-32.241 18.000 0.000 210 215 220 0.890 2
-30.862 2.000 0.000 210 215 220 0.890 2
-30.862 18.000 0.000 210 215 220 0.890 2
-29.483 2.000 0.000 210 215 220 0.890 2
-29.483 18.000 0.000 210 215 220 0.890 2
-28.103 2.000 0.000 210 215 220 0.890 2
-28.103 18.000 0.000 210 215 220 0.890 2
-26.724 2.000 0.000 210 215 220 0.890 2
-26.724 18.000 0.000 210 215 220 0.890 2
-25.345 2.000 0.000 210 215 220 0.890 2
-25.345 18.000 0.000 210 215 220 0.890 2
-23.966 2.000 0.000 210 215 220 0.890 2
-23.966 18.000 0.000 210 215 220 0.890 2
-22.586 2.000 0.000 210 215 220 0.890 2
-22.586 18.000 0.000 210 215 220 0.890 2
-21.207 2.000 0.000 210 215 220 0.890 2
-21.207 18.000 0.000 210 215 220 0.890 2
-19.828 2.000 0.000 210 215 220 0.890 2
-19.828 18.000 0.000 210 215 220 0.890 2
-18.448 2.000 0.000 210 215 220 0.890 2
-18.448 18.000 0.000 210 215 220 0.890 2
-17.069 2.000 0.000 210 215 220 0.890 2
-17.069 18.000 0.000 210 215 220 0.890 2
-15.690 2.000 0.000 210 215 220 0.890 2
-15.690 18.000 0.000 210 215 220 0.890 2
-35.000 2.000 0.000 190 195 205 0.880 2
-15.000 2.000 0.000 190 195 205 0.880 2
-35.000 3.391 0.000 190 195 205 0.880 2
-15.000 3.391 0.000 190 195 205 0.880 2
-35.000 4.783 0.000 190 195 205 0.880 2
-15.000 4.783 0.000 190 195 205 0.880 2
-35.000 6.174 0.000 190 195 205 0.880 2
-15.000 6.174 0.000 190 195 205 0.880 2
-35.000 7.565 0.000 190 195 205 0.880 2
-15.000 7.565 0.000 190 195 205 0.880 2
-35.000 8.957 0.000 190 195 205 0.880 2
-15.000 8.957 0.000 190 195 205 0.880 2
-35.000 10.348 0.000 190 195 205 0.880 2
-15.000 10.348 0.000 190 195 205 0.880 2
-35.000 11.739 0.000 190 195 205 0.880 2
-15.000 11.739 0.000 190 195 205 0.880 2
-35.000 13.130 0.000 190 195 205 0.880 2
-15.000 13.130 0.000 190 195 205 0.880 2
-35.000 14.522 0.000 190 195 205 0.880 2
-15.000 14.522 0.000 190 195 205 0.880 2
-35.000 15.913 0.000 190 195 205 0.880 2
-15.000 15.913 0.000 190 195 205 0.880 2
-35.000 17.304 0.000 190 195 205 0.880 2
-15.000 17.304 0.000 190 195 205 0.880 2
-35.000 2.000 0.880 210 215 220 0.890 2
-35.000 18.000 0.880 210 215 220 0.890 2
-33.621 2.000 0.880 210 215 220 0.890 2
-33.621 18.000 0.880 210 215 220 0.890 2
-32.241 2.000 0.880 210 215 220 0.890 2
-32.241 18.000 0.880 210 215 220 0.890 2
-30.862 2.000 0.880 210 215 220 0.890 2
-30.862 18.000 0.880 210 215 220 0.890 2
-29.483 2.000 0.880 210 215 220 0.890 2
-29.483 18.000 0.880 210 215 220 0.890 2
-28.103 2.000 0.880 210 215 220 0.890 2
-28.103 18.000 0.880 210 215 220 0.890 2
-26.724 2.000 0.880 210 215 220 0.890 2
-26.724 18.000 0.880 210 215 220 0.890 2
-25.345 2.000 0.880 210 215 220 0.890 2
-25.345 18.000 0.880 210 215 220 0.890 2
-23.966 2.000 0.880 210 215 220 0.890 2
-23.966 18.000 0.880 210 215 220 0.890 2
-22.586 2.000 0.880 210 215 220 0.890 2
-22.586 18.000 0.880 210 215 220 0.890 2
-21.207 2.000 0.880 210 215 220 0.890 2
-21.207 18.000 0.880 210 215 220 0.890 2
-19.828 2.000 0.880 210 215 220 0.890 2
-19.828 18.000 0.880 210 215 220 0.890 2
-18.448 2.000 0.880 210 215 220 0.890 2
-18.448 18.000 0.880 210 215 220 0.890 2
-17.069 2.000 0.880 210 215 220 0.890 2
-17.069 18.000 0.880 210 215 220 0.890 2
-15.690 2.000 0.880 210 215 220 0.890 2
-15.690 18.000 0.880 210 215 220 0.890 2
-35.000 2.000 0.880 190 195 205 0.880 2
-15.000 2.000 0.880 190 195 205 0.880 2
-35.000 3.391 0.880 190 195 205 0.880 2
-15.000 3.391 0.880 190 195 205 0.880 2
-35.000 4.783 0.880 190 195 205 0.880 2
-15.000 4.783 0.880 190 195 205 0.880 2
-35.000 6.174 0.880 190 195 205 0.880 2
-15.000 6.174 0.880 190 195 205 0.880 2
-35.000 7.565 0.880 190 195 205 0.880 2
-15.000 7.565 0.880 190 195 205 0.880 2
-35.000 8.957 0.880 190 195 205 0.880 2
-15.000 8.957 0.880 190 195 205 0.880 2
-35.000 10.348 0.880 190 195 205 0.880 2
-15.000 10.348 0.880 190 195 205 0.880 2
-35.000 11.739 0.880 190 195 205 0.880 2
-15.000 11.739 0.880 190 195 205 0.880 2
-35.000 13.130 0.880 190 195 205 0.880 2
-15.000 13.130 0.880 190 195 205 0.880 2
-35.000 14.522 0.880 190 195 205 0.880 2
-15.000 14.522 0.880 190 195 205 0.880 2
-35.000 15.913 0.880 190 195 205 0.880 2
-15.000 15.913 0.880 190 195 205 0.880 2
-35.000 17.304 0.880 190 195 205 0.880 2
-15.000 17.304 0.880 190 195 205 0.880 2
-35.000 2.000 1.760 210 215 220 0.890 2
-35.000 18.000 1.760 210 215 220 0.890 2
-33.621 2.000 1.760 210 215 220 0.890 2
-33.621 18.000 1.760 210 215 220 0.890 2
-32.241 2.000 1.760 210 215 220 0.890 2
-32.241 18.000 1.760 210 215 220 0.890 2
-30.862 2.000 1.760 210 215 220 0.890 2
-30.862 18.000 1.760 210 215 220 0.890 2
-29.483 2.000 1.760 210 215 220 0.890 2
-29.483 18.000 1.760 210 215 220 0.890 2
-28.103 2.000 1.760 210 215 220 0.890 2
-28.103 18.000 1.760 210 215 220 0.890 2
-26.724 2.000 1.760 210 215 220 0.890 2
-26.724 18.000 1.760 210 215 220 0.890 2
-25.345 2.000 1.760 210 215 220 0.890 2
-25.345 18.000 1.760 210 215 220 0.890 2
-23.966 2.000 1.760 210 215 220 0.890 2
-23.966 18.000 1.760 210 215 220 0.890 2
-22.586 2.000 1.760 210 215 220 0.890 2
-22.586 18.000 1.760 210 215 220 0.890 2
-21.207 2.000 1.760 210 215 220 0.890 2
-21.207 18.000 1.760 210 215 220 0.890 2
-19.828 2.000 1.760 210 215 220 0.890 2
-19.828 18.000 1.760 210 215 220 0.890 2
-18.448 2.000 1.760 210 215 220 0.890 2
-18.448 18.000 1.760 210 215 220 0.890 2
-17.069 2.000 1.760 210 215 220 0.890 2
-17.069 18.000 1.760 210 215 220 0.890 2
-15.690 2.000 1.760 210 215 220 0.890 2
-15.690 18.000 1.760 210 215 220 0.890 2
-35.000 2.000 1.760 190 195 205 0.880 2
-15.000 2.000 1.760 190 195 205 0.880 2
-35.000 3.391 1.760 190 195 205 0.880 2
-15.000 3.391 1.760 190 195 205 0.880 2
-35.000 4.783 1.760 190 195 205 0.880 2
-15.000 4.783 1.760 190 195 205 0.880 2
-35.000 6.174 1.760 190 195 205 0.880 2
-15.000 6.174 1.760 190 195 205 0.880 2
-35.000 7.565 1.760 190 195 205 0.880 2
-15.000 7.565 1.760 190 195 205 0.880 2
-35.000 8.957 1.760 190 195 205 0.880 2
-15.000 8.957 1.760 190 195 205 0.880 2
-35.000 10.348 1.760 190 195 205 0.880 2
-15.000 10.348 1.760 190 195 205 0.880 2
-35.000 11.739 1.760 190 195 205 0.880 2
-15.000 11.739 1.760 190 195 205 0.880 2
-35.000 13.130 1.760 190 195 205 0.880 2
-15.000 13.130 1.760 190 195 205 0.880 2
-35.000 14.522 1.760 190 195 205 0.880 2
-15.000 14.522 1.760 190 195 205 0.880 2
-35.000 15.913 1.760 190 195 205 0.880 2
-15.000 15.913 1.760 190 195 205 0.880 2
-35.000 17.304 1.760 190 195 205 0.880 2
-15.000 17.304 1.760 190 195 205 0.880 2
-35.000 2.000 2.640 210 215 220 0.890 2
-35.000 18.000 2.640 210 215 220 0.890 2
-33.621 2.000 2.640 210 215 220 0.890 2
-33.621 18.000 2.640 210 215 220 0.890 2
-32.241 2.000 2.640 210 215 220 0.890 2
-32.241 18.000 2.640 210 215 220 0.890 2
-30.862 2.000 2.640 210 215 220 0.890 2
-30.862 18.000 2.640 210 215 220 0.890 2
-29.483 2.000 2.640 210 215 220 0.890 2
-29.483 18.000 2.640 210 215 220 0.890 2
-28.103 2.000 2.640 210 215 220 0.890 2
-28.103 18.000 2.640 210 215 220 0.890 2
-26.724 2.000 2.640 210 215 220 0.890 2
-26.724 18.000 2.640 210 215 220 0.890 2
-25.345 2.000 2.640 210 215 220 0.890 2
-25.345 18.000 2.640 210 215 220 0.890 2
-23.966 2.000 2.640 210 215 220 0.890 2
-23.966 18.000 2.640 210 215 220 0.890 2
-22.586 2.000 2.640 210 215 220 0.890 2
-22.586 18.000 2.640 210 215 220 0.890 2
-21.207 2.000 2.640 210 215 220 0.890 2
-21.207 18.000 2.640 210 215 220 0.890 2
-19.828 2.000 2.640 210 215 220 0.890 2
-19.828 18.000 2.640 210 215 220 0.890 2
-18.448 2.000 2.640 210 215 220 0.890 2
-18.448 18.000 2.640 210 215 220 0.890 2
-17.069 2.000 2.640 210 215 220 0.890 2
-17.069 18.000 2.640 210 215 220 0.890 2
-15.690 2.000 2.640 210 215 220 0.890 2
-15.690 18.000 2.640 210 215 220 0.890 2
-35.000 2.000 2.640 190 195 205 0.880 2
-15.000 2.000 2.640 190 195 205 0.880 2
-35.000 3.391 2.640 190 195 205 0.880 2
-15.000 3.391 2.640 190 195 205 0.880 2
-35.000 4.783 2.640 190 195 205 0.880 2
-15.000 4.783 2.640 190 195 205 0.880 2
-35.000 6.174 2.640 190 195 205 0.880 2
-15.000 6.174 2.640 190 195 205 0.880 2
-35.000 7.565 2.640 190 195 205 0.880 2
-15.000 7.565 2.640 190 195 205 0.880 2
-35.000 8.957 2.640 190 195 205 0.880 2
-15.000 8.957 2.640 190 195 205 0.880 2
-35.000 10.348 2.640 190 195 205 0.880 2
-15.000 10.348 2.640 190 195 205 0.880 2
-35.000 11.739 2.640 190 195 205 0.880 2
-15.000 11.739 2.640 190 195 205 0.880 2
-35.000 13.130 2.640 190 195 205 0.880 2
-15.000 13.130 2.640 190 195 205 0.880 2
-35.000 14.522 2.640 190 195 205 0.880 2
-15.000 14.522 2.640 190 195 205 0.880 2
-35.000 15.913 2.640 190 195 205 0.880 2
-15.000 15.913 2.640 190 195 205 0.880 2
-35.000 17.304 2.640 190 195 205 0.880 2
-15.000 17.304 2.640 190 195 205 0.880 2
-35.000 2.000 3.520 210 215 220 0.890 2
-35.000 18.000 3.520 210 215 220 0.890 2
-33.621 2.000 3.520 210 215 220 0.890 2
-33.621 18.000 3.520 210 215 220 0.890 2
-32.241 2.000 3.520 210 215 220 0.890 2
-32.241 18.000 3.520 210 215 220 0.890 2
-30.862 2.000 3.520 210 215 220 0.890 2
-30.862 18.000 3.520 210 215 220 0.890 2
-29.483 2.000 3.520 210 215 220 0.890 2
-29.483 18.000 3.520 210 215 220 0.890 2
-28.103 2.000 3.520 210 215 220 0.890 2
-28.103 18.000 3.520 210 215 220 0.890 2
-26.724 2.000 3.520 210 215 220 0.890 2
-26.724 18.000 3.520 210 215 220 0.890 2
-25.345 2.000 3.520 210 215 220 0.890 2
-25.345 18.000 3.520 210 215 220 0.890 2
-23.966 2.000 3.520 210 215 220 0.890 2
-23.966 18.000 3.520 210 215 220 0.890 2
-22.586 2.000 3.520 210 215 220 0.890 2
-22.586 18.000 3.520 210 215 220 0.890 2
-21.207 2.000 3.520 210 215 220 0.890 2
-21.207 18.000 3.520 210 215 220 0.890 2
-19.828 2.000 3.520 210 215 220 0.890 2
-19.828 18.000 3.520 210 215 220 0.890 2
-18.448 2.000 3.520 210 215 220 0.890 2
-18.448 18.000 3.520 210 215 220 0.890 2
-17.069 2.000 3.520 210 215 220 0.890 2
-17.069 18.000 3.520 210 215 220 0.890 2
-15.690 2.000 3.520 210 215 220 0.890 2
-15.690 18.000 3.520 210 215 220 0.890 2
-35.000 2.000 3.520 190 195 205 0.880 2
-15.000 2.000 3.520 190 195 205 0.880 2
-35.000 3.391 3.520 190 195 205 0.880 2
-15.000 3.391 3.520 190 195 205 0.880 2
-35.000 4.783 3.520 190 195 205 0.880 2
-15.000 4.783 3.520 190 195 205 0.880 2
-35.000 6.174 3.520 190 195 205 0.880 2
-15.000 6.174 3.520 190 195 205 0.880 2
-35.000 7.565 3.520 190 195 205 0.880 2
-15.000 7.565 3.520 190 195 205 0.880 2
-35.000 8.957 3.520 190 195 205 0.880 2
-15.000 8.957 3.520 190 195 205 0.880 2
-35.000 10.348 3.520 190 195 205 0.880 2
-15.000 10.348 3.520 190 195 205 0.880 2
-35.000 11.739 3.520 190 195 205 0.880 2
-15.000 11.739 3.520 190 195 205 0.880 2
-35.000 13.130 3.520 190 195 205 0.880 2
-15.000 13.130 3.520 190 195 205 0.880 2
-35.000 14.522 3.520 190 195 205 0.880 2
-15.000 14.522 3.520 190 195 205 0.880 2
-35.000 15.913 3.520 190 195 205 0.880 2
-15.000 15.913 3.520 190 195 205 0.880 2
-35.000 17.304 3.520 190 195 205 0.880 2
-15.000 17.304 3.520 190 195 205 0.880 2
-35.000 2.000 4.400 210 215 220 0.890 2
-35.000 18.000 4.400 210 215 220 0.890 2
-33.621 2.000 4.400 210 215 220 0.890 2
-33.621 18.000 4.400 210 215 220 0.890 2
-32.241 2.000 4.400 210 215 220 0.890 2
-32.241 18.000 4.400 210 215 220 0.890 2
-30.862 2.000 4.400 210 215 220 0.890 2
-30.862 18.000 4.400 210 215 220 0.890 2
-29.483 2.000 4.400 210 215 220 0.890 2
-29.483 18.000 4.400 210 215 220 0.890 2
-28.103 2.000 4.400 210 215 220 0.890 2
-28.103 18.000 4.400 210 215 220 0.890 2
-26.724 2.000 4.400 210 215 220 0.890 2
-26.724 18.000 4.400 210 215 220 0.890 2
-25.345 2.000 4.400 210 215 220 0.890 2
-25.345 18.000 4.400 210 215 220 0.890 2
-23.966 2.000 4.400 210 215 220 0.890 2
-23.966 18.000 4.400 210 215 220 0.890 2
-22.586 2.000 4.400 210 215 220 0.890 2
-22.586 18.000 4.400 210 215 220 0.890 2
-21.207 2.000 4.400 210 215 220 0.890 2
-21.207 18.000 4.400 210 215 220 0.890 2
-19.828 2.000 4.400 210 215 220 0.890 2
-19.828 18.000 4.400 210 215 220 0.890 2
-18.448 2.000 4.400 210 215 220 0.890 2
-18.448 18.000 4.400 210 215 220 0.890 2
-17.069 2.000 4.400 210 215 220 0.890 2
-17.069 18.000 4.400 210 215 220 0.890 2
-15.690 2.000 4.400 210 215 220 0.890 2
-15.690 18.000 4.400 210 215 220 0.890 2
-35.000 2.000 4.400 190 195 205 0.880 2
-15.000 2.000 4.400 190 195 205 0.880 2
-35.000 3.391 4.400 190 195 205 0.880 2
-15.000 3.391 4.400 190 195 205 0.880 2
-35.000 4.783 4.400 190 195 205 0.880 2
-15.000 4.783 4.400 190 195 205 0.880 2
-35.000 6.174 4.400 190 195 205 0.880 2
-15.000 6.174 4.400 190 195 205 0.880 2
-35.000 7.565 4.400 190 195 205 0.880 2
-15.000 7.565 4.400 190 195 205 0.880 2
-35.000 8.957 4.400 190 195 205 0.880 2
-15.000 8.957 4.400 190 195 205 0.880 2
-35.000 10.348 4.400 190 195 205 0.880 2
-15.000 10.348 4.400 190 195 205 0.880 2
-35.000 11.739 4.400 190 195 205 0.880 2
-15.000 11.739 4.400 190 195 205 0.880 2
-35.000 13.130 4.400 190 195 205 0.880 2
-15.000 13.130 4.400 190 195 205 0.880 2
-35.000 14.522 4.400 190 195 205 0.880 2
-15.000 14.522 4.400 190 195 205 0.880 2
-35.000 15.913 4.400 190 195 205 0.880 2
-15.000 15.913 4.400 190 195 205 0.880 2
-35.000 17.304 4.400 190 195 205 0.880 2
-15.000 17.304 4.400 190 195 205 0.880 2
-35.000 2.000 5.280 210 215 220 0.890 2
-35.000 18.000 5.280 210 215 220 0.890 2
-33.621 2.000 5.280 210 215 220 0.890 2
-33.621 18.000 5.280 210 215 220 0.890 2
-32.241 2.000 5.280 210 215 220 0.890 2
-32.241 18.000 5.280 210 215 220 0.890 2
-30.862 2.000 5.280 210 215 220 0.890 2
-30.862 18.000 5.280 210 215 220 0.890 2
-29.483 2.000 5.280 210 215 220 0.890 2
-29.483 18.000 5.280 210 215 220 0.890 2
-28.103 2.000 5.280 210 215 220 0.890 2
-28.103 18.000 5.280 210 215 220 0.890 2
-26.724 2.000 5.280 210 215 220 0.890 2
-26.724 18.000 5.280 210 215 220 0.890 2
-25.345 2.000 5.280 210 215 220 0.890 2
-25.345 18.000 5.280 210 215 220 0.890 2
-23.966 2.000 5.280 210 215 220 0.890 2
-23.966 18.000 5.280 210 215 220 0.890 2
-22.586 2.000 5.280 210 215 220 0.890 2
-22.586 18.000 5.280 210 215 220 0.890 2
-21.207 2.000 5.280 210 215 220 0.890 2
-21.207 18.000 5.280 210 215 220 0.890 2
-19.828 2.000 5.280 210 215 220 0.890 2
-19.828 18.000 5.280 210 215 220 0.890 2
-18.448 2.000 5.280 210 215 220 0.890 2
-18.448 18.000 5.280 210 215 220 0.890 2
-17.069 2.000 5.280 210 215 220 0.890 2
-17.069 18.000 5.280 210 215 220 0.890 2
-15.690 2.000 5.280 210 215 220 0.890 2
-15.690 18.000 5.280 210 215 220 0.890 2
-35.000 2.000 5.280 190 195 205 0.880 2
-15.000 2.000 5.280 190 195 205 0.880 2
-35.000 3.391 5.280 190 195 205 0.880 2
-15.000 3.391 5.280 190 195 205 0.880 2
-35.000 4.783 5.280 190 195 205 0.880 2
-15.000 4.783 5.280 190 195 205 0.880 2
-35.000 6.174 5.280 190 195 205 0.880 2
-15.000 6.174 5.280 190 195 205 0.880 2
-35.000 7.565 5.280 190 195 205 0.880 2
-15.000 7.565 5.280 190 195 205 0.880 2
-35.000 8.957 5.280 190 195 205 0.880 2
-15.000 8.957 5.280 190 195 205 0.880 2
-35.000 10.348 5.280 190 195 205 0.880 2
-15.000 10.348 5.280 190 195 205 0.880 2
-35.000 11.739 5.280 190 195 205 0.880 2
-15.000 11.739 5.280 190 195 205 0.880 2
-35.000 13.130 5.280 190 195 205 0.880 2
-15.000 13.130 5.280 190 195 205 0.880 2
-35.000 14.522 5.280 190 195 205 0.880 2
-15.000 14.522 5.280 190 195 205 0.880 2
-35.000 15.913 5.280 190 195 205 0.880 2
-15.000 15.913 5.280 190 195 205 0.880 2
-35.000 17.304 5.280 190 195 205 0.880 2
-15.000 17.304 5.280 190 195 205 0.880 2
-35.000 2.000 6.160 210 215 220 0.890 2
-35.000 18.000 6.160 210 215 220 0.890 2
-33.621 2.000 6.160 210 215 220 0.890 2
-33.621 18.000 6.160 210 215 220 0.890 2
-32.241 2.000 6.160 210 215 220 0.890 2
-32.241 18.000 6.160 210 215 220 0.890 2
-30.862 2.000 6.160 210 215 220 0.890 2
-30.862 18.000 6.160 210 215 220 0.890 2
-29.483 2.000 6.160 210 215 220 0.890 2
-29.483 18.000 6.160 210 215 220 0.890 2
-28.103 2.000 6.160 210 215 220 0.890 2
-28.103 18.000 6.160 210 215 220 0.890 2
-26.724 2.000 6.160 210 215 220 0.890 2
-26.724 18.000 6.160 210 215 220 0.890 2
-25.345 2.000 6.160 210 215 220 0.890 2
-25.345 18.000 6.160 210 215 220 0.890 2
-23.966 2.000 6.160 210 215 220 0.890 2
-23.966 18.000 6.160 210 215 220 0.890 2
-22.586 2.000 6.160 210 215 220 0.890 2
-22.586 18.000 6.160 210 215 220 0.890 2
-21.207 2.000 6.160 210 215 220 0.890 2
-21.207 18.000 6.160 210 215 220 0.890 2
-19.828 2.000 6.160 210 215 220 0.890 2
-19.828 18.000 6.160 210 215 220 0.890 2
-18.448 2.000 6.160 210 215 220 0.890 2
-18.448 18.000 6.160 210 215 220 0.890 2
-17.069 2.000 6.160 210 215 220 0.890 2
-17.069 18.000 6.160 210 215 220 0.890 2
-15.690 2.000 6.160 210 215 220 0.890 2
-15.690 18.000 6.160 210 215 220 0.890 2
-35.000 2.000 6.160 190 195 205 0.880 2
-15.000 2.000 6.160 190 195 205 0.880 2
-35.000 3.391 6.160 190 195 205 0.880 2
-15.000 3.391 6.160 190 195 205 0.880 2
-35.000 4.783 6.160 190 195 205 0.880 2
-15.000 4.783 6.160 190 195 205 0.880 2
-35.000 6.174 6.160 190 195 205 0.880 2
-15.000 6.174 6.160 190 195 205 0.880 2
-35.000 7.565 6.160 190 195 205 0.880 2
-15.000 7.565 6.160 190 195 205 0.880 2
-35.000 8.957 6.160 190 195 205 0.880 2
-15.000 8.957 6.160 190 195 205 0.880 2
-35.000 10.348 6.160 190 195 205 0.880 2
-15.000 10.348 6.160 190 195 205 0.880 2
-35.000 11.739 6.160 190 195 205 0.880 2
-15.000 11.739 6.160 190 195 205 0.880 2
-35.000 13.130 6.160 190 195 205 0.880 2
-15.000 13.130 6.160 190 195 205 0.880 2
-35.000 14.522 6.160 190 195 205 0.880 2
-15.000 14.522 6.160 190 195 205 0.880 2
-35.000 15.913 6.160 190 195 205 0.880 2
-15.000 15.913 6.160 190 195 205 0.880 2
-35.000 17.304 6.160 190 195 205 0.880 2
-15.000 17.304 6.160 190 195 205 0.880 2
-35.000 2.000 7.040 210 215 220 0.890 2
-35.000 18.000 7.040 210 215 220 0.890 2
-33.621 2.000 7.040 210 215 220 0.890 2
-33.621 18.000 7.040 210 215 220 0.890 2
-32.241 2.000 7.040 210 215 220 0.890 2
-32.241 18.000 7.040 210 215 220 0.890 2
-30.862 2.000 7.040 210 215 220 0.890 2
-30.862 18.000 7.040 210 215 220 0.890 2
-29.483 2.000 7.040 210 215 220 0.890 2
-29.483 18.000 7.040 210 215 220 0.890 2
-28.103 2.000 7.040 210 215 220 0.890 2
-28.103 18.000 7.040 210 215 220 0.890 2
-26.724 2.000 7.040 210 215 220 0.890 2
-26.724 18.000 7.040 210 215 220 0.890 2
-25.345 2.000 7.040 210 215 220 0.890 2
-25.345 18.000 7.040 210 215 220 0.890 2
-23.966 2.000 7.040 210 215 220 0.890 2
-23.966 18.000 7.040 210 215 220 0.890 2
-22.586 2.000 7.040 210 215 220 0.890 2
-22.586 18.000 7.040 210 215 220 0.890 2
-21.207 2.000 7.040 210 215 220 0.890 2
-21.207 18.000 7.040 210 215 220 0.890 2
-19.828 2.000 7.040 210 215 220 0.890 2
-19.828 18.000 7.040 210 215 220 0.890 2
-18.448 2.000 7.040 210 215 220 0.890 2
-18.448 18.000 7.040 210 215 220 0.890 2
-17.069 2.000 7.040 210 215 220 0.890 2
-17.069 18.000 7.040 210 215 220 0.890 2
-15.690 2.000 7.040 210 215 220 0.890 2
-15.690 18.000 7.040 210 215 220 0.890 2
-35.000 2.000 7.040 190 195 205 0.880 2
-15.000 2.000 7.040 190 195 205 0.880 2
-35.000 3.391 7.040 190 195 205 0.880 2
-15.000 3.391 7.040 190 195 205 0.880 2
-35.000 4.783 7.040 190 195 205 0.880 2
-15.000 4.783 7.040 190 195 205 0.880 2
-35.000 6.174 7.040 190 195 205 0.880 2
-15.000 6.174 7.040 190 195 205 0.880 2
-35.000 7.565 7.040 190 195 205 0.880 2
-15.000 7.565 7.040 190 195 205 0.880 2
-35.000 8.957 7.040 190 195 205 0.880 2
-15.000 8.957 7.040 190 195 205 0.880 2
-35.000 10.348 7.040 190 195 205 0.880 2
-15.000 10.348 7.040 190 195 205 0.880 2
-35.000 11.739 7.040 190 195 205 0.880 2
-15.000 11.739 7.040 190 195 205 0.880 2
-35.000 13.130 7.040 190 195 205 0.880 2
-15.000 13.130 7.040 190 195 205 0.880 2
-35.000 14.522 7.040 190 195 205 0.880 2
-15.000 14.522 7.040 190 195 205 0.880 2
-35.000 15.913 7.040 190 195 205 0.880 2
-15.000 15.913 7.040 190 195 205 0.880 2
-35.000 17.304 7.040 190 195 205 0.880 2
-15.000 17.304 7.040 190 195 205 0.880 2
-35.000 2.000 7.920 210 215 220 0.890 2
-35.000 18.000 7.920 210 215 220 0.890 2
-33.621 2.000 7.920 210 215 220 0.890 2
-33.621 18.000 7.920 210 215 220 0.890 2
-32.241 2.000 7.920 210 215 220 0.890 2
-32.241 18.000 7.920 210 215 220 0.890 2
-30.862 2.000 7.920 210 215 220 0.890 2
-30.862 18.000 7.920 210 215 220 0.890 2
-29.483 2.000 7.920 210 215 220 0.890 2
-29.483 18.000 7.920 210 215 220 0.890 2
-28.103 2.000 7.920 210 215 220 0.890 2
-28.103 18.000 7.920 210 215 220 0.890 2
-26.724 2.000 7.920 210 215 220 0.890 2
-26.724 18.000 7.920 210 215 220 0.890 2
-25.345 2.000 7.920 210 215 220 0.890 2
-25.345 18.000 7.920 210 215 220 0.890 2
-23.966 2.000 7.920 210 215 220 0.890 2
-23.966 18.000 7.920 210 215 220 0.890 2
-22.586 2.000 7.920 210 215 220 0.890 2
-22.586 18.000 7.920 210 215 220 0.890 2
-21.207 2.000 7.920 210 215 220 0.890 2
-21.207 18.000 7.920 210 215 220 0.890 2
-19.828 2.000 7.920 210 215 220 0.890 2
-19.828 18.000 7.920 210 215 220 0.890 2
-18.448 2.000 7.920 210 215 220 0.890 2
-18.448 18.000 7.920 210 215 220 0.890 2
-17.069 2.000 7.920 210 215 220 0.890 2
-17.069 18.000 7.920 210 215 220 0.890 2
-15.690 2.000 7.920 210 215 220 0.890 2
-15.690 18.000 7.920 210 215 220 0.890 2
-35.000 2.000 7.920 190 195 205 0.880 2
-15.000 2.000 7.920 190 195 205 0.880 2
-35.000 3.391 7.920 190 195 205 0.880 2
-15.000 3.391 7.920 190 195 205 0.880 2
-35.000 4.783 7.920 190 195 205 0.880 2
-15.000 4.783 7.920 190 195 205 0.880 2
-35.000 6.174 7.920 190 195 205 0.880 2
-15.000 6.174 7.920 190 195 205 0.880 2
-35.000 7.565 7.920 190 195 205 0.880 2
-15.000 7.565 7.920 190 195 205 0.880 2
-35.000 8.957 7.920 190 195 205 0.880 2
-15.000 8.957 7.920 190 195 205 0.880 2
-35.000 10.348 7.920 190 195 205 0.880 2
-15.000 10.348 7.920 190 195 205 0.880 2
-35.000 11.739 7.920 190 195 205 0.880 2
-15.000 11.739 7.920 190 195 205 0.880 2
-35.000 13.130 7.920 190 195 205 0.880 2
-15.000 13.130 7.920 190 195 205 0.880 2
-35.000 14.522 7.920 190 195 205 0.880 2
-15.000 14.522 7.920 190 195 205 0.880 2
-35.000 15.913 7.920 190 195 205 0.880 2
-15.000 15.913 7.920 190 195 205 0.880 2
-35.000 17.304 7.920 190 195 205 0.880 2
-15.000 17.304 7.920 190 195 205 0.880 2
-35.000 2.000 8.800 210 215 220 0.890 2
-35.000 18.000 8.800 210 215 220 0.890 2
-33.621 2.000 8.800 210 215 220 0.890 2
-33.621 18.000 8.800 210 215 220 0.890 2
-32.241 2.000 8.800 210 215 220 0.890 2
-32.241 18.000 8.800 210 215 220 0.890 2
-30.862 2.000 8.800 210 215 220 0.890 2
-30.862 18.000 8.800 210 215 220 0.890 2
-29.483 2.000 8.800 210 215 220 0.890 2
-29.483 18.000 8.800 210 215 220 0.890 2
-28.103 2.000 8.800 210 215 220 0.890 2
-28.103 18.000 8.800 210 215 220 0.890 2
-26.724 2.000 8.800 210 215 220 0.890 2
-26.724 18.000 8.800 210 215 220 0.890 2
-25.345 2.000 8.800 210 215 220 0.890 2
-25.345 18.000 8.800 210 215 220 0.890 2
-23.966 2.000 8.800 210 215 220 0.890 2
-23.966 18.000 8.800 210 215 220 0.890 2
-22.586 2.000 8.800 210 215 220 0.890 2
-22.586 18.000 8.800 210 215 220 0.890 2
-21.207 2.000 8.800 210 215 220 0.890 2
-21.207 18.000 8.800 210 215 220 0.890 2
-19.828 2.000 8.800 210 215 220 0.890 2
-19.828 18.000 8.800 210 215 220 0.890 2
-18.448 2.000 8.800 210 215 220 0.890 2
-18.448 18.000 8.800 210 215 220 0.890 2
-17.069 2.000 8.800 210 215 220 0.890 2
-17.069 18.000 8.800 210 215 220 0.890 2
-15.690 2.000 8.800 210 215 220 0.890 2
-15.690 18.000 8.800 210 215 220 0.890 2
-35.000 2.000 8.800 190 195 205 0.880 2
-15.000 2.000 8.800 190 195 205 0.880 2
-35.000 3.391 8.800 190 195 205 0.880 2
-15.000 3.391 8.800 190 195 205 0.880 2
-35.000 4.783 8.800 190 195 205 0.880 2
-15.000 4.783 8.800 190 195 205 0.880 2
-35.000 6.174 8.800 190 195 205 0.880 2
-15.000 6.174 8.800 190 195 205 0.880 2
-35.000 7.565 8.800 190 195 205 0.880 2
-15.000 7.565 8.800 190 195 205 0.880 2
-35.000 8.957 8.800 190 195 205 0.880 2
-15.000 8.957 8.800 190 195 205 0.880 2
-35.000 10.348 8.800 190 195 205 0.880 2
-15.000 10.348 8.800 190 195 205 0.880 2
-35.000 11.739 8.800 190 195 205 0.880 2
-15.000 11.739 8.800 190 195 205 0.880 2
-35.000 13.130 8.800 190 195 205 0.880 2
-15.000 13.130 8.800 190 195 205 0.880 2
-35.000 14.522 8.800 190 195 205 0.880 2
-15.000 14.522 8.800 190 195 205 0.880 2
-35.000 15.913 8.800 190 195 205 0.880 2
-15.000 15.913 8.800 190 195 205 0.880 2
-35.000 17.304 8.800 190 195 205 0.880 2
-15.000 17.304 8.800 190 195 205 0.880 2
-35.000 2.000 9.680 210 215 220 0.890 2
-35.000 18.000 9.680 210 215 220 0.890 2
-33.621 2.000 9.680 210 215 220 0.890 2
-33.621 18.000 9.680 210 215 220 0.890 2
-32.241 2.000 9.680 210 215 220 0.890 2
-32.241 18.000 9.680 210 215 220 0.890 2
-30.862 2.000 9.680 210 215 220 0.890 2
-30.862 18.000 9.680 210 215 220 0.890 2
-29.483 2.000 9.680 210 215 220 0.890 2
-29.483 18.000 9.680 210 215 220 0.890 2
-28.103 2.000 9.680 210 215 220 0.890 2
-28.103 18.000 9.680 210 215 220 0.890 2
-26.724 2.000 9.680 210 215 220 0.890 2
-26.724 18.000 9.680 210 215 220 0.890 2
-25.345 2.000 9.680 210 215 220 0.890 2
-25.345 18.000 9.680 210 215 220 0.890 2
-23.966 2.000 9.680 210 215 220 0.890 2
-23.966 18.000 9.680 210 215 220 0.890 2
-22.586 2.000 9.680 210 215 220 0.890 2
-22.586 18.000 9.680 210 215 220 0.890 2
-21.207 2.000 9.680 210 215 220 0.890 2
-21.207 18.000 9.680 210 215 220 0.890 2
-19.828 2.000 9.680 210 215 220 0.890 2
-19.828 18.000 9.680 210 215 220 0.890 2
-18.448 2.000 9.680 210 215 220 0.890 2
-18.448 18.000 9.680 210 215 220 0.890 2
-17.069 2.000 9.680 210 215 220 0.890 2
-17.069 18.000 9.680 210 215 220 0.890 2
-15.690 2.000 9.680 210 215 220 0.890 2
-15.690 18.000 9.680 210 215 220 0.890 2
-35.000 2.000 9.680 190 195 205 0.880 2
-15.000 2.000 9.680 190 195 205 0.880 2
-35.000 3.391 9.680 190 195 205 0.880 2
-15.000 3.391 9.680 190 195 205 0.880 2
-35.000 4.783 9.680 190 195 205 0.880 2
-15.000 4.783 9.680 190 195 205 0.880 2
-35.000 6.174 9.680 190 195 205 0.880 2
-15.000 6.174 9.680 190 195 205 0.880 2
-35.000 7.565 9.680 190 195 205 0.880 2
-15.000 7.565 9.680 190 195 205 0.880 2
-35.000 8.957 9.680 190 195 205 0.880 2
-15.000 8.957 9.680 190 195 205 0.880 2
-35.000 10.348 9.680 190 195 205 0.880 2
-15.000 10.348 9.680 190 195 205 0.880 2
-35.000 11.739 9.680 190 195 205 0.880 2
-15.000 11.739 9.680 190 195 205 0.880 2
-35.000 13.130 9.680 190 195 205 0.880 2
-15.000 13.130 9.680 190 195 205 0.880 2
-35.000 14.522 9.680 190 195 205 0.880 2
-15.000 14.522 9.680 190 195 205 0.880 2
-35.000 15.913 9.680 190 195 205 0.880 2
-15.000 15.913 9.680 190 195 205 0.880 2
-35.000 17.304 9.680 190 195 205 0.880 2
-15.000 17.304 9.680 190 195 205 0.880 2
-35.000 2.000 10.560 210 215 220 0.890 2
-35.000 18.000 10.560 210 215 220 0.890 2
-33.621 2.000 10.560 210 215 220 0.890 2
-33.621 18.000 10.560 210 215 220 0.890 2
-32.241 2.000 10.560 210 215 220 0.890 2
-32.241 18.000 10.560 210 215 220 0.890 2
-30.862 2.000 10.560 210 215 220 0.890 2
-30.862 18.000 10.560 210 215 220 0.890 2
-29.483 2.000 10.560 210 215 220 0.890 2
-29.483 18.000 10.560 210 215 220 0.890 2
-28.103 2.000 10.560 210 215 220 0.890 2
-28.103 18.000 10.560 210 215 220 0.890 2
-26.724 2.000 10.560 210 215 220 0.890 2
-26.724 18.000 10.560 210 215 220 0.890 2
-25.345 2.000 10.560 210 215 220 0.890 2
-25.345 18.000 10.560 210 215 220 0.890 2
-23.966 2.000 10.560 210 215 220 0.890 2
-23.966 18.000 10.560 210 215 220 0.890 2
-22.586 2.000 10.560 210 215 220 0.890 2
-22.586 18.000 10.560 210 215 220 0.890 2
-21.207 2.000 10.560 210 215 220 0.890 2
-21.207 18.000 10.560 210 215 220 0.890 2
-19.828 2.000 10.560 210 215 220 0.890 2
-19.828 18.000 10.560 210 215 220 0.890 2
-18.448 2.000 10.560 210 215 220 0.890 2
-18.448 18.000 10.560 210 215 220 0.890 2
-17.069 2.000 10.560 210 215 220 0.890 2
-17.069 18.000 10.560 210 215 220 0.890 2
-15.690 2.000 10.560 210 215 220 0.890 2
-15.690 18.000 10.560 210 215 220 0.890 2
-35.000 2.000 10.560 190 195 205 0.880 2
-15.000 2.000 10.560 190 195 205 0.880 2
-35.000 3.391 10.560 190 195 205 0.880 2
-15.000 3.391 10.560 190 195 205 0.880 2
-35.000 4.783 10.560 190 195 205 0.880 2
-15.000 4.783 10.560 190 195 205 0.880 2
-35.000 6.174 10.560 190 195 205 0.880 2
-15.000 6.174 10.560 190 195 205 0.880 2
-35.000 7.565 10.560 190 195 205 0.880 2
-15.000 7.565 10.560 190 195 205 0.880 2
-35.000 8.957 10.560 190 195 205 0.880 2
-15.000 8.957 10.560 190 195 205 0.880 2
-35.000 10.348 10.560 190 195 205 0.880 2
-15.000 10.348 10.560 190 195 205 0.880 2
-35.000 11.739 10.560 190 195 205 0.880 2
-15.000 11.739 10.560 190 195 205 0.880 2
-35.000 13.130 10.560 190 195 205 0.880 2
-15.000 13.130 10.560 190 195 205 0.880 2
-35.000 14.522 10.560 190 195 205 0.880 2
-15.000 14.522 10.560 190 195 205 0.880 2
-35.000 15.913 10.560 190 195 205 0.880 2
-15.000 15.913 10.560 190 195 205 0.880 2
-35.000 17.304 10.560 190 195 205 0.880 2
-15.000 17.304 10.560 190 195 205 0.880 2
-35.000 2.000 11.440 210 215 220 0.890 2
-35.000 18.000 11.440 210 215 220 0.890 2
-33.621 2.000 11.440 210 215 220 0.890 2
-33.621 18.000 11.440 210 215 220 0.890 2
-32.241 2.000 11.440 210 215 220 0.890 2
-32.241 18.000 11.440 210 215 220 0.890 2
-30.862 2.000 11.440 210 215 220 0.890 2
-30.862 18.000 11.440 210 215 220 0.890 2
-29.483 2.000 11.440 210 215 220 0.890 2
-29.483 18.000 11.440 210 215 220 0.890 2
-28.103 2.000 11.440 210 215 220 0.890 2
-28.103 18.000 11.440 210 215 220 0.890 2
-26.724 2.000 11.440 210 215 220 0.890 2
-26.724 18.000 11.440 210 215 220 0.890 2
-25.345 2.000 11.440 210 215 220 0.890 2
-25.345 18.000 11.440 210 215 220 0.890 2
-23.966 2.000 11.440 210 215 220 0.890 2
-23.966 18.000 11.440 210 215 220 0.890 2
-22.586 2.000 11.440 210 215 220 0.890 2
-22.586 18.000 11.440 210 215 220 0.890 2
-21.207 2.000 11.440 210 215 220 0.890 2
-21.207 18.000 11.440 210 215 220 0.890 2
-19.828 2.000 11.440 210 215 220 0.890 2
-19.828 18.000 11.440 210 215 220 0.890 2
-18.448 2.000 11.440 210 215 220 0.890 2
-18.448 18.000 11.440 210 215 220 0.890 2
-17.069 2.000 11.440 210 215 220 0.890 2
-17.069 18.000 11.440 210 215 220 0.890 2
-15.690 2.000 11.440 210 215 220 0.890 2
-15.690 18.000 11.440 210 215 220 0.890 2
-35.000 2.000 11.440 190 195 205 0.880 2
-15.000 2.000 11.440 190 195 205 0.880 2
-35.000 3.391 11.440 190 195 205 0.880 2
-15.000 3.391 11.440 190 195 205 0.880 2
-35.000 4.783 11.440 190 195 205 0.880 2
-15.000 4.783 11.440 190 195 205 0.880 2
-35.000 6.174 11.440 190 195 205 0.880 2
-15.000 6.174 11.440 190 195 205 0.880 2
-35.000 7.565 11.440 190 195 205 0.880 2
-15.000 7.565 11.440 190 195 205 0.880 2
-35.000 8.957 11.440 190 195 205 0.880 2
-15.000 8.957 11.440 190 195 205 0.880 2
-35.000 10.348 11.440 190 195 205 0.880 2
-15.000 10.348 11.440 190 195 205 0.880 2
-35.000 11.739 11.440 190 195 205 0.880 2
-15.000 11.739 11.440 190 195 205 0.880 2
-35.000 13.130 11.440 190 195 205 0.880 2
-15.000 13.130 11.440 190 195 205 0.880 2
-35.000 14.522 11.440 190 195 205 0.880 2
-15.000 14.522 11.440 190 195 205 0.880 2
-35.000 15.913 11.440 190 195 205 0.880 2
-15.000 15.913 11.440 190 195 205 0.880 2
-35.000 17.304 11.440 190 195 205 0.880 2
-15.000 17.304 11.440 190 195 205 0.880 2
-35.000 2.000 12.320 210 215 220 0.890 2
-35.000 18.000 12.320 210 215 220 0.890 2
-33.621 2.000 12.320 210 215 220 0.890 2
-33.621 18.000 12.320 210 215 220 0.890 2
-32.241 2.000 12.320 210 215 220 0.890 2
-32.241 18.000 12.320 210 215 220 0.890 2
-30.862 2.000 12.320 210 215 220 0.890 2
-30.862 18.000 12.320 210 215 220 0.890 2
-29.483 2.000 12.320 210 215 220 0.890 2
-29.483 18.000 12.320 210 215 220 0.890 2
-28.103 2.000 12.320 210 215 220 0.890 2
-28.103 18.000 12.320 210 215 220 0.890 2
-26.724 2.000 12.320 210 215 220 0.890 2
-26.724 18.000 12.320 210 215 220 0.890 2
-25.345 2.000 12.320 210 215 220 0.890 2
-25.345 18.000 12.320 210 215 220 0.890 2
-23.966 2.000 12.320 210 215 220 0.890 2
-23.966 18.000 12.320 210 215 220 0.890 2
-22.586 2.000 12.320 210 215 220 0.890 2
-22.586 18.000 12.320 210 215 220 0.890 2
-21.207 2.000 12.320 210 215 220 0.890 2
-21.207 18.000 12.320 210 215 220 0.890 2
-19.828 2.000 12.320 210 215 220 0.890 2
-19.828 18.000 12.320 210 215 220 0.890 2
-18.448 2.000 12.320 210 215 220 0.890 2
-18.448 18.000 12.320 210 215 220 0.890 2
-17.069 2.000 12.320 210 215 220 0.890 2
-17.069 18.000 12.320 210 215 220 0.890 2
-15.690 2.000 12.320 210 215 220 0.890 2
-15.690 18.000 12.320 210 215 220 0.890 2
-35.000 2.000 12.320 190 195 205 0.880 2
-15.000 2.000 12.320 190 195 205 0.880 2
-35.000 3.391 12.320 190 195 205 0.880 2
-15.000 3.391 12.320 190 195 205 0.880 2
-35.000 4.783 12.320 190 195 205 0.880 2
-15.000 4.783 12.320 190 195 205 0.880 2
-35.000 6.174 12.320 190 195 205 0.880 2
-15.000 6.174 12.320 190 195 205 0.880 2
-35.000 7.565 12.320 190 195 205 0.880 2
-15.000 7.565 12.320 190 195 205 0.880 2
-35.000 8.957 12.320 190 195 205 0.880 2
-15.000 8.957 12.320 190 195 205 0.880 2
-35.000 10.348 12.320 190 195 205 0.880 2
-15.000 10.348 12.320 190 195 205 0.880 2
-35.000 11.739 12.320 190 195 205 0.880 2
-15.000 11.739 12.320 190 195 205 0.880 2
-35.000 13.130 12.320 190 195 205 0.880 2
-15.000 13.130 12.320 190 195 205 0.880 2
-35.000 14.522 12.320 190 195 205 0.880 2
-15.000 14.522 12.320 190 195 205 0.880 2
-35.000 15.913 12.320 190 195 205 0.880 2
-15.000 15.913 12.320 190 195 205 0.880 2
-35.000 17.304 12.320 190 195 205 0.880 2
-15.000 17.304 12.320 190 195 205 0.880 2
-35.000 2.000 13.200 210 215 220 0.890 2
-35.000 18.000 13.200 210 215 220 0.890 2
-33.621 2.000 13.200 210 215 220 0.890 2
-33.621 18.000 13.200 210 215 220 0.890 2
-32.241 2.000 13.200 210 215 220 0.890 2
-32.241 18.000 13.200 210 215 220 0.890 2
-30.862 2.000 13.200 210 215 220 0.890 2
-30.862 18.000 13.200 210 215 220 0.890 2
-29.483 2.000 13.200 210 215 220 0.890 2
-29.483 18.000 13.200 210 215 220 0.890 2
-28.103 2.000 13.200 210 215 220 0.890 2
-28.103 18.000 13.200 210 215 220 0.890 2
-26.724 2.000 13.200 210 215 220 0.890 2
-26.724 18.000 13.200 210 215 220 0.890 2
-25.345 2.000 13.200 210 215 220 0.890 2
-25.345 18.000 13.200 210 215 220 0.890 2
-23.966 2.000 13.200 210 215 220 0.890 2
-23.966 18.000 13.200 210 215 220 0.890 2
-22.586 2.000 13.200 210 215 220 0.890 2
-22.586 18.000 13.200 210 215 220 0.890 2
-21.207 2.000 13.200 210 215 220 0.890 2
-21.207 18.000 13.200 210 215 220 0.890 2
-19.828 2.000 13.200 210 215 220 0.890 2
-19.828 18.000 13.200 210 215 220 0.890 2
-18.448 2.000 13.200 210 215 220 0.890 2
-18.448 18.000 13.200 210 215 220 0.890 2
-17.069 2.000 13.200 210 215 220 0.890 2
-17.069 18.000 13.200 210 215 220 0.890 2
-15.690 2.000 13.200 210 215 220 0.890 2
-15.690 18.000 13.200 210 215 220 0.890 2
-35.000 2.000 13.200 190 195 205 0.880 2
-15.000 2.000 13.200 190 195 205 0.880 2
-35.000 3.391 13.200 190 195 205 0.880 2
-15.000 3.391 13.200 190 195 205 0.880 2
-35.000 4.783 13.200 190 195 205 0.880 2
-15.000 4.783 13.200 190 195 205 0.880 2
-35.000 6.174 13.200 190 195 205 0.880 2
-15.000 6.174 13.200 190 195 205 0.880 2
-35.000 7.565 13.200 190 195 205 0.880 2
-15.000 7.565 13.200 190 195 205 0.880 2
-35.000 8.957 13.200 190 195 205 0.880 2
-15.000 8.957 13.200 190 195 205 0.880 2
-35.000 10.348 13.200 190 195 205 0.880 2
-15.000 10.348 13.200 190 195 205 0.880 2
-35.000 11.739 13.200 190 195 205 0.880 2
-15.000 11.739 13.200 190 195 205 0.880 2
-35.000 13.130 13.200 190 195 205 0.880 2
-15.000 13.130 13.200 190 195 205 0.880 2
-35.000 14.522 13.200 190 195 205 0.880 2
-15.000 14.522 13.200 190 195 205 0.880 2
-35.000 15.913 13.200 190 195 205 0.880 2
-15.000 15.913 13.200 190 195 205 0.880 2
-35.000 17.304 13.200 190 195 205 0.880 2
-15.000 17.304 13.200 190 195 205 0.880 2
-35.000 2.000 14.080 210 215 220 0.890 2
-35.000 18.000 14.080 210 215 220 0.890 2
-33.621 2.000 14.080 210 215 220 0.890 2
-33.621 18.000 14.080 210 215 220 0.890 2
-32.241 2.000 14.080 210 215 220 0.890 2
-32.241 18.000 14.080 210 215 220 0.890 2
-30.862 2.000 14.080 210 215 220 0.890 2
-30.862 18.000 14.080 210 215 220 0.890 2
-29.483 2.000 14.080 210 215 220 0.890 2
-29.483 18.000 14.080 210 215 220 0.890 2
-28.103 2.000 14.080 210 215 220 0.890 2
-28.103 18.000 14.080 210 215 220 0.890 2
-26.724 2.000 14.080 210 215 220 0.890 2
-26.724 18.000 14.080 210 215 220 0.890 2
-25.345 2.000 14.080 210 215 220 0.890 2
-25.345 18.000 14.080 210 215 220 0.890 2
-23.966 2.000 14.080 210 215 220 0.890 2
-23.966 18.000 14.080 210 215 220 0.890 2
-22.586 2.000 14.080 210 215 220 0.890 2
-22.586 18.000 14.080 210 215 220 0.890 2
-21.207 2.000 14.080 210 215 220 0.890 2
-21.207 18.000 14.080 210 215 220 0.890 2
-19.828 2.000 14.080 210 215 220 0.890 2
-19.828 18.000 14.080 210 215 220 0.890 2
-18.448 2.000 14.080 210 215 220 0.890 2
-18.448 18.000 14.080 210 215 220 0.890 2
-17.069 2.000 14.080 210 215 220 0.890 2
-17.069 18.000 14.080 210 215 220 0.890 2
-15.690 2.000 14.080 210 215 220 0.890 2
-15.690 18.000 14.080 210 215 220 0.890 2
-35.000 2.000 14.080 190 195 205 0.880 2
-15.000 2.000 14.080 190 195 205 0.880 2
-35.000 3.391 14.080 190 195 205 0.880 2
-15.000 3.391 14.080 190 195 205 0.880 2
-35.000 4.783 14.080 190 195 205 0.880 2
-15.000 4.783 14.080 190 195 205 0.880 2
-35.000 6.174 14.080 190 195 205 0.880 2
-15.000 6.174 14.080 190 195 205 0.880 2
-35.000 7.565 14.080 190 195 205 0.880 2
-15.000 7.565 14.080 190 195 205 0.880 2
-35.000 8.957 14.080 190 195 205 0.880 2
-15.000 8.957 14.080 190 195 205 0.880 2
-35.000 10.348 14.080 190 195 205 0.880 2
-15.000 10.348 14.080 190 195 205 0.880 2
-35.000 11.739 14.080 190 195 205 0.880 2
-15.000 11.739 14.080 190 195 205 0.880 2
-35.000 13.130 14.080 190 195 205 0.880 2
-15.000 13.130 14.080 190 195 205 0.880 2
-35.000 14.522 14.080 190 195 205 0.880 2
-15.000 14.522 14.080 190 195 205 0.880 2
-35.000 15.913 14.080 190 195 205 0.880 2
-15.000 15.913 14.080 190 195 205 0.880 2
-35.000 17.304 14.080 190 195 205 0.880 2
-15.000 17.304 14.080 190 195 205 0.880 2
-35.000 2.000 14.960 210 215 220 0.890 2
-35.000 18.000 14.960 210 215 220 0.890 2
-33.621 2.000 14.960 210 215 220 0.890 2
-33.621 18.000 14.960 210 215 220 0.890 2
-32.241 2.000 14.960 210 215 220 0.890 2
-32.241 18.000 14.960 210 215 220 0.890 2
-30.862 2.000 14.960 210 215 220 0.890 2
-30.862 18.000 14.960 210 215 220 0.890 2
-29.483 2.000 14.960 210 215 220 0.890 2
-29.483 18.000 14.960 210 215 220 0.890 2
-28.103 2.000 14.960 210 215 220 0.890 2
-28.103 18.000 14.960 210 215 220 0.890 2
-26.724 2.000 14.960 210 215 220 0.890 2
-26.724 18.000 14.960 210 215 220 0.890 2
-25.345 2.000 14.960 210 215 220 0.890 2
-25.345 18.000 14.960 210 215 220 0.890 2
-23.966 2.000 14.960 210 215 220 0.890 2
-23.966 18.000 14.960 210 215 220 0.890 2
-22.586 2.000 14.960 210 215 220 0.890 2
-22.586 18.000 14.960 210 215 220 0.890 2
-21.207 2.000 14.960 210 215 220 0.890 2
-21.207 18.000 14.960 210 215 220 0.890 2
-19.828 2.000 14.960 210 215 220 0.890 2
-19.828 18.000 14.960 210 215 220 0.890 2
-18.448 2.000 14.960 210 215 220 0.890 2
-18.448 18.000 14.960 210 215 220 0.890 2
-17.069 2.000 14.960 210 215 220 0.890 2
-17.069 18.000 14.960 210 215 220 0.890 2
-15.690 2.000 14.960 210 215 220 0.890 2
-15.690 18.000 14.960 210 215 220 0.890 2
-35.000 2.000 14.960 190 195 205 0.880 2
-15.000 2.000 14.960 190 195 205 0.880 2
-35.000 3.391 14.960 190 195 205 0.880 2
-15.000 3.391 14.960 190 195 205 0.880 2
-35.000 4.783 14.960 190 195 205 0.880 2
-15.000 4.783 14.960 190 195 205 0.880 2
-35.000 6.174 14.960 190 195 205 0.880 2
-15.000 6.174 14.960 190 195 205 0.880 2
-35.000 7.565 14.960 190 195 205 0.880 2
-15.000 7.565 14.960 190 195 205 0.880 2
-35.000 8.957 14.960 190 195 205 0.880 2
-15.000 8.957 14.960 190 195 205 0.880 2
-35.000 10.348 14.960 190 195 205 0.880 2
-15.000 10.348 14.960 190 195 205 0.880 2
-35.000 11.739 14.960 190 195 205 0.880 2
-15.000 11.739 14.960 190 195 205 0.880 2
-35.000 13.130 14.960 190 195 205 0.880 2
-15.000 13.130 14.960 190 195 205 0.880 2
-35.000 14.522 14.960 190 195 205 0.880 2
-15.000 14.522 14.960 190 195 205 0.880 2
-35.000 15.913 14.960 190 195 205 0.880 2
-15.000 15.913 14.960 190 195 205 0.880 2
-35.000 17.304 14.960 190 195 205 0.880 2
-15.000 17.304 14.960 190 195 205 0.880 2
-35.000 2.000 15.840 210 215 220 0.890 2
-35.000 18.000 15.840 210 215 220 0.890 2
-33.621 2.000 15.840 210 215 220 0.890 2
-33.621 18.000 15.840 210 215 220 0.890 2
-32.241 2.000 15.840 210 215 220 0.890 2
-32.241 18.000 15.840 210 215 220 0.890 2
-30.862 2.000 15.840 210 215 220 0.890 2
-30.862 18.000 15.840 210 215 220 0.890 2
-29.483 2.000 15.840 210 215 220 0.890 2
-29.483 18.000 15.840 210 215 220 0.890 2
-28.103 2.000 15.840 210 215 220 0.890 2
-28.103 18.000 15.840 210 215 220 0.890 2
-26.724 2.000 15.840 210 215 220 0.890 2
-26.724 18.000 15.840 210 215 220 0.890 2
-25.345 2.000 15.840 210 215 220 0.890 2
-25.345 18.000 15.840 210 215 220 0.890 2
-23.966 2.000 15.840 210 215 220 0.890 2
-23.966 18.000 15.840 210 215 220 0.890 2
-22.586 2.000 15.840 210 215 220 0.890 2
-22.586 18.000 15.840 210 215 220 0.890 2
-21.207 2.000 15.840 210 215 220 0.890 2
-21.207 18.000 15.840 210 215 220 0.890 2
-19.828 2.000 15.840 210 215 220 0.890 2
-19.828 18.000 15.840 210 215 220 0.890 2
-18.448 2.000 15.840 210 215 220 0.890 2
-18.448 18.000 15.840 210 215 220 0.890 2
-17.069 2.000 15.840 210 215 220 0.890 2
-17.069 18.000 15.840 210 215 220 0.890 2
-15.690 2.000 15.840 210 215 220 0.890 2
-15.690 18.000 15.840 210 215 220 0.890 2
-35.000 2.000 15.840 190 195 205 0.880 2
-15.000 2.000 15.840 190 195 205 0.880 2
-35.000 3.391 15.840 190 195 205 0.880 2
-15.000 3.391 15.840 190 195 205 0.880 2
-35.000 4.783 15.840 190 195 205 0.880 2
-15.000 4.783 15.840 190 195 205 0.880 2
-35.000 6.174 15.840 190 195 205 0.880 2
-15.000 6.174 15.840 190 195 205 0.880 2
-35.000 7.565 15.840 190 195 205 0.880 2
-15.000 7.565 15.840 190 195 205 0.880 2
-35.000 8.957 15.840 190 195 205 0.880 2
-15.000 8.957 15.840 190 195 205 0.880 2
-35.000 10.348 15.840 190 195 205 0.880 2
-15.000 10.348 15.840 190 195 205 0.880 2
-35.000 11.739 15.840 190 195 205 0.880 2
-15.000 11.739 15.840 190 195 205 0.880 2
-35.000 13.130 15.840 190 195 205 0.880 2
-15.000 13.130 15.840 190 195 205 0.880 2
-35.000 14.522 15.840 190 195 205 0.880 2
-15.000 14.522 15.840 190 195 205 0.880 2
-35.000 15.913 15.840 190 195 205 0.880 2
-15.000 15.913 15.840 190 195 205 0.880 2
-35.000 17.304 15.840 190 195 205 0.880 2
-15.000 17.304 15.840 190 195 205 0.880 2
-35.000 2.000 16.720 210 215 220 0.890 2
-35.000 18.000 16.720 210 215 220 0.890 2
-33.621 2.000 16.720 210 215 220 0.890 2
-33.621 18.000 16.720 210 215 220 0.890 2
-32.241 2.000 16.720 210 215 220 0.890 2
-32.241 18.000 16.720 210 215 220 0.890 2
-30.862 2.000 16.720 210 215 220 0.890 2
-30.862 18.000 16.720 210 215 220 0.890 2
-29.483 2.000 16.720 210 215 220 0.890 2
-29.483 18.000 16.720 210 215 220 0.890 2
-28.103 2.000 16.720 210 215 220 0.890 2
-28.103 18.000 16.720 210 215 220 0.890 2
-26.724 2.000 16.720 210 215 220 0.890 2
-26.724 18.000 16.720 210 215 220 0.890 2
-25.345 2.000 16.720 210 215 220 0.890 2
-25.345 18.000 16.720 210 215 220 0.890 2
-23.966 2.000 16.720 210 215 220 0.890 2
-23.966 18.000 16.720 210 215 220 0.890 2
-22.586 2.000 16.720 210 215 220 0.890 2
-22.586 18.000 16.720 210 215 220 0.890 2
-21.207 2.000 16.720 210 215 220 0.890 2
-21.207 18.000 16.720 210 215 220 0.890 2
-19.828 2.000 16.720 210 215 220 0.890 2
-19.828 18.000 16.720 210 215 220 0.890 2
-18.448 2.000 16.720 210 215 220 0.890 2
-18.448 18.000 16.720 210 215 220 0.890 2
-17.069 2.000 16.720 210 215 220 0.890 2
-17.069 18.000 16.720 210 215 220 0.890 2
-15.690 2.000 16.720 210 215 220 0.890 2
-15.690 18.000 16.720 210 215 220 0.890 2
-35.000 2.000 16.720 190 195 205 0.880 2
-15.000 2.000 16.720 190 195 205 0.880 2
-35.000 3.391 16.720 190 195 205 0.880 2
-15.000 3.391 16.720 190 195 205 0.880 2
-35.000 4.783 16.720 190 195 205 0.880 2
-15.000 4.783 16.720 190 195 205 0.880 2
-35.000 6.174 16.720 190 195 205 0.880 2
-15.000 6.174 16.720 190 195 205 0.880 2
-35.000 7.565 16.720 190 195 205 0.880 2
-15.000 7.565 16.720 190 195 205 0.880 2
-35.000 8.957 16.720 190 195 205 0.880 2
-15.000 8.957 16.720 190 195 205 0.880 2
-35.000 10.348 16.720 190 195 205 0.880 2
-15.000 10.348 16.720 190 195 205 0.880 2
-35.000 11.739 16.720 190 195 205 0.880 2
-15.000 11.739 16.720 190 195 205 0.880 2
-35.000 13.130 16.720 190 195 205 0.880 2
-15.000 13.130 16.720 190 195 205 0.880 2
-35.000 14.522 16.720 190 195 205 0.880 2
-15.000 14.522 16.720 190 195 205 0.880 2
-35.000 15.913 16.720 190 195 205 0.880 2
-15.000 15.913 16.720 190 195 205 0.880 2
-35.000 17.304 16.720 190 195 205 0.880 2
-15.000 17.304 16.720 190 195 205 0.880 2
-35.000 2.000 17.600 210 215 220 0.890 2
-35.000 18.000 17.600 210 215 220 0.890 2
-33.621 2.000 17.600 210 215 220 0.890 2
-33.621 18.000 17.600 210 215 220 0.890 2
-32.241 2.000 17.600 210 215 220 0.890 2
-32.241 18.000 17.600 210 215 220 0.890 2
-30.862 2.000 17.600 210 215 220 0.890 2
-30.862 18.000 17.600 210 215 220 0.890 2
-29.483 2.000 17.600 210 215 220 0.890 2
-29.483 18.000 17.600 210 215 220 0.890 2
-28.103 2.000 17.600 210 215 220 0.890 2
-28.103 18.000 17.600 210 215 220 0.890 2
-26.724 2.000 17.600 210 215 220 0.890 2
-26.724 18.000 17.600 210 215 220 0.890 2
-25.345 2.000 17.600 210 215 220 0.890 2
-25.345 18.000 17.600 210 215 220 0.890 2
-23.966 2.000 17.600 210 215 220 0.890 2
-23.966 18.000 17.600 210 215 220 0.890 2
-22.586 2.000 17.600 210 215 220 0.890 2
-22.586 18.000 17.600 210 215 220 0.890 2
-21.207 2.000 17.600 210 215 220 0.890 2
-21.207 18.000 17.600 210 215 220 0.890 2
-19.828 2.000 17.600 210 215 220 0.890 2
-19.828 18.000 17.600 210 215 220 0.890 2
-18.448 2.000 17.600 210 215 220 0.890 2
-18.448 18.000 17.600 210 215 220 0.890 2
-17.069 2.000 17.600 210 215 220 0.890 2
-17.069 18.000 17.600 210 215 220 0.890 2
-15.690 2.000 17.600 210 215 220 0.890 2
-15.690 18.000 17.600 210 215 220 0.890 2
-35.000 2.000 17.600 190 195 205 0.880 2
-15.000 2.000 17.600 190 195 205 0.880 2
-35.000 3.391 17.600 190 195 205 0.880 2
-15.000 3.391 17.600 190 195 205 0.880 2
-35.000 4.783 17.600 190 195 205 0.880 2
-15.000 4.783 17.600 190 195 205 0.880 2
-35.000 6.174 17.600 190 195 205 0.880 2
-15.000 6.174 17.600 190 195 205 0.880 2
-35.000 7.565 17.600 190 195 205 0.880 2
-15.000 7.565 17.600 190 195 205 0.880 2
-35.000 8.957 17.600 190 195 205 0.880 2
-15.000 8.957 17.600 190 195 205 0.880 2
-35.000 10.348 17.600 190 195 205 0.880 2
-15.000 10.348 17.600 190 195 205 0.880 2
-35.000 11.739 17.600 190 195 205 0.880 2
-15.000 11.739 17.600 190 195 205 0.880 2
-35.000 13.130 17.600 190 195 205 0.880 2
-15.000 13.130 17.600 190 195 205 0.880 2
-35.000 14.522 17.600 190 195 205 0.880 2
-15.000 14.522 17.600 190 195 205 0.880 2
-35.000 15.913 17.600 190 195 205 0.880 2
-15.000 15.913 17.600 190 195 205 0.880 2
-35.000 17.304 17.600 190 195 205 0.880 2
-15.000 17.304 17.600 190 195 205 0.880 2
-35.000 2.000 18.480 210 215 220 0.890 2
-35.000 18.000 18.480 210 215 220 0.890 2
-33.621 2.000 18.480 210 215 220 0.890 2
-33.621 18.000 18.480 210 215 220 0.890 2
-32.241 2.000 18.480 210 215 220 0.890 2
-32.241 18.000 18.480 210 215 220 0.890 2
-30.862 2.000 18.480 210 215 220 0.890 2
-30.862 18.000 18.480 210 215 220 0.890 2
-29.483 2.000 18.480 210 215 220 0.890 2
-29.483 18.000 18.480 210 215 220 0.890 2
-28.103 2.000 18.480 210 215 220 0.890 2
-28.103 18.000 18.480 210 215 220 0.890 2
-26.724 2.000 18.480 210 215 220 0.890 2
-26.724 18.000 18.480 210 215 220 0.890 2
-25.345 2.000 18.480 210 215 220 0.890 2
-25.345 18.000 18.480 210 215 220 0.890 2
-23.966 2.000 18.480 210 215 220 0.890 2
-23.966 18.000 18.480 210 215 220 0.890 2
-22.586 2.000 18.480 210 215 220 0.890 2
-22.586 18.000 18.480 210 215 220 0.890 2
-21.207 2.000 18.480 210 215 220 0.890 2
-21.207 18.000 18.480 210 215 220 0.890 2
-19.828 2.000 18.480 210 215 220 0.890 2
-19.828 18.000 18.480 210 215 220 0.890 2
-18.448 2.000 18.480 210 215 220 0.890 2
-18.448 18.000 18.480 210 215 220 0.890 2
-17.069 2.000 18.480 210 215 220 0.890 2
-17.069 18.000 18.480 210 215 220 0.890 2
-15.690 2.000 18.480 210 215 220 0.890 2
-15.690 18.000 18.480 210 215 220 0.890 2
-35.000 2.000 18.480 190 195 205 0.880 2
-15.000 2.000 18.480 190 195 205 0.880 2
-35.000 3.391 18.480 190 195 205 0.880 2
-15.000 3.391 18.480 190 195 205 0.880 2
-35.000 4.783 18.480 190 195 205 0.880 2
-15.000 4.783 18.480 190 195 205 0.880 2
-35.000 6.174 18.480 190 195 205 0.880 2
-15.000 6.174 18.480 190 195 205 0.880 2
-35.000 7.565 18.480 190 195 205 0.880 2
-15.000 7.565 18.480 190 195 205 0.880 2
-35.000 8.957 18.480 190 195 205 0.880 2
-15.000 8.957 18.480 190 195 205 0.880 2
-35.000 10.348 18.480 190 195 205 0.880 2
-15.000 10.348 18.480 190 195 205 0.880 2
-35.000 11.739 18.480 190 195 205 0.880 2
-15.000 11.739 18.480 190 195 205 0.880 2
-35.000 13.130 18.480 190 195 205 0.880 2
-15.000 13.130 18.480 190 195 205 0.880 2
-35.000 14.522 18.480 190 195 205 0.880 2
-15.000 14.522 18.480 190 195 205 0.880 2
-35.000 15.913 18.480 190 195 205 0.880 2
-15.000 15.913 18.480 190 195 205 0.880 2
-35.000 17.304 18.480 190 195 205 0.880 2
-15.000 17.304 18.480 190 195 205 0.880 2
-35.000 2.000 19.360 210 215 220 0.890 2
-35.000 18.000 19.360 210 215 220 0.890 2
-33.621 2.000 19.360 210 215 220 0.890 2
-33.621 18.000 19.360 210 215 220 0.890 2
-32.241 2.000 19.360 210 215 220 0.890 2
-32.241 18.000 19.360 210 215 220 0.890 2
-30.862 2.000 19.360 210 215 220 0.890 2
-30.862 18.000 19.360 210 215 220 0.890 2
-29.483 2.000 19.360 210 215 220 0.890 2
-29.483 18.000 19.360 210 215 220 0.890 2
-28.103 2.000 19.360 210 215 220 0.890 2
-28.103 18.000 19.360 210 215 220 0.890 2
-26.724 2.000 19.360 210 215 220 0.890 2
-26.724 18.000 19.360 210 215 220 0.890 2
-25.345 2.000 19.360 210 215 220 0.890 2
-25.345 18.000 19.360 210 215 220 0.890 2
-23.966 2.000 19.360 210 215 220 0.890 2
-23.966 18.000 19.360 210 215 220 0.890 2
-22.586 2.000 19.360 210 215 220 0.890 2
-22.586 18.000 19.360 210 215 220 0.890 2
-21.207 2.000 19.360 210 215 220 0.890 2
-21.207 18.000 19.360 210 215 220 0.890 2
-19.828 2.000 19.360 210 215 220 0.890 2
-19.828 18.000 19.360 210 215 220 0.890 2
-18.448 2.000 19.360 210 215 220 0.890 2
-18.448 18.000 19.360 210 215 220 0.890 2
-17.069 2.000 19.360 210 215 220 0.890 2
-17.069 18.000 19.360 210 215 220 0.890 2
-15.690 2.000 19.360 210 215 220 0.890 2
-15.690 18.000 19.360 210 215 220 0.890 2
-35.000 2.000 19.360 190 195 205 0.880 2
-15.000 2.000 19.360 190 195 205 0.880 2
-35.000 3.391 19.360 190 195 205 0.880 2
-15.000 3.391 19.360 190 195 205 0.880 2
-35.000 4.783 19.360 190 195 205 0.880 2
-15.000 4.783 19.360 190 195 205 0.880 2
-35.000 6.174 19.360 190 195 205 0.880 2
-15.000 6.174 19.360 190 195 205 0.880 2
-35.000 7.565 19.360 190 195 205 0.880 2
-15.000 7.565 19.360 190 195 205 0.880 2
-35.000 8.957 19.360 190 195 205 0.880 2
-15.000 8.957 19.360 190 195 205 0.880 2
-35.000 10.348 19.360 190 195 205 0.880 2
-15.000 10.348 19.360 190 195 205 0.880 2
-35.000 11.739 19.360 190 195 205 0.880 2
-15.000 11.739 19.360 190 195 205 0.880 2
-35.000 13.130 19.360 190 195 205 0.880 2
-15.000 13.130 19.360 190 195 205 0.880 2
-35.000 14.522 19.360 190 195 205 0.880 2
-15.000 14.522 19.360 190 195 205 0.880 2
-35.000 15.913 19.360 190 195 205 0.880 2
-15.000 15.913 19.360 190 195 205 0.880 2
-35.000 17.304 19.360 190 195 205 0.880 2
-15.000 17.304 19.360 190 195 205 0.880 2
-35.000 2.000 20.240 210 215 220 0.890 2
-35.000 18.000 20.240 210 215 220 0.890 2
-33.621 2.000 20.240 210 215 220 0.890 2
-33.621 18.000 20.240 210 215 220 0.890 2
-32.241 2.000 20.240 210 215 220 0.890 2
-32.241 18.000 20.240 210 215 220 0.890 2
-30.862 2.000 20.240 210 215 220 0.890 2
-30.862 18.000 20.240 210 215 220 0.890 2
-29.483 2.000 20.240 210 215 220 0.890 2
-29.483 18.000 20.240 210 215 220 0.890 2
-28.103 2.000 20.240 210 215 220 0.890 2
-28.103 18.000 20.240 210 215 220 0.890 2
-26.724 2.000 20.240 210 215 220 0.890 2
-26.724 18.000 20.240 210 215 220 0.890 2
-25.345 2.000 20.240 210 215 220 0.890 2
-25.345 18.000 20.240 210 215 220 0.890 2
-23.966 2.000 20.240 210 215 220 0.890 2
-23.966 18.000 20.240 210 215 220 0.890 2
-22.586 2.000 20.240 210 215 220 0.890 2
-22.586 18.000 20.240 210 215 220 0.890 2
-21.207 2.000 20.240 210 215 220 0.890 2
-21.207 18.000 20.240 210 215 220 0.890 2
-19.828 2.000 20.240 210 215 220 0.890 2
-19.828 18.000 20.240 210 215 220 0.890 2
-18.448 2.000 20.240 210 215 220 0.890 2
-18.448 18.000 20.240 210 215 220 0.890 2
-17.069 2.000 20.240 210 215 220 0.890 2
-17.069 18.000 20.240 210 215 220 0.890 2
-15.690 2.000 20.240 210 215 220 0.890 2
-15.690 18.000 20.240 210 215 220 0.890 2
-35.000 2.000 20.240 190 195 205 0.880 2
-15.000 2.000 20.240 190 195 205 0.880 2
-35.000 3.391 20.240 190 195 205 0.880 2
-15.000 3.391 20.240 190 195 205 0.880 2
-35.000 4.783 20.240 190 195 205 0.880 2
-15.000 4.783 20.240 190 195 205 0.880 2
-35.000 6.174 20.240 190 195 205 0.880 2
-15.000 6.174 20.240 190 195 205 0.880 2
-35.000 7.565 20.240 190 195 205 0.880 2
-15.000 7.565 20.240 190 195 205 0.880 2
-35.000 8.957 20.240 190 195 205 0.880 2
-15.000 8.957 20.240 190 195 205 0.880 2
-35.000 10.348 20.240 190 195 205 0.880 2
-15.000 10.348 20.240 190 195 205 0.880 2
-35.000 11.739 20.240 190 195 205 0.880 2
-15.000 11.739 20.240 190 195 205 0.880 2
-35.000 13.130 20.240 190 195 205 0.880 2
-15.000 13.130 20.240 190 195 205 0.880 2
-35.000 14.522 20.240 190 195 205 0.880 2
-15.000 14.522 20.240 190 195 205 0.880 2
-35.000 15.913 20.240 190 195 205 0.880 2
-15.000 15.913 20.240 190 195 205 0.880 2
-35.000 17.304 20.240 190 195 205 0.880 2
-15.000 17.304 20.240 190 195 205 0.880 2
-35.000 2.000 21.120 210 215 220 0.890 2
-35.000 18.000 21.120 210 215 220 0.890 2
-33.621 2.000 21.120 210 215 220 0.890 2
-33.621 18.000 21.120 210 215 220 0.890 2
-32.241 2.000 21.120 210 215 220 0.890 2
-32.241 18.000 21.120 210 215 220 0.890 2
-30.862 2.000 21.120 210 215 220 0.890 2
-30.862 18.000 21.120 210 215 220 0.890 2
-29.483 2.000 21.120 210 215 220 0.890 2
-29.483 18.000 21.120 210 215 220 0.890 2
-28.103 2.000 21.120 210 215 220 0.890 2
-28.103 18.000 21.120 210 215 220 0.890 2
-26.724 2.000 21.120 210 215 220 0.890 2
-26.724 18.000 21.120 210 215 220 0.890 2
-25.345 2.000 21.120 210 215 220 0.890 2
-25.345 18.000 21.120 210 215 220 0.890 2
-23.966 2.000 21.120 210 215 220 0.890 2
-23.966 18.000 21.120 210 215 220 0.890 2
-22.586 2.000 21.120 210 215 220 0.890 2
-22.586 18.000 21.120 210 215 220 0.890 2
-21.207 2.000 21.120 210 215 220 0.890 2
-21.207 18.000 21.120 210 215 220 0.890 2
-19.828 2.000 21.120 210 215 220 0.890 2
-19.828 18.000 21.120 210 215 220 0.890 2
-18.448 2.000 21.120 210 215 220 0.890 2
-18.448 18.000 21.120 210 215 220 0.890 2
-17.069 2.000 21.120 210 215 220 0.890 2
-17.069 18.000 21.120 210 215 220 0.890 2
-15.690 2.000 21.120 210 215 220 0.890 2
-15.690 18.000 21.120 210 215 220 0.890 2
-35.000 2.000 21.120 190 195 205 0.880 2
-15.000 2.000 21.120 190 195 205 0.880 2
-35.000 3.391 21.120 190 195 205 0.880 2
-15.000 3.391 21.120 190 195 205 0.880 2
-35.000 4.783 21.120 190 195 205 0.880 2
-15.000 4.783 21.120 190 195 205 0.880 2
-35.000 6.174 21.120 190 195 205 0.880 2
-15.000 6.174 21.120 190 195 205 0.880 2
-35.000 7.565 21.120 190 195 205 0.880 2
-15.000 7.565 21.120 190 195 205 0.880 2
-35.000 8.957 21.120 190 195 205 0.880 2
-15.000 8.957 21.120 190 195 205 0.880 2
-35.000 10.348 21.120 190 195 205 0.880 2
-15.000 10.348 21.120 190 195 205 0.880 2
-35.000 11.739 21.120 190 195 205 0.880 2
-15.000 11.739 21.120 190 195 205 0.880 2
-35.000 13.130 21.120 190 195 205 0.880 2
-15.000 13.130 21.120 190 195 205 0.880 2
-35.000 14.522 21.120 190 195 205 0.880 2
-15.000 14.522 21.120 190 195 205 0.880 2
-35.000 15.913 21.120 190 195 205 0.880 2
-15.000 15.913 21.120 190 195 205 0.880 2
-35.000 17.304 21.120 190 195 205 0.880 2
-15.000 17.304 21.120 190 195 205 0.880 2
-35.000 2.000 22.000 210 215 220 0.890 2
-35.000 18.000 22.000 210 215 220 0.890 2
-33.621 2.000 22.000 210 215 220 0.890 2
-33.621 18.000 22.000 210 215 220 0.890 2
-32.241 2.000 22.000 210 215 220 0.890 2
-32.241 18.000 22.000 210 215 220 0.890 2
-30.862 2.000 22.000 210 215 220 0.890 2
-30.862 18.000 22.000 210 215 220 0.890 2
-29.483 2.000 22.000 210 215 220 0.890 2
-29.483 18.000 22.000 210 215 220 0.890 2
-28.103 2.000 22.000 210 215 220 0.890 2
-28.103 18.000 22.000 210 215 220 0.890 2
-26.724 2.000 22.000 210 215 220 0.890 2
-26.724 18.000 22.000 210 215 220 0.890 2
-25.345 2.000 22.000 210 215 220 0.890 2
-25.345 18.000 22.000 210 215 220 0.890 2
-23.966 2.000 22.000 210 215 220 0.890 2
-23.966 18.000 22.000 210 215 220 0.890 2
-22.586 2.000 22.000 210 215 220 0.890 2
-22.586 18.000 22.000 210 215 220 0.890 2
-21.207 2.000 22.000 210 215 220 0.890 2
-21.207 18.000 22.000 210 215 220 0.890 2
-19.828 2.000 22.000 210 215 220 0.890 2
-19.828 18.000 22.000 210 215 220 0.890 2
-18.448 2.000 22.000 210 215 220 0.890 2
-18.448 18.000 22.000 210 215 220 0.890 2
-17.069 2.000 22.000 210 215 220 0.890 2
-17.069 18.000 22.000 210 215 220 0.890 2
-15.690 2.000 22.000 210 215 220 0.890 2
-15.690 18.000 22.000 210 215 220 0.890 2
-35.000 2.000 22.000 190 195 205 0.880 2
-15.000 2.000 22.000 190 195 205 0.880 2
-35.000 3.391 22.000 190 195 205 0.880 2
-15.000 3.391 22.000 190 195 205 0.880 2
-35.000 4.783 22.000 190 195 205 0.880 2
-15.000 4.783 22.000 190 195 205 0.880 2
-35.000 6.174 22.000 190 195 205 0.880 2
-15.000 6.174 22.000 190 195 205 0.880 2
-35.000 7.565 22.000 190 195 205 0.880 2
-15.000 7.565 22.000 190 195 205 0.880 2
-35.000 8.957 22.000 190 195 205 0.880 2
-15.000 8.957 22.000 190 195 205 0.880 2
-35.000 10.348 22.000 190 195 205 0.880 2
-15.000 10.348 22.000 190 195 205 0.880 2
-35.000 11.739 22.000 190 195 205 0.880 2
-15.000 11.739 22.000 190 195 205 0.880 2
-35.000 13.130 22.000 190 195 205 0.880 2
-15.000 13.130 22.000 190 195 205 0.880 2
-35.000 14.522 22.000 190 195 205 0.880 2
-15.000 14.522 22.000 190 195 205 0.880 2
-35.000 15.913 22.000 190 195 205 0.880 2
-15.000 15.913 22.000 190 195 205 0.880 2
-35.000 17.304 22.000 190 195 205 0.880 2
-15.000 17.304 22.000 190 195 205 0.880 2
6.000 -22.000 16.500 70 130 180 0.960 2
6.692 -22.000 16.500 70 130 180 0.960 2
7.385 -22.000 16.500 70 130 180 0.960 2
8.077 -22.000 16.500 70 130 180 0.960 2
8.769 -22.000 16.500 70 130 180 0.960 2
9.462 -22.000 16.500 70 130 180 0.960 2
10.154 -22.000 16.500 70 130 180 0.960 2
10.846 -22.000 16.500 70 130 180 0.960 2
11.538 -22.000 16.500 70 130 180 0.960 2
12.231 -22.000 16.500 70 130 180 0.960 2
12.923 -22.000 16.500 70 130 180 0.960 2
13.615 -22.000 16.500 70 130 180 0.960 2
14.308 -22.000 16.500 70 130 180 0.960 2
15.000 -22.000 16.500 70 130 180 0.960 2
15.692 -22.000 16.500 70 130 180 0.960 2
16.385 -22.000 16.500 70 130 180 0.960 2
17.077 -22.000 16.500 70 130 180 0.960 2
17.769 -22.000 16.500 70 130 180 0.960 2
18.462 -22.000 16.500 70 130 180 0.960 2
19.154 -22.000 16.500 70 130 180 0.960 2
19.846 -22.000 16.500 70 130 180 0.960 2
20.538 -22.000 16.500 70 130 180 0.960 2
21.231 -22.000 16.500 70 130 180 0.960 2
21.923 -22.000 16.500 70 130 180 0.960 2
22.615 -22.000 16.500 70 130 180 0.960 2
23.308 -22.000 16.500 70 130 180 0.960 2
24.000 -22.000 16.500 70 130 180 0.960 2
6.000 -21.300 16.500 70 130 180 0.960 2
6.692 -21.300 16.500 70 130 180 0.960 2
7.385 -21.300 16.500 70 130 180 0.960 2
8.077 -21.300 16.500 70 130 180 0.960 2
8.769 -21.300 16.500 70 130 180 0.960 2
9.462 -21.300 16.500 70 130 180 0.960 2
10.154 -21.300 16.500 70 130 180 0.960 2
10.846 -21.300 16.500 70 130 180 0.960 2
11.538 -21.300 16.500 70 130 180 0.960 2
12.231 -21.300 16.500 70 130 180 0.960 2
12.923 -21.300 16.500 70 130 180 0.960 2
13.615 -21.300 16.500 70 130 180 0.960 2
14.308 -21.300 16.500 70 130 180 0.960 2
15.000 -21.300 16.500 70 130 180 0.960 2
15.692 -21.300 16.500 70 130 180 0.960 2
16.385 -21.300 16.500 70 130 180 0.960 2
17.077 -21.300 16.500 70 130 180 0.960 2
17.769 -21.300 16.500 70 130 180 0.960 2
18.462 -21.300 16.500 70 130 180 0.960 2
19.154 -21.300 16.500 70 130 180 0.960 2
19.846 -21.300 16.500 70 130 180 0.960 2
20.538 -21.300 16.500 70 130 180 0.960 2
21.231 -21.300 16.500 70 130 180 0.960 2
21.923 -21.300 16.500 70 130 180 0.960 2
22.615 -21.300 16.500 70 130 180 0.960 2
23.308 -21.300 16.500 70 130 180 0.960 2
24.000 -21.300 16.500 70 130 180 0.960 2
6.000 -20.600 16.500 70 130 180 0.960 2
6.692 -20.600 16.500 70 130 180 0.960 2
7.385 -20.600 16.500 70 130 180 0.960 2
8.077 -20.600 16.500 70 130 180 0.960 2
8.769 -20.600 16.500 70 130 180 0.960 2
9.462 -20.600 16.500 70 130 180 0.960 2
10.154 -20.600 16.500 70 130 180 0.960 2
10.846 -20.600 16.500 70 130 180 0.960 2
11.538 -20.600 16.500 70 130 180 0.960 2
12.231 -20.600 16.500 70 130 180 0.960 2
12.923 -20.600 16.500 70 130 180 0.960 2
13.615 -20.600 16.500 70 130 180 0.960 2
14.308 -20.600 16.500 70 130 180 0.960 2
15.000 -20.600 16.500 70 130 180 0.960 2
15.692 -20.600 16.500 70 130 180 0.960 2
16.385 -20.600 16.500 70 130 180 0.960 2
17.077 -20.600 16.500 70 130 180 0.960 2
17.769 -20.600 16.500 70 130 180 0.960 2
18.462 -20.600 16.500 70 130 180 0.960 2
19.154 -20.600 16.500 70 130 180 0.960 2
19.846 -20.600 16.500 70 130 180 0.960 2
20.538 -20.600 16.500 70 130 180 0.960 2
21.231 -20.600 16.500 70 130 180 0.960 2
21.923 -20.600 16.500 70 130 180 0.960 2
22.615 -20.600 16.500 70 130 180 0.960 2
23.308 -20.600 16.500 70 130 180 0.960 2
24.000 -20.600 16.500 70 130 180 0.960 2
6.000 -19.900 16.500 70 130 180 0.960 2
6.692 -19.900 16.500 70 130 180 0.960 2
7.385 -19.900 16.500 70 130 180 0.960 2
8.077 -19.900 16.500 70 130 180 0.960 2
8.769 -19.900 16.500 70 130 180 0.960 2
9.462 -19.900 16.500 70 130 180 0.960 2
10.154 -19.900 16.500 70 130 180 0.960 2
10.846 -19.900 16.500 70 130 180 0.960 2
11.538 -19.900 16.500 70 130 180 0.960 2
12.231 -19.900 16.500 70 130 180 0.960 2
12.923 -19.900 16.500 70 130 180 0.960 2
13.615 -19.900 16.500 70 130 180 0.960 2
14.308 -19.900 16.500 70 130 180 0.960 2
15.000 -19.900 16.500 70 130 180 0.960 2
15.692 -19.900 16.500 70 130 180 0.960 2
16.385 -19.900 16.500 70 130 180 0.960 2
17.077 -19.900 16.500 70 130 180 0.960 2
17.769 -19.900 16.500 70 130 180 0.960 2
18.462 -19.900 16.500 70 130 180 0.960 2
19.154 -19.900 16.500 70 130 180 0.960 2
19.846 -19.900 16.500 70 130 180 0.960 2
20.538 -19.900 16.500 70 130 180 0.960 2
21.231 -19.900 16.500 70 130 180 0.960 2
21.923 -19.900 16.500 70 130 180 0.960 2
22.615 -19.900 16.500 70 130 180 0.960 2
23.308 -19.900 16.500 70 130 180 0.960 2
24.000 -19.900 16.500 70 130 180 0.960 2
6.000 -19.200 16.500 70 130 180 0.960 2
6.692 -19.200 16.500 70 130 180 0.960 2
7.385 -19.200 16.500 70 130 180 0.960 2
8.077 -19.200 16.500 70 130 180 0.960 2
8.769 -19.200 16.500 70 130 180 0.960 2
9.462 -19.200 16.500 70 130 180 0.960 2
10.154 -19.200 16.500 70 130 180 0.960 2
10.846 -19.200 16.500 70 130 180 0.960 2
11.538 -19.200 16.500 70 130 180 0.960 2
12.231 -19.200 16.500 70 130 180 0.960 2
12.923 -19.200 16.500 70 130 180 0.960 2
13.615 -19.200 16.500 70 130 180 0.960 2
14.308 -19.200 16.500 70 130 180 0.960 2
15.000 -19.200 16.500 70 130 180 0.960 2
15.692 -19.200 16.500 70 130 180 0.960 2
16.385 -19.200 16.500 70 130 180 0.960 2
17.077 -19.200 16.500 70 130 180 0.960 2
17.769 -19.200 16.500 70 130 180 0.960 2
18.462 -19.200 16.500 70 130 180 0.960 2
19.154 -19.200 16.500 70 130 180 0.960 2
19.846 -19.200 16.500 70 130 180 0.960 2
20.538 -19.200 16.500 70 130 180 0.960 2
21.231 -19.200 16.500 70 130 180 0.960 2
21.923 -19.200 16.500 70 130 180 0.960 2
22.615 -19.200 16.500 70 130 180 0.960 2
23.308 -19.200 16.500 70 130 180 0.960 2
24.000 -19.200 16.500 70 130 180 0.960 2
6.000 -18.500 16.500 70 130 180 0.960 2
6.692 -18.500 16.500 70 130 180 0.960 2
7.385 -18.500 16.500 70 130 180 0.960 2
8.077 -18.500 16.500 70 130 180 0.960 2
8.769 -18.500 16.500 70 130 180 0.960 2
9.462 -18.500 16.500 70 130 180 0.960 2
10.154 -18.500 16.500 70 130 180 0.960 2
10.846 -18.500 16.500 70 130 180 0.960 2
11.538 -18.500 16.500 70 130 180 0.960 2
12.231 -18.500 16.500 70 130 180 0.960 2
12.923 -18.500 16.500 70 130 180 0.960 2
13.615 -18.500 16.500 70 130 180 0.960 2
14.308 -18.500 16.500 70 130 180 0.960 2
15.000 -18.500 16.500 70 130 180 0.960 2
15.692 -18.500 16.500 70 130 180 0.960 2
16.385 -18.500 16.500 70 130 180 0.960 2
17.077 -18.500 16.500 70 130 180 0.960 2
17.769 -18.500 16.500 70 130 180 0.960 2
18.462 -18.500 16.500 70 130 180 0.960 2
19.154 -18.500 16.500 70 130 180 0.960 2
19.846 -18.500 16.500 70 130 180 0.960 2
20.538 -18.500 16.500 70 130 180 0.960 2
21.231 -18.500 16.500 70 130 180 0.960 2
21.923 -18.500 16.500 70 130 180 0.960 2
22.615 -18.500 16.500 70 130 180 0.960 2
23.308 -18.500 16.500 70 130 180 0.960 2
24.000 -18.500 16.500 70 130 180 0.960 2
6.000 -17.800 16.500 70 130 180 0.960 2
6.692 -17.800 16.500 70 130 180 0.960 2
7.385 -17.800 16.500 70 130 180 0.960 2
8.077 -17.800 16.500 70 130 180 0.960 2
8.769 -17.800 16.500 70 130 180 0.960 2
9.462 -17.800 16.500 70 130 180 0.960 2
10.154 -17.800 16.500 70 130 180 0.960 2
10.846 -17.800 16.500 70 130 180 0.960 2
11.538 -17.800 16.500 70 130 180 0.960 2
12.231 -17.800 16.500 70 130 180 0.960 2
12.923 -17.800 16.500 70 130 180 0.960 2
13.615 -17.800 16.500 70 130 180 0.960 2
14.308 -17.800 16.500 70 130 180 0.960 2
15.000 -17.800 16.500 70 130 180 0.960 2
15.692 -17.800 16.500 70 130 180 0.960 2
16.385 -17.800 16.500 70 130 180 0.960 2
17.077 -17.800 16.500 70 130 180 0.960 2
17.769 -17.800 16.500 70 130 180 0.960 2
18.462 -17.800 16.500 70 130 180 0.960 2
19.154 -17.800 16.500 70 130 180 0.960 2
19.846 -17.800 16.500 70 130 180 0.960 2
20.538 -17.800 16.500 70 130 180 0.960 2
21.231 -17.800 16.500 70 130 180 0.960 2
21.923 -17.800 16.500 70 130 180 0.960 2
22.615 -17.800 16.500 70 130 180 0.960 2
23.308 -17.800 16.500 70 130 180 0.960 2
24.000 -17.800 16.500 70 130 180 0.960 2
6.000 -17.100 16.500 70 130 180 0.960 2
6.692 -17.100 16.500 70 130 180 0.960 2
7.385 -17.100 16.500 70 130 180 0.960 2
8.077 -17.100 16.500 70 130 180 0.960 2
8.769 -17.100 16.500 70 130 180 0.960 2
9.462 -17.100 16.500 70 130 180 0.960 2
10.154 -17.100 16.500 70 130 180 0.960 2
10.846 -17.100 16.500 70 130 180 0.960 2
11.538 -17.100 16.500 70 130 180 0.960 2
12.231 -17.100 16.500 70 130 180 0.960 2
12.923 -17.100 16.500 70 130 180 0.960 2
13.615 -17.100 16.500 70 130 180 0.960 2
14.308 -17.100 16.500 70 130 180 0.960 2
15.000 -17.100 16.500 70 130 180 0.960 2
15.692 -17.100 16.500 70 130 180 0.960 2
16.385 -17.100 16.500 70 130 180 0.960 2
17.077 -17.100 16.500 70 130 180 0.960 2
17.769 -17.100 16.500 70 130 180 0.960 2
18.462 -17.100 16.500 70 130 180 0.960 2
19.154 -17.100 16.500 70 130 180 0.960 2
19.846 -17.100 16.500 70 130 180 0.960 2
20.538 -17.100 16.500 70 130 180 0.960 2
21.231 -17.100 16.500 70 130 180 0.960 2
21.923 -17.100 16.500 70 130 180 0.960 2
22.615 -17.100 16.500 70 130 180 0.960 2
23.308 -17.100 16.500 70 130 180 0.960 2
24.000 -17.100 16.500 70 130 180 0.960 2
6.000 -16.400 16.500 70 130 180 0.960 2
6.692 -16.400 16.500 70 130 180 0.960 2
7.385 -16.400 16.500 70 130 180 0.960 2
8.077 -16.400 16.500 70 130 180 0.960 2
8.769 -16.400 16.500 70 130 180 0.960 2
9.462 -16.400 16.500 70 130 180 0.960 2
10.154 -16.400 16.500 70 130 180 0.960 2
10.846 -16.400 16.500 70 130 180 0.960 2
11.538 -16.400 16.500 70 130 180 0.960 2
12.231 -16.400 16.500 70 130 180 0.960 2
12.923 -16.400 16.500 70 130 180 0.960 2
13.615 -16.400 16.500 70 130 180 0.960 2
14.308 -16.400 16.500 70 130 180 0.960 2
15.000 -16.400 16.500 70 130 180 0.960 2
15.692 -16.400 16.500 70 130 180 0.960 2
16.385 -16.400 16.500 70 130 180 0.960 2
17.077 -16.400 16.500 70 130 180 0.960 2
17.769 -16.400 16.500 70 130 180 0.960 2
18.462 -16.400 16.500 70 130 180 0.960 2
19.154 -16.400 16.500 70 130 180 0.960 2
19.846 -16.400 16.500 70 130 180 0.960 2
20.538 -16.400 16.500 70 130 180 0.960 2
21.231 -16.400 16.500 70 130 180 0.960 2
21.923 -16.400 16.500 70 130 180 0.960 2
22.615 -16.400 16.500 70 130 180 0.960 2
23.308 -16.400 16.500 70 130 180 0.960 2
24.000 -16.400 16.500 70 130 180 0.960 2
6.000 -15.700 16.500 70 130 180 0.960 2
6.692 -15.700 16.500 70 130 180 0.960 2
7.385 -15.700 16.500 70 130 180 0.960 2
8.077 -15.700 16.500 70 130 180 0.960 2
8.769 -15.700 16.500 70 130 180 0.960 2
9.462 -15.700 16.500 70 130 180 0.960 2
10.154 -15.700 16.500 70 130 180 0.960 2
10.846 -15.700 16.500 70 130 180 0.960 2
11.538 -15.700 16.500 70 130 180 0.960 2
12.231 -15.700 16.500 70 130 180 0.960 2
12.923 -15.700 16.500 70 130 180 0.960 2
13.615 -15.700 16.500 70 130 180 0.960 2
14.308 -15.700 16.500 70 130 180 0.960 2
15.000 -15.700 16.500 70 130 180 0.960 2
15.692 -15.700 16.500 70 130 180 0.960 2
16.385 -15.700 16.500 70 130 180 0.960 2
17.077 -15.700 16.500 70 130 180 0.960 2
17.769 -15.700 16.500 70 130 180 0.960 2
18.462 -15.700 16.500 70 130 180 0.960 2
19.154 -15.700 16.500 70 130 180 0.960 2
19.846 -15.700 16.500 70 130 180 0.960 2
20.538 -15.700 16.500 70 130 180 0.960 2
21.231 -15.700 16.500 70 130 180 0.960 2
21.923 -15.700 16.500 70 130 180 0.960 2
22.615 -15.700 16.500 70 130 180 0.960 2
23.308 -15.700 16.500 70 130 180 0.960 2
24.000 -15.700 16.500 70 130 180 0.960 2
6.000 -15.000 16.500 70 130 180 0.960 2
6.692 -15.000 16.500 70 130 180 0.960 2
7.385 -15.000 16.500 70 130 180 0.960 2
8.077 -15.000 16.500 70 130 180 0.960 2
8.769 -15.000 16.500 70 130 180 0.960 2
9.462 -15.000 16.500 70 130 180 0.960 2
10.154 -15.000 16.500 70 130 180 0.960 2
10.846 -15.000 16.500 70 130 180 0.960 2
11.538 -15.000 16.500 70 130 180 0.960 2
12.231 -15.000 16.500 70 130 180 0.960 2
12.923 -15.000 16.500 70 130 180 0.960 2
13.615 -15.000 16.500 70 130 180 0.960 2
14.308 -15.000 16.500 70 130 180 0.960 2
15.000 -15.000 16.500 70 130 180 0.960 2
15.692 -15.000 16.500 70 130 180 0.960 2
16.385 -15.000 16.500 70 130 180 0.960 2
17.077 -15.000 16.500 70 130 180 0.960 2
17.769 -15.000 16.500 70 130 180 0.960 2
18.462 -15.000 16.500 70 130 180 0.960 2
19.154 -15.000 16.500 70 130 180 0.960 2
19.846 -15.000 16.500 70 130 180 0.960 2
20.538 -15.000 16.500 70 130 180 0.960 2
21.231 -15.000 16.500 70 130 180 0.960 2
21.923 -15.000 16.500 70 130 180 0.960 2
22.615 -15.000 16.500 70 130 180 0.960 2
23.308 -15.000 16.500 70 130 180 0.960 2
24.000 -15.000 16.500 70 130 180 0.960 2
6.000 -14.300 16.500 70 130 180 0.960 2
6.692 -14.300 16.500 70 130 180 0.960 2
7.385 -14.300 16.500 70 130 180 0.960 2
8.077 -14.300 16.500 70 130 180 0.960 2
8.769 -14.300 16.500 70 130 180 0.960 2
9.462 -14.300 16.500 70 130 180 0.960 2
10.154 -14.300 16.500 70 130 180 0.960 2
10.846 -14.300 16.500 70 130 180 0.960 2
11.538 -14.300 16.500 70 130 180 0.960 2
12.231 -14.300 16.500 70 130 180 0.960 2
12.923 -14.300 16.500 70 130 180 0.960 2
13.615 -14.300 16.500 70 130 180 0.960 2
14.308 -14.300 16.500 70 130 180 0.960 2
15.000 -14.300 16.500 70 130 180 0.960 2
15.692 -14.300 16.500 70 130 180 0.960 2
16.385 -14.300 16.500 70 130 180 0.960 2
17.077 -14.300 16.500 70 130 180 0.960 2
17.769 -14.300 16.500 70 130 180 0.960 2
18.462 -14.300 16.500 70 130 180 0.960 2
19.154 -14.300 16.500 70 130 180 0.960 2
19.846 -14.300 16.500 70 130 180 0.960 2
20.538 -14.300 16.500 70 130 180 0.960 2
21.231 -14.300 16.500 70 130 180 0.960 2
21.923 -14.300 16.500 70 130 180 0.960 2
22.615 -14.300 16.500 70 130 180 0.960 2
23.308 -14.300 16.500 70 130 180 0.960 2
24.000 -14.300 16.500 70 130 180 0.960 2
6.000 -13.600 16.500 70 130 180 0.960 2
6.692 -13.600 16.500 70 130 180 0.960 2
7.385 -13.600 16.500 70 130 180 0.960 2
8.077 -13.600 16.500 70 130 180 0.960 2
8.769 -13.600 16.500 70 130 180 0.960 2
9.462 -13.600 16.500 70 130 180 0.960 2
10.154 -13.600 16.500 70 130 180 0.960 2
10.846 -13.600 16.500 70 130 180 0.960 2
11.538 -13.600 16.500 70 130 180 0.960 2
12.231 -13.600 16.500 70 130 180 0.960 2
12.923 -13.600 16.500 70 130 180 0.960 2
13.615 -13.600 16.500 70 130 180 0.960 2
14.308 -13.600 16.500 70 130 180 0.960 2
15.000 -13.600 16.500 70 130 180 0.960 2
15.692 -13.600 16.500 70 130 180 0.960 2
16.385 -13.600 16.500 70 130 180 0.960 2
17.077 -13.600 16.500 70 130 180 0.960 2
17.769 -13.600 16.500 70 130 180 0.960 2
18.462 -13.600 16.500 70 130 180 0.960 2
19.154 -13.600 16.500 70 130 180 0.960 2
19.846 -13.600 16.500 70 130 180 0.960 2
20.538 -13.600 16.500 70 130 180 0.960 2
21.231 -13.600 16.500 70 130 180 0.960 2
21.923 -13.600 16.500 70 130 180 0.960 2
22.615 -13.600 16.500 70 130 180 0.960 2
23.308 -13.600 16.500 70 130 180 0.960 2
24.000 -13.600 16.500 70 130 180 0.960 2
6.000 -12.900 16.500 70 130 180 0.960 2
6.692 -12.900 16.500 70 130 180 0.960 2
7.385 -12.900 16.500 70 130 180 0.960 2
8.077 -12.900 16.500 70 130 180 0.960 2
8.769 -12.900 16.500 70 130 180 0.960 2
9.462 -12.900 16.500 70 130 180 0.960 2
10.154 -12.900 16.500 70 130 180 0.960 2
10.846 -12.900 16.500 70 130 180 0.960 2
11.538 -12.900 16.500 70 130 180 0.960 2
12.231 -12.900 16.500 70 130 180 0.960 2
12.923 -12.900 16.500 70 130 180 0.960 2
13.615 -12.900 16.500 70 130 180 0.960 2
14.308 -12.900 16.500 70 130 180 0.960 2
15.000 -12.900 16.500 70 130 180 0.960 2
15.692 -12.900 16.500 70 130 180 0.960 2
16.385 -12.900 16.500 70 130 180 0.960 2
17.077 -12.900 16.500 70 130 180 0.960 2
17.769 -12.900 16.500 70 130 180 0.960 2
18.462 -12.900 16.500 70 130 180 0.960 2
19.154 -12.900 16.500 70 130 180 0.960 2
19.846 -12.900 16.500 70 130 180 0.960 2
20.538 -12.900 16.500 70 130 180 0.960 2
21.231 -12.900 16.500 70 130 180 0.960 2
21.923 -12.900 16.500 70 130 180 0.960 2
22.615 -12.900 16.500 70 130 180 0.960 2
23.308 -12.900 16.500 70 130 180 0.960 2
24.000 -12.900 16.500 70 130 180 0.960 2
6.000 -12.200 16.500 70 130 180 0.960 2
6.692 -12.200 16.500 70 130 180 0.960 2
7.385 -12.200 16.500 70 130 180 0.960 2
8.077 -12.200 16.500 70 130 180 0.960 2
8.769 -12.200 16.500 70 130 180 0.960 2
9.462 -12.200 16.500 70 130 180 0.960 2
10.154 -12.200 16.500 70 130 180 0.960 2
10.846 -12.200 16.500 70 130 180 0.960 2
11.538 -12.200 16.500 70 130 180 0.960 2
12.231 -12.200 16.500 70 130 180 0.960 2
12.923 -12.200 16.500 70 130 180 0.960 2
13.615 -12.200 16.500 70 130 180 0.960 2
14.308 -12.200 16.500 70 130 180 0.960 2
15.000 -12.200 16.500 70 130 180 0.960 2
15.692 -12.200 16.500 70 130 180 0.960 2
16.385 -12.200 16.500 70 130 180 0.960 2
17.077 -12.200 16.500 70 130 180 0.960 2
17.769 -12.200 16.500 70 130 180 0.960 2
18.462 -12.200 16.500 70 130 180 0.960 2
19.154 -12.200 16.500 70 130 180 0.960 2
19.846 -12.200 16.500 70 130 180 0.960 2
20.538 -12.200 16.500 70 130 180 0.960 2
21.231 -12.200 16.500 70 130 180 0.960 2
21.923 -12.200 16.500 70 130 180 0.960 2
22.615 -12.200 16.500 70 130 180 0.960 2
23.308 -12.200 16.500 70 130 180 0.960 2
24.000 -12.200 16.500 70 130 180 0.960 2
6.000 -11.500 16.500 70 130 180 0.960 2
6.692 -11.500 16.500 70 130 180 0.960 2
7.385 -11.500 16.500 70 130 180 0.960 2
8.077 -11.500 16.500 70 130 180 0.960 2
8.769 -11.500 16.500 70 130 180 0.960 2
9.462 -11.500 16.500 70 130 180 0.960 2
10.154 -11.500 16.500 70 130 180 0.960 2
10.846 -11.500 16.500 70 130 180 0.960 2
11.538 -11.500 16.500 70 130 180 0.960 2
12.231 -11.500 16.500 70 130 180 0.960 2
12.923 -11.500 16.500 70 130 180 0.960 2
13.615 -11.500 16.500 70 130 180 0.960 2
14.308 -11.500 16.500 70 130 180 0.960 2
15.000 -11.500 16.500 70 130 180 0.960 2
15.692 -11.500 16.500 70 130 180 0.960 2
16.385 -11.500 16.500 70 130 180 0.960 2
17.077 -11.500 16.500 70 130 180 0.960 2
17.769 -11.500 16.500 70 130 180 0.960 2
18.462 -11.500 16.500 70 130 180 0.960 2
19.154 -11.500 16.500 70 130 180 0.960 2
19.846 -11.500 16.500 70 130 180 0.960 2
20.538 -11.500 16.500 70 130 180 0.960 2
21.231 -11.500 16.500 70 130 180 0.960 2
21.923 -11.500 16.500 70 130 180 0.960 2
22.615 -11.500 16.500 70 130 180 0.960 2
23.308 -11.500 16.500 70 130 180 0.960 2
24.000 -11.500 16.500 70 130 180 0.960 2
6.000 -10.800 16.500 70 130 180 0.960 2
6.692 -10.800 16.500 70 130 180 0.960 2
7.385 -10.800 16.500 70 130 180 0.960 2
8.077 -10.800 16.500 70 130 180 0.960 2
8.769 -10.800 16.500 70 130 180 0.960 2
9.462 -10.800 16.500 70 130 180 0.960 2
10.154 -10.800 16.500 70 130 180 0.960 2
10.846 -10.800 16.500 70 130 180 0.960 2
11.538 -10.800 16.500 70 130 180 0.960 2
12.231 -10.800 16.500 70 130 180 0.960 2
12.923 -10.800 16.500 70 130 180 0.960 2
13.615 -10.800 16.500 70 130 180 0.960 2
14.308 -10.800 16.500 70 130 180 0.960 2
15.000 -10.800 16.500 70 130 180 0.960 2
15.692 -10.800 16.500 70 130 180 0.960 2
16.385 -10.800 16.500 70 130 180 0.960 2
17.077 -10.800 16.500 70 130 180 0.960 2
17.769 -10.800 16.500 70 130 180 0.960 2
18.462 -10.800 16.500 70 130 180 0.960 2
19.154 -10.800 16.500 70 130 180 0.960 2
19.846 -10.800 16.500 70 130 180 0.960 2
20.538 -10.800 16.500 70 130 180 0.960 2
21.231 -10.800 16.500 70 130 180 0.960 2
21.923 -10.800 16.500 70 130 180 0.960 2
22.615 -10.800 16.500 70 130 180 0.960 2
23.308 -10.800 16.500 70 130 180 0.960 2
24.000 -10.800 16.500 70 130 180 0.960 2
6.000 -10.100 16.500 70 130 180 0.960 2
6.692 -10.100 16.500 70 130 180 0.960 2
7.385 -10.100 16.500 70 130 180 0.960 2
8.077 -10.100 16.500 70 130 180 0.960 2
8.769 -10.100 16.500 70 130 180 0.960 2
9.462 -10.100 16.500 70 130 180 0.960 2
10.154 -10.100 16.500 70 130 180 0.960 2
10.846 -10.100 16.500 70 130 180 0.960 2
11.538 -10.100 16.500 70 130 180 0.960 2
12.231 -10.100 16.500 70 130 180 0.960 2
12.923 -10.100 16.500 70 130 180 0.960 2
13.615 -10.100 16.500 70 130 180 0.960 2
14.308 -10.100 16.500 70 130 180 0.960 2
15.000 -10.100 16.500 70 130 180 0.960 2
15.692 -10.100 16.500 70 130 180 0.960 2
16.385 -10.100 16.500 70 130 180 0.960 2
17.077 -10.100 16.500 70 130 180 0.960 2
17.769 -10.100 16.500 70 130 180 0.960 2
18.462 -10.100 16.500 70 130 180 0.960 2
19.154 -10.100 16.500 70 130 180 0.960 2
19.846 -10.100 16.500 70 130 180 0.960 2
20.538 -10.100 16.500 70 130 180 0.960 2
21.231 -10.100 16.500 70 130 180 0.960 2
21.923 -10.100 16.500 70 130 180 0.960 2
22.615 -10.100 16.500 70 130 180 0.960 2
23.308 -10.100 16.500 70 130 180 0.960 2
24.000 -10.100 16.500 70 130 180 0.960 2
6.000 -9.400 16.500 70 130 180 0.960 2
6.692 -9.400 16.500 70 130 180 0.960 2
7.385 -9.400 16.500 70 130 180 0.960 2
8.077 -9.400 16.500 70 130 180 0.960 2
8.769 -9.400 16.500 70 130 180 0.960 2
9.462 -9.400 16.500 70 130 180 0.960 2
10.154 -9.400 16.500 70 130 180 0.960 2
10.846 -9.400 16.500 70 130 180 0.960 2
11.538 -9.400 16.500 70 130 180 0.960 2
12.231 -9.400 16.500 70 130 180 0.960 2
12.923 -9.400 16.500 70 130 180 0.960 2
13.615 -9.400 16.500 70 130 180 0.960 2
14.308 -9.400 16.500 70 130 180 0.960 2
15.000 -9.400 16.500 70 130 180 0.960 2
15.692 -9.400 16.500 70 130 180 0.960 2
16.385 -9.400 16.500 70 130 180 0.960 2
17.077 -9.400 16.500 70 130 180 0.960 2
17.769 -9.400 16.500 70 130 180 0.960 2
18.462 -9.400 16.500 70 130 180 0.960 2
19.154 -9.400 16.500 70 130 180 0.960 2
19.846 -9.400 16.500 70 130 180 0.960 2
20.538 -9.400 16.500 70 130 180 0.960 2
21.231 -9.400 16.500 70 130 180 0.960 2
21.923 -9.400 16.500 70 130 180 0.960 2
22.615 -9.400 16.500 70 130 180 0.960 2
23.308 -9.400 16.500 70 130 180 0.960 2
24.000 -9.400 16.500 70 130 180 0.960 2
6.000 -8.700 16.500 70 130 180 0.960 2
6.692 -8.700 16.500 70 130 180 0.960 2
7.385 -8.700 16.500 70 130 180 0.960 2
8.077 -8.700 16.500 70 130 180 0.960 2
8.769 -8.700 16.500 70 130 180 0.960 2
9.462 -8.700 16.500 70 130 180 0.960 2
10.154 -8.700 16.500 70 130 180 0.960 2
10.846 -8.700 16.500 70 130 180 0.960 2
11.538 -8.700 16.500 70 130 180 0.960 2
12.231 -8.700 16.500 70 130 180 0.960 2
12.923 -8.700 16.500 70 130 180 0.960 2
13.615 -8.700 16.500 70 130 180 0.960 2
14.308 -8.700 16.500 70 130 180 0.960 2
15.000 -8.700 16.500 70 130 180 0.960 2
15.692 -8.700 16.500 70 130 180 0.960 2
16.385 -8.700 16.500 70 130 180 0.960 2
17.077 -8.700 16.500 70 130 180 0.960 2
17.769 -8.700 16.500 70 130 180 0.960 2
18.462 -8.700 16.500 70 130 180 0.960 2
19.154 -8.700 16.500 70 130 180 0.960 2
19.846 -8.700 16.500 70 130 180 0.960 2
20.538 -8.700 16.500 70 130 180 0.960 2
21.231 -8.700 16.500 70 130 180 0.960 2
21.923 -8.700 16.500 70 130 180 0.960 2
22.615 -8.700 16.500 70 130 180 0.960 2
23.308 -8.700 16.500 70 130 180 0.960 2
24.000 -8.700 16.500 70 130 180 0.960 2
6.000 -8.000 16.500 70 130 180 0.960 2
6.692 -8.000 16.500 70 130 180 0.960 2
7.385 -8.000 16.500 70 130 180 0.960 2
8.077 -8.000 16.500 70 130 180 0.960 2
8.769 -8.000 16.500 70 130 180 0.960 2
9.462 -8.000 16.500 70 130 180 0.960 2
10.154 -8.000 16.500 70 130 180 0.960 2
10.846 -8.000 16.500 70 130 180 0.960 2
11.538 -8.000 16.500 70 130 180 0.960 2
12.231 -8.000 16.500 70 130 180 0.960 2
12.923 -8.000 16.500 70 130 180 0.960 2
13.615 -8.000 16.500 70 130 180 0.960 2
14.308 -8.000 16.500 70 130 180 0.960 2
15.000 -8.000 16.500 70 130 180 0.960 2
15.692 -8.000 16.500 70 130 180 0.960 2
16.385 -8.000 16.500 70 130 180 0.960 2
17.077 -8.000 16.500 70 130 180 0.960 2
17.769 -8.000 16.500 70 130 180 0.960 2
18.462 -8.000 16.500 70 130 180 0.960 2
19.154 -8.000 16.500 70 130 180 0.960 2
19.846 -8.000 16.500 70 130 180 0.960 2
20.538 -8.000 16.500 70 130 180 0.960 2
21.231 -8.000 16.500 70 130 180 0.960 2
21.923 -8.000 16.500 70 130 180 0.960 2
22.615 -8.000 16.500 70 130 180 0.960 2
23.308 -8.000 16.500 70 130 180 0.960 2
24.000 -8.000 16.500 70 130 180 0.960 2
6.000 -22.000 0.000 210 215 220 0.890 2
6.000 -8.000 0.000 210 215 220 0.890 2
7.385 -22.000 0.000 210 215 220 0.890 2
7.385 -8.000 0.000 210 215 220 0.890 2
8.769 -22.000 0.000 210 215 220 0.890 2
8.769 -8.000 0.000 210 215 220 0.890 2
10.154 -22.000 0.000 210 215 220 0.890 2
10.154 -8.000 0.000 210 215 220 0.890 2
11.538 -22.000 0.000 210 215 220 0.890 2
11.538 -8.000 0.000 210 215 220 0.890 2
12.923 -22.000 0.000 210 215 220 0.890 2
12.923 -8.000 0.000 210 215 220 0.890 2
14.308 -22.000 0.000 210 215 220 0.890 2
14.308 -8.000 0.000 210 215 220 0.890 2
15.692 -22.000 0.000 210 215 220 0.890 2
15.692 -8.000 0.000 210 215 220 0.890 2
17.077 -22.000 0.000 210 215 220 0.890 2
17.077 -8.000 0.000 210 215 220 0.890 2
18.462 -22.000 0.000 210 215 220 0.890 2
18.462 -8.000 0.000 210 215 220 0.890 2
19.846 -22.000 0.000 210 215 220 0.890 2
19.846 -8.000 0.000 210 215 220 0.890 2
21.231 -22.000 0.000 210 215 220 0.890 2
21.231 -8.000 0.000 210 215 220 0.890 2
22.615 -22.000 0.000 210 215 220 0.890 2
22.615 -8.000 0.000 210 215 220 0.890 2
24.000 -22.000 0.000 210 215 220 0.890 2
24.000 -8.000 0.000 210 215 220 0.890 2
6.000 -22.000 0.000 190 195 205 0.880 2
24.000 -22.000 0.000 190 195 205 0.880 2
6.000 -20.600 0.000 190 195 205 0.880 2
24.000 -20.600 0.000 190 195 205 0.880 2
6.000 -19.200 0.000 190 195 205 0.880 2
24.000 -19.200 0.000 190 195 205 0.880 2
6.000 -17.800 0.000 190 195 205 0.880 2
24.000 -17.800 0.000 190 195 205 0.880 2
6.000 -16.400 0.000 190 195 205 0.880 2
24.000 -16.400 0.000 190 195 205 0.880 2
6.000 -15.000 0.000 190 195 205 0.880 2
24.000 -15.000 0.000 190 195 205 0.880 2
6.000 -13.600 0.000 190 195 205 0.880 2
24.000 -13.600 0.000 190 195 205 0.880 2
6.000 -12.200 0.000 190 195 205 0.880 2
24.000 -12.200 0.000 190 195 205 0.880 2
6.000 -10.800 0.000 190 195 205 0.880 2
24.000 -10.800 0.000 190 195 205 0.880 2
6.000 -9.400 0.000 190 195 205 0.880 2
24.000 -9.400 0.000 190 195 205 0.880 2
6.000 -8.000 0.000 190 195 205 0.880 2
24.000 -8.000 0.000 190 195 205 0.880 2
6.000 -22.000 0.917 210 215 220 0.890 2
6.000 -8.000 0.917 210 215 220 0.890 2
7.385 -22.000 0.917 210 215 220 0.890 2
7.385 -8.000 0.917 210 215 220 0.890 2
8.769 -22.000 0.917 210 215 220 0.890 2
8.769 -8.000 0.917 210 215 220 0.890 2
10.154 -22.000 0.917 210 215 220 0.890 2
10.154 -8.000 0.917 210 215 220 0.890 2
11.538 -22.000 0.917 210 215 220 0.890 2
11.538 -8.000 0.917 210 215 220 0.890 2
12.923 -22.000 0.917 210 215 220 0.890 2
12.923 -8.000 0.917 210 215 220 0.890 2
14.308 -22.000 0.917 210 215 220 0.890 2
14.308 -8.000 0.917 210 215 220 0.890 2
15.692 -22.000 0.917 210 215 220 0.890 2
15.692 -8.000 0.917 210 215 220 0.890 2
17.077 -22.000 0.917 210 215 220 0.890 2
17.077 -8.000 0.917 210 215 220 0.890 2
18.462 -22.000 0.917 210 215 220 0.890 2
18.462 -8.000 0.917 210 215 220 0.890 2
19.846 -22.000 0.917 210 215 220 0.890 2
19.846 -8.000 0.917 210 215 220 0.890 2
21.231 -22.000 0.917 210 215 220 0.890 2
21.231 -8.000 0.917 210 215 220 0.890 2
22.615 -22.000 0.917 210 215 220 0.890 2
22.615 -8.000 0.917 210 215 220 0.890 2
24.000 -22.000 0.917 210 215 220 0.890 2
24.000 -8.000 0.917 210 215 220 0.890 2
6.000 -22.000 0.917 190 195 205 0.880 2
24.000 -22.000 0.917 190 195 205 0.880 2
6.000 -20.600 0.917 190 195 205 0.880 2
24.000 -20.600 0.917 190 195 205 0.880 2
6.000 -19.200 0.917 190 195 205 0.880 2
24.000 -19.200 0.917 190 195 205 0.880 2
6.000 -17.800 0.917 190 195 205 0.880 2
24.000 -17.800 0.917 190 195 205 0.880 2
6.000 -16.400 0.917 190 195 205 0.880 2
24.000 -16.400 0.917 190 195 205 0.880 2
6.000 -15.000 0.917 190 195 205 0.880 2
24.000 -15.000 0.917 190 195 205 0.880 2
6.000 -13.600 0.917 190 195 205 0.880 2
24.000 -13.600 0.917 190 195 205 0.880 2
6.000 -12.200 0.917 190 195 205 0.880 2
24.000 -12.200 0.917 190 195 205 0.880 2
6.000 -10.800 0.917 190 195 205 0.880 2
24.000 -10.800 0.917 190 195 205 0.880 2
6.000 -9.400 0.917 190 195 205 0.880 2
24.000 -9.400 0.917 190 195 205 0.880 2
6.000 -8.000 0.917 190 195 205 0.880 2
24.000 -8.000 0.917 190 195 205 0.880 2
6.000 -22.000 1.833 210 215 220 0.890 2
6.000 -8.000 1.833 210 215 220 0.890 2
7.385 -22.000 1.833 210 215 220 0.890 2
7.385 -8.000 1.833 210 215 220 0.890 2
8.769 -22.000 1.833 210 215 220 0.890 2
8.769 -8.000 1.833 210 215 220 0.890 2
10.154 -22.000 1.833 210 215 220 0.890 2
10.154 -8.000 1.833 210 215 220 0.890 2
11.538 -22.000 1.833 210 215 220 0.890 2
11.538 -8.000 1.833 210 215 220 0.890 2
12.923 -22.000 1.833 210 215 220 0.890 2
12.923 -8.000 1.833 210 215 220 0.890 2
14.308 -22.000 1.833 210 215 220 0.890 2
14.308 -8.000 1.833 210 215 220 0.890 2
15.692 -22.000 1.833 210 215 220 0.890 2
15.692 -8.000 1.833 210 215 220 0.890 2
17.077 -22.000 1.833 210 215 220 0.890 2
17.077 -8.000 1.833 210 215 220 0.890 2
18.462 -22.000 1.833 210 215 220 0.890 2
18.462 -8.000 1.833 210 215 220 0.890 2
19.846 -22.000 1.833 210 215 220 0.890 2
19.846 -8.000 1.833 210 215 220 0.890 2
21.231 -22.000 1.833 210 215 220 0.890 2
21.231 -8.000 1.833 210 215 220 0.890 2
22.615 -22.000 1.833 210 215 220 0.890 2
22.615 -8.000 1.833 210 215 220 0.890 2
24.000 -22.000 1.833 210 215 220 0.890 2
24.000 -8.000 1.833 210 215 220 0.890 2
6.000 -22.000 1.833 190 195 205 0.880 2
24.000 -22.000 1.833 190 195 205 0.880 2
6.000 -20.600 1.833 190 195 205 0.880 2
24.000 -20.600 1.833 190 195 205 0.880 2
6.000 -19.200 1.833 190 195 205 0.880 2
24.000 -19.200 1.833 190 195 205 0.880 2
6.000 -17.800 1.833 190 195 205 0.880 2
24.000 -17.800 1.833 190 195 205 0.880 2
6.000 -16.400 1.833 190 195 205 0.880 2
24.000 -16.400 1.833 190 195 205 0.880 2
6.000 -15.000 1.833 190 195 205 0.880 2
24.000 -15.000 1.833 190 195 205 0.880 2
6.000 -13.600 1.833 190 195 205 0.880 2
24.000 -13.600 1.833 190 195 205 0.880 2
6.000 -12.200 1.833 190 195 205 0.880 2
24.000 -12.200 1.833 190 195 205 0.880 2
6.000 -10.800 1.833 190 195 205 0.880 2
24.000 -10.800 1.833 190 195 205 0.880 2
6.000 -9.400 1.833 190 195 205 0.880 2
24.000 -9.400 1.833 190 195 205 0.880 2
6.000 -8.000 1.833 190 195 205 0.880 2
24.000 -8.000 1.833 190 195 205 0.880 2
6.000 -22.000 2.750 210 215 220 0.890 2
6.000 -8.000 2.750 210 215 220 0.890 2
7.385 -22.000 2.750 210 215 220 0.890 2
7.385 -8.000 2.750 210 215 220 0.890 2
8.769 -22.000 2.750 210 215 220 0.890 2
8.769 -8.000 2.750 210 215 220 0.890 2
10.154 -22.000 2.750 210 215 220 0.890 2
10.154 -8.000 2.750 210 215 220 0.890 2
11.538 -22.000 2.750 210 215 220 0.890 2
11.538 -8.000 2.750 210 215 220 0.890 2
12.923 -22.000 2.750 210 215 220 0.890 2
12.923 -8.000 2.750 210 215 220 0.890 2
14.308 -22.000 2.750 210 215 220 0.890 2
14.308 -8.000 2.750 210 215 220 0.890 2
15.692 -22.000 2.750 210 215 220 0.890 2
15.692 -8.000 2.750 210 215 220 0.890 2
17.077 -22.000 2.750 210 215 220 0.890 2
17.077 -8.000 2.750 210 215 220 0.890 2
18.462 -22.000 2.750 210 215 220 0.890 2
18.462 -8.000 2.750 210 215 220 0.890 2
19.846 -22.000 2.750 210 215 220 0.890 2
19.846 -8.000 2.750 210 215 220 0.890 2
21.231 -22.000 2.750 210 215 220 0.890 2
21.231 -8.000 2.750 210 215 220 0.890 2
22.615 -22.000 2.750 210 215 220 0.890 2
22.615 -8.000 2.750 210 215 220 0.890 2
24.000 -22.000 2.750 210 215 220 0.890 2
24.000 -8.000 2.750 210 215 220 0.890 2
6.000 -22.000 2.750 190 195 205 0.880 2
24.000 -22.000 2.750 190 195 205 0.880 2
6.000 -20.600 2.750 190 195 205 0.880 2
24.000 -20.600 2.750 190 195 205 0.880 2
6.000 -19.200 2.750 190 195 205 0.880 2
24.000 -19.200 2.750 190 195 205 0.880 2
6.000 -17.800 2.750 190 195 205 0.880 2
24.000 -17.800 2.750 190 195 205 0.880 2
6.000 -16.400 2.750 190 195 205 0.880 2
24.000 -16.400 2.750 190 195 205 0.880 2
6.000 -15.000 2.750 190 195 205 0.880 2
24.000 -15.000 2.750 190 195 205 0.880 2
6.000 -13.600 2.750 190 195 205 0.880 2
24.000 -13.600 2.750 190 195 205 0.880 2
6.000 -12.200 2.750 190 195 205 0.880 2
24.000 -12.200 2.750 190 195 205 0.880 2
6.000 -10.800 2.750 190 195 205 0.880 2
24.000 -10.800 2.750 190 195 205 0.880 2
6.000 -9.400 2.750 190 195 205 0.880 2
24.000 -9.400 2.750 190 195 205 0.880 2
6.000 -8.000 2.750 190 195 205 0.880 2
24.000 -8.000 2.750 190 195 205 0.880 2
6.000 -22.000 3.667 210 215 220 0.890 2
6.000 -8.000 3.667 210 215 220 0.890 2
7.385 -22.000 3.667 210 215 220 0.890 2
7.385 -8.000 3.667 210 215 220 0.890 2
8.769 -22.000 3.667 210 215 220 0.890 2
8.769 -8.000 3.667 210 215 220 0.890 2
10.154 -22.000 3.667 210 215 220 0.890 2
10.154 -8.000 3.667 210 215 220 0.890 2
11.538 -22.000 3.667 210 215 220 0.890 2
11.538 -8.000 3.667 210 215 220 0.890 2
12.923 -22.000 3.667 210 215 220 0.890 2
12.923 -8.000 3.667 210 215 220 0.890 2
14.308 -22.000 3.667 210 215 220 0.890 2
14.308 -8.000 3.667 210 215 220 0.890 2
15.692 -22.000 3.667 210 215 220 0.890 2
15.692 -8.000 3.667 210 215 220 0.890 2
17.077 -22.000 3.667 210 215 220 0.890 2
17.077 -8.000 3.667 210 215 220 0.890 2
18.462 -22.000 3.667 210 215 220 0.890 2
18.462 -8.000 3.667 210 215 220 0.890 2
19.846 -22.000 3.667 210 215 220 0.890 2
19.846 -8.000 3.667 210 215 220 0.890 2
21.231 -22.000 3.667 210 215 220 0.890 2
21.231 -8.000 3.667 210 215 220 0.890 2
22.615 -22.000 3.667 210 215 220 0.890 2
22.615 -8.000 3.667 210 215 220 0.890 2
24.000 -22.000 3.667 210 215 220 0.890 2
24.000 -8.000 3.667 210 215 220 0.890 2
6.000 -22.000 3.667 190 195 205 0.880 2
24.000 -22.000 3.667 190 195 205 0.880 2
6.000 -20.600 3.667 190 195 205 0.880 2
24.000 -20.600 3.667 190 195 205 0.880 2
6.000 -19.200 3.667 190 195 205 0.880 2
24.000 -19.200 3.667 190 195 205 0.880 2
6.000 -17.800 3.667 190 195 205 0.880 2
24.000 -17.800 3.667 190 195 205 0.880 2
6.000 -16.400 3.667 190 195 205 0.880 2
24.000 -16.400 3.667 190 195 205 0.880 2
6.000 -15.000 3.667 190 195 205 0.880 2
24.000 -15.000 3.667 190 195 205 0.880 2
6.000 -13.600 3.667 190 195 205 0.880 2
24.000 -13.600 3.667 190 195 205 0.880 2
6.000 -12.200 3.667 190 195 205 0.880 2
24.000 -12.200 3.667 190 195 205 0.880 2
6.000 -10.800 3.667 190 195 205 0.880 2
24.000 -10.800 3.667 190 195 205 0.880 2
6.000 -9.400 3.667 190 195 205 0.880 2
24.000 -9.400 3.667 190 195 205 0.880 2
6.000 -8.000 3.667 190 195 205 0.880 2
24.000 -8.000 3.667 190 195 205 0.880 2
6.000 -22.000 4.583 210 215 220 0.890 2
6.000 -8.000 4.583 210 215 220 0.890 2
7.385 -22.000 4.583 210 215 220 0.890 2
7.385 -8.000 4.583 210 215 220 0.890 2
8.769 -22.000 4.583 210 215 220 0.890 2
8.769 -8.000 4.583 210 215 220 0.890 2
10.154 -22.000 4.583 210 215 220 0.890 2
10.154 -8.000 4.583 210 215 220 0.890 2
11.538 -22.000 4.583 210 215 220 0.890 2
11.538 -8.000 4.583 210 215 220 0.890 2
12.923 -22.000 4.583 210 215 220 0.890 2
12.923 -8.000 4.583 210 215 220 0.890 2
14.308 -22.000 4.583 210 215 220 0.890 2
14.308 -8.000 4.583 210 215 220 0.890 2
15.692 -22.000 4.583 210 215 220 0.890 2
15.692 -8.000 4.583 210 215 220 0.890 2
17.077 -22.000 4.583 210 215 220 0.890 2
17.077 -8.000 4.583 210 215 220 0.890 2
18.462 -22.000 4.583 210 215 220 0.890 2
18.462 -8.000 4.583 210 215 220 0.890 2
19.846 -22.000 4.583 210 215 220 0.890 2
19.846 -8.000 4.583 210 215 220 0.890 2
21.231 -22.000 4.583 210 215 220 0.890 2
21.231 -8.000 4.583 210 215 220 0.890 2
22.615 -22.000 4.583 210 215 220 0.890 2
22.615 -8.000 4.583 210 215 220 0.890 2
24.000 -22.000 4.583 210 215 220 0.890 2
24.000 -8.000 4.583 210 215 220 0.890 2
6.000 -22.000 4.583 190 195 205 0.880 2
24.000 -22.000 4.583 190 195 205 0.880 2
6.000 -20.600 4.583 190 195 205 0.880 2
24.000 -20.600 4.583 190 195 205 0.880 2
6.000 -19.200 4.583 190 195 205 0.880 2
24.000 -19.200 4.583 190 195 205 0.880 2
6.000 -17.800 4.583 190 195 205 0.880 2
24.000 -17.800 4.583 190 195 205 0.880 2
6.000 -16.400 4.583 190 195 205 0.880 2
24.000 -16.400 4.583 190 195 205 0.880 2
6.000 -15.000 4.583 190 195 205 0.880 2
24.000 -15.000 4.583 190 195 205 0.880 2
6.000 -13.600 4.583 190 195 205 0.880 2
24.000 -13.600 4.583 190 195 205 0.880 2
6.000 -12.200 4.583 190 195 205 0.880 2
24.000 -12.200 4.583 190 195 205 0.880 2
6.000 -10.800 4.583 190 195 205 0.880 2
24.000 -10.800 4.583 190 195 205 0.880 2
6.000 -9.400 4.583 190 195 205 0.880 2
24.000 -9.400 4.583 190 195 205 0.880 2
6.000 -8.000 4.583 190 195 205 0.880 2
24.000 -8.000 4.583 190 195 205 0.880 2
6.000 -22.000 5.500 210 215 220 0.890 2
6.000 -8.000 5.500 210 215 220 0.890 2
7.385 -22.000 5.500 210 215 220 0.890 2
7.385 -8.000 5.500 210 215 220 0.890 2
8.769 -22.000 5.500 210 215 220 0.890 2
8.769 -8.000 5.500 210 215 220 0.890 2
10.154 -22.000 5.500 210 215 220 0.890 2
10.154 -8.000 5.500 210 215 220 0.890 2
11.538 -22.000 5.500 210 215 220 0.890 2
11.538 -8.000 5.500 210 215 220 0.890 2
12.923 -22.000 5.500 210 215 220 0.890 2
12.923 -8.000 5.500 210 215 220 0.890 2
14.308 -22.000 5.500 210 215 220 0.890 2
14.308 -8.000 5.500 210 215 220 0.890 2
15.692 -22.000 5.500 210 215 220 0.890 2
15.692 -8.000 5.500 210 215 220 0.890 2
17.077 -22.000 5.500 210 215 220 0.890 2
17.077 -8.000 5.500 210 215 220 0.890 2
18.462 -22.000 5.500 210 215 220 0.890 2
18.462 -8.000 5.500 210 215 220 0.890 2
19.846 -22.000 5.500 210 215 220 0.890 2
19.846 -8.000 5.500 210 215 220 0.890 2
21.231 -22.000 5.500 210 215 220 0.890 2
21.231 -8.000 5.500 210 215 220 0.890 2
22.615 -22.000 5.500 210 215 220 0.890 2
22.615 -8.000 5.500 210 215 220 0.890 2
24.000 -22.000 5.500 210 215 220 0.890 2
24.000 -8.000 5.500 210 215 220 0.890 2
6.000 -22.000 5.500 190 195 205 0.880 2
24.000 -22.000 5.500 190 195 205 0.880 2
6.000 -20.600 5.500 190 195 205 0.880 2
24.000 -20.600 5.500 190 195 205 0.880 2
6.000 -19.200 5.500 190 195 205 0.880 2
24.000 -19.200 5.500 190 195 205 0.880 2
6.000 -17.800 5.500 190 195 205 0.880 2
24.000 -17.800 5.500 190 195 205 0.880 2
6.000 -16.400 5.500 190 195 205 0.880 2
24.000 -16.400 5.500 190 195 205 0.880 2
6.000 -15.000 5.500 190 195 205 0.880 2
24.000 -15.000 5.500 190 195 205 0.880 2
6.000 -13.600 5.500 190 195 205 0.880 2
24.000 -13.600 5.500 190 195 205 0.880 2
6.000 -12.200 5.500 190 195 205 0.880 2
24.000 -12.200 5.500 190 195 205 0.880 2
6.000 -10.800 5.500 190 195 205 0.880 2
24.000 -10.800 5.500 190 195 205 0.880 2
6.000 -9.400 5.500 190 195 205 0.880 2
24.000 -9.400 5.500 190 195 205 0.880 2
6.000 -8.000 5.500 190 195 205 0.880 2
24.000 -8.000 5.500 190 195 205 0.880 2
6.000 -22.000 6.417 210 215 220 0.890 2
6.000 -8.000 6.417 210 215 220 0.890 2
7.385 -22.000 6.417 210 215 220 0.890 2
7.385 -8.000 6.417 210 215 220 0.890 2
8.769 -22.000 6.417 210 215 220 0.890 2
8.769 -8.000 6.417 210 215 220 0.890 2
10.154 -22.000 6.417 210 215 220 0.890 2
10.154 -8.000 6.417 210 215 220 0.890 2
11.538 -22.000 6.417 210 215 220 0.890 2
11.538 -8.000 6.417 210 215 220 0.890 2
12.923 -22.000 6.417 210 215 220 0.890 2
12.923 -8.000 6.417 210 215 220 0.890 2
14.308 -22.000 6.417 210 215 220 0.890 2
14.308 -8.000 6.417 210 215 220 0.890 2
15.692 -22.000 6.417 210 215 220 0.890 2
15.692 -8.000 6.417 210 215 220 0.890 2
17.077 -22.000 6.417 210 215 220 0.890 2
17.077 -8.000 6.417 210 215 220 0.890 2
18.462 -22.000 6.417 210 215 220 0.890 2
18.462 -8.000 6.417 210 215 220 0.890 2
19.846 -22.000 6.417 210 215 220 0.890 2
19.846 -8.000 6.417 210 215 220 0.890 2
21.231 -22.000 6.417 210 215 220 0.890 2
21.231 -8.000 6.417 210 215 220 0.890 2
22.615 -22.000 6.417 210 215 220 0.890 2
22.615 -8.000 6.417 210 215 220 0.890 2
24.000 -22.000 6.417 210 215 220 0.890 2
24.000 -8.000 6.417 210 215 220 0.890 2
6.000 -22.000 6.417 190 195 205 0.880 2
24.000 -22.000 6.417 190 195 205 0.880 2
6.000 -20.600 6.417 190 195 205 0.880 2
24.000 -20.600 6.417 190 195 205 0.880 2
6.000 -19.200 6.417 190 195 205 0.880 2
24.000 -19.200 6.417 190 195 205 0.880 2
6.000 -17.800 6.417 190 195 205 0.880 2
24.000 -17.800 6.417 190 195 205 0.880 2
6.000 -16.400 6.417 190 195 205 0.880 2
24.000 -16.400 6.417 190 195 205 0.880 2
6.000 -15.000 6.417 190 195 205 0.880 2
24.000 -15.000 6.417 190 195 205 0.880 2
6.000 -13.600 6.417 190 195 205 0.880 2
24.000 -13.600 6.417 190 195 205 0.880 2
6.000 -12.200 6.417 190 195 205 0.880 2
24.000 -12.200 6.417 190 195 205 0.880 2
6.000 -10.800 6.417 190 195 205 0.880 2
24.000 -10.800 6.417 190 195 205 0.880 2
6.000 -9.400 6.417 190 195 205 0.880 2
24.000 -9.400 6.417 190 195 205 0.880 2
6.000 -8.000 6.417 190 195 205 0.880 2
24.000 -8.000 6.417 190 195 205 0.880 2
6.000 -22.000 7.333 210 215 220 0.890 2
6.000 -8.000 7.333 210 215 220 0.890 2
7.385 -22.000 7.333 210 215 220 0.890 2
7.385 -8.000 7.333 210 215 220 0.890 2
8.769 -22.000 7.333 210 215 220 0.890 2
8.769 -8.000 7.333 210 215 220 0.890 2
10.154 -22.000 7.333 210 215 220 0.890 2
10.154 -8.000 7.333 210 215 220 0.890 2
11.538 -22.000 7.333 210 215 220 0.890 2
11.538 -8.000 7.333 210 215 220 0.890 2
12.923 -22.000 7.333 210 215 220 0.890 2
12.923 -8.000 7.333 210 215 220 0.890 2
14.308 -22.000 7.333 210 215 220 0.890 2
14.308 -8.000 7.333 210 215 220 0.890 2
15.692 -22.000 7.333 210 215 220 0.890 2
15.692 -8.000 7.333 210 215 220 0.890 2
17.077 -22.000 7.333 210 215 220 0.890 2
17.077 -8.000 7.333 210 215 220 0.890 2
18.462 -22.000 7.333 210 215 220 0.890 2
18.462 -8.000 7.333 210 215 220 0.890 2
19.846 -22.000 7.333 210 215 220 0.890 2
19.846 -8.000 7.333 210 215 220 0.890 2
21.231 -22.000 7.333 210 215 220 0.890 2
21.231 -8.000 7.333 210 215 220 0.890 2
22.615 -22.000 7.333 210 215 220 0.890 2
22.615 -8.000 7.333 210 215 220 0.890 2
24.000 -22.000 7.333 210 215 220 0.890 2
24.000 -8.000 7.333 210 215 220 0.890 2
6.000 -22.000 7.333 190 195 205 0.880 2
24.000 -22.000 7.333 190 195 205 0.880 2
6.000 -20.600 7.333 190 195 205 0.880 2
24.000 -20.600 7.333 190 195 205 0.880 2
6.000 -19.200 7.333 190 195 205 0.880 2
24.000 -19.200 7.333 190 195 205 0.880 2
6.000 -17.800 7.333 190 195 205 0.880 2
24.000 -17.800 7.333 190 195 205 0.880 2
6.000 -16.400 7.333 190 195 205 0.880 2
24.000 -16.400 7.333 190 195 205 0.880 2
6.000 -15.000 7.333 190 195 205 0.880 2
24.000 -15.000 7.333 190 195 205 0.880 2
6.000 -13.600 7.333 190 195 205 0.880 2
24.000 -13.600 7.333 190 195 205 0.880 2
6.000 -12.200 7.333 190 195 205 0.880 2
24.000 -12.200 7.333 190 195 205 0.880 2
6.000 -10.800 7.333 190 195 205 0.880 2
24.000 -10.800 7.333 190 195 205 0.880 2
6.000 -9.400 7.333 190 195 205 0.880 2
24.000 -9.400 7.333 190 195 205 0.880 2
6.000 -8.000 7.333 190 195 205 0.880 2
24.000 -8.000 7.333 190 195 205 0.880 2
6.000 -22.000 8.250 210 215 220 0.890 2
6.000 -8.000 8.250 210 215 220 0.890 2
7.385 -22.000 8.250 210 215 220 0.890 2
7.385 -8.000 8.250 210 215 220 0.890 2
8.769 -22.000 8.250 210 215 220 0.890 2
8.769 -8.000 8.250 210 215 220 0.890 2
10.154 -22.000 8.250 210 215 220 0.890 2
10.154 -8.000 8.250 210 215 220 0.890 2
11.538 -22.000 8.250 210 215 220 0.890 2
11.538 -8.000 8.250 210 215 220 0.890 2
12.923 -22.000 8.250 210 215 220 0.890 2
12.923 -8.000 8.250 210 215 220 0.890 2
14.308 -22.000 8.250 210 215 220 0.890 2
14.308 -8.000 8.250 210 215 220 0.890 2
15.692 -22.000 8.250 210 215 220 0.890 2
15.692 -8.000 8.250 210 215 220 0.890 2
17.077 -22.000 8.250 210 215 220 0.890 2
17.077 -8.000 8.250 210 215 220 0.890 2
18.462 -22.000 8.250 210 215 220 0.890 2
18.462 -8.000 8.250 210 215 220 0.890 2
19.846 -22.000 8.250 210 215 220 0.890 2
19.846 -8.000 8.250 210 215 220 0.890 2
21.231 -22.000 8.250 210 215 220 0.890 2
21.231 -8.000 8.250 210 215 220 0.890 2
22.615 -22.000 8.250 210 215 220 0.890 2
22.615 -8.000 8.250 210 215 220 0.890 2
24.000 -22.000 8.250 210 215 220 0.890 2
24.000 -8.000 8.250 210 215 220 0.890 2
6.000 -22.000 8.250 190 195 205 0.880 2
24.000 -22.000 8.250 190 195 205 0.880 2
6.000 -20.600 8.250 190 195 205 0.880 2
24.000 -20.600 8.250 190 195 205 0.880 2
6.000 -19.200 8.250 190 195 205 0.880 2
24.000 -19.200 8.250 190 195 205 0.880 2
6.000 -17.800 8.250 190 195 205 0.880 2
24.000 -17.800 8.250 190 195 205 0.880 2
6.000 -16.400 8.250 190 195 205 0.880 2
24.000 -16.400 8.250 190 195 205 0.880 2
6.000 -15.000 8.250 190 195 205 0.880 2
24.000 -15.000 8.250 190 195 205 0.880 2
6.000 -13.600 8.250 190 195 205 0.880 2
24.000 -13.600 8.250 190 195 205 0.880 2
6.000 -12.200 8.250 190 195 205 0.880 2
24.000 -12.200 8.250 190 195 205 0.880 2
6.000 -10.800 8.250 190 195 205 0.880 2
24.000 -10.800 8.250 190 195 205 0.880 2
6.000 -9.400 8.250 190 195 205 0.880 2
24.000 -9.400 8.250 190 195 205 0.880 2
6.000 -8.000 8.250 190 195 205 0.880 2
24.000 -8.000 8.250 190 195 205 0.880 2
6.000 -22.000 9.167 210 215 220 0.890 2
6.000 -8.000 9.167 210 215 220 0.890 2
7.385 -22.000 9.167 210 215 220 0.890 2
7.385 -8.000 9.167 210 215 220 0.890 2
8.769 -22.000 9.167 210 215 220 0.890 2
8.769 -8.000 9.167 210 215 220 0.890 2
10.154 -22.000 9.167 210 215 220 0.890 2
10.154 -8.000 9.167 210 215 220 0.890 2
11.538 -22.000 9.167 210 215 220 0.890 2
11.538 -8.000 9.167 210 215 220 0.890 2
12.923 -22.000 9.167 210 215 220 0.890 2
12.923 -8.000 9.167 210 215 220 0.890 2
14.308 -22.000 9.167 210 215 220 0.890 2
14.308 -8.000 9.167 210 215 220 0.890 2
15.692 -22.000 9.167 210 215 220 0.890 2
15.692 -8.000 9.167 210 215 220 0.890 2
17.077 -22.000 9.167 210 215 220 0.890 2
17.077 -8.000 9.167 210 215 220 0.890 2
18.462 -22.000 9.167 210 215 220 0.890 2
18.462 -8.000 9.167 210 215 220 0.890 2
19.846 -22.000 9.167 210 215 220 0.890 2
19.846 -8.000 9.167 210 215 220 0.890 2
21.231 -22.000 9.167 210 215 220 0.890 2
21.231 -8.000 9.167 210 215 220 0.890 2
22.615 -22.000 9.167 210 215 220 0.890 2
22.615 -8.000 9.167 210 215 220 0.890 2
24.000 -22.000 9.167 210 215 220 0.890 2
24.000 -8.000 9.167 210 215 220 0.890 2
6.000 -22.000 9.167 190 195 205 0.880 2
24.000 -22.000 9.167 190 195 205 0.880 2
6.000 -20.600 9.167 190 195 205 0.880 2
24.000 -20.600 9.167 190 195 205 0.880 2
6.000 -19.200 9.167 190 195 205 0.880 2
24.000 -19.200 9.167 190 195 205 0.880 2
6.000 -17.800 9.167 190 195 205 0.880 2
24.000 -17.800 9.167 190 195 205 0.880 2
6.000 -16.400 9.167 190 195 205 0.880 2
24.000 -16.400 9.167 190 195 205 0.880 2
6.000 -15.000 9.167 190 195 205 0.880 2
24.000 -15.000 9.167 190 195 205 0.880 2
6.000 -13.600 9.167 190 195 205 0.880 2
24.000 -13.600 9.167 190 195 205 0.880 2
6.000 -12.200 9.167 190 195 205 0.880 2
24.000 -12.200 9.167 190 195 205 0.880 2
6.000 -10.800 9.167 190 195 205 0.880 2
24.000 -10.800 9.167 190 195 205 0.880 2
6.000 -9.400 9.167 190 195 205 0.880 2
24.000 -9.400 9.167 190 195 205 0.880 2
6.000 -8.000 9.167 190 195 205 0.880 2
24.000 -8.000 9.167 190 195 205 0.880 2
6.000 -22.000 10.083 210 215 220 0.890 2
6.000 -8.000 10.083 210 215 220 0.890 2
7.385 -22.000 10.083 210 215 220 0.890 2
7.385 -8.000 10.083 210 215 220 0.890 2
8.769 -22.000 10.083 210 215 220 0.890 2
8.769 -8.000 10.083 210 215 220 0.890 2
10.154 -22.000 10.083 210 215 220 0.890 2
10.154 -8.000 10.083 210 215 220 0.890 2
11.538 -22.000 10.083 210 215 220 0.890 2
11.538 -8.000 10.083 210 215 220 0.890 2
12.923 -22.000 10.083 210 215 220 0.890 2
12.923 -8.000 10.083 210 215 220 0.890 2
14.308 -22.000 10.083 210 215 220 0.890 2
14.308 -8.000 10.083 210 215 220 0.890 2
15.692 -22.000 10.083 210 215 220 0.890 2
15.692 -8.000 10.083 210 215 220 0.890 2
17.077 -22.000 10.083 210 215 220 0.890 2
17.077 -8.000 10.083 210 215 220 0.890 2
18.462 -22.000 10.083 210 215 220 0.890 2
18.462 -8.000 10.083 210 215 220 0.890 2
19.846 -22.000 10.083 210 215 220 0.890 2
19.846 -8.000 10.083 210 215 220 0.890 2
21.231 -22.000 10.083 210 215 220 0.890 2
21.231 -8.000 10.083 210 215 220 0.890 2
22.615 -22.000 10.083 210 215 220 0.890 2
22.615 -8.000 10.083 210 215 220 0.890 2
24.000 -22.000 10.083 210 215 220 0.890 2
24.000 -8.000 10.083 210 215 220 0.890 2
6.000 -22.000 10.083 190 195 205 0.880 2
24.000 -22.000 10.083 190 195 205 0.880 2
6.000 -20.600 10.083 190 195 205 0.880 2
24.000 -20.600 10.083 190 195 205 0.880 2
6.000 -19.200 10.083 190 195 205 0.880 2
24.000 -19.200 10.083 190 195 205 0.880 2
6.000 -17.800 10.083 190 195 205 0.880 2
24.000 -17.800 10.083 190 195 205 0.880 2
6.000 -16.400 10.083 190 195 205 0.880 2
24.000 -16.400 10.083 190 195 205 0.880 2
6.000 -15.000 10.083 190 195 205 0.880 2
24.000 -15.000 10.083 190 195 205 0.880 2
6.000 -13.600 10.083 190 195 205 0.880 2
24.000 -13.600 10.083 190 195 205 0.880 2
6.000 -12.200 10.083 190 195 205 0.880 2
24.000 -12.200 10.083 190 195 205 0.880 2
6.000 -10.800 10.083 190 195 205 0.880 2
24.000 -10.800 10.083 190 195 205 0.880 2
6.000 -9.400 10.083 190 195 205 0.880 2
24.000 -9.400 10.083 190 195 205 0.880 2
6.000 -8.000 10.083 190 195 205 0.880 2
24.000 -8.000 10.083 190 195 205 0.880 2
6.000 -22.000 11.000 210 215 220 0.890 2
6.000 -8.000 11.000 210 215 220 0.890 2
7.385 -22.000 11.000 210 215 220 0.890 2
7.385 -8.000 11.000 210 215 220 0.890 2
8.769 -22.000 11.000 210 215 220 0.890 2
8.769 -8.000 11.000 210 215 220 0.890 2
10.154 -22.000 11.000 210 215 220 0.890 2
10.154 -8.000 11.000 210 215 220 0.890 2
11.538 -22.000 11.000 210 215 220 0.890 2
11.538 -8.000 11.000 210 215 220 0.890 2
12.923 -22.000 11.000 210 215 220 0.890 2
12.923 -8.000 11.000 210 215 220 0.890 2
14.308 -22.000 11.000 210 215 220 0.890 2
14.308 -8.000 11.000 210 215 220 0.890 2
15.692 -22.000 11.000 210 215 220 0.890 2
15.692 -8.000 11.000 210 215 220 0.890 2
17.077 -22.000 11.000 210 215 220 0.890 2
17.077 -8.000 11.000 210 215 220 0.890 2
18.462 -22.000 11.000 210 215 220 0.890 2
18.462 -8.000 11.000 210 215 220 0.890 2
19.846 -22.000 11.000 210 215 220 0.890 2
19.846 -8.000 11.000 210 215 220 0.890 2
21.231 -22.000 11.000 210 215 220 0.890 2
21.231 -8.000 11.000 210 215 220 0.890 2
22.615 -22.000 11.000 210 215 220 0.890 2
22.615 -8.000 11.000 210 215 220 0.890 2
24.000 -22.000 11.000 210 215 220 0.890 2
24.000 -8.000 11.000 210 215 220 0.890 2
6.000 -22.000 11.000 190 195 205 0.880 2
24.000 -22.000 11.000 190 195 205 0.880 2
6.000 -20.600 11.000 190 195 205 0.880 2
24.000 -20.600 11.000 190 195 205 0.880 2
6.000 -19.200 11.000 190 195 205 0.880 2
24.000 -19.200 11.000 190 195 205 0.880 2
6.000 -17.800 11.000 190 195 205 0.880 2
24.000 -17.800 11.000 190 195 205 0.880 2
6.000 -16.400 11.000 190 195 205 0.880 2
24.000 -16.400 11.000 190 195 205 0.880 2
6.000 -15.000 11.000 190 195 205 0.880 2
24.000 -15.000 11.000 190 195 205 0.880 2
6.000 -13.600 11.000 190 195 205 0.880 2
24.000 -13.600 11.000 190 195 205 0.880 2
6.000 -12.200 11.000 190 195 205 0.880 2
24.000 -12.200 11.000 190 195 205 0.880 2
6.000 -10.800 11.000 190 195 205 0.880 2
24.000 -10.800 11.000 190 195 205 0.880 2
6.000 -9.400 11.000 190 195 205 0.880 2
24.000 -9.400 11.000 190 195 205 0.880 2
6.000 -8.000 11.000 190 195 205 0.880 2
24.000 -8.000 11.000 190 195 205 0.880 2
6.000 -22.000 11.917 210 215 220 0.890 2
6.000 -8.000 11.917 210 215 220 0.890 2
7.385 -22.000 11.917 210 215 220 0.890 2
7.385 -8.000 11.917 210 215 220 0.890 2
8.769 -22.000 11.917 210 215 220 0.890 2
8.769 -8.000 11.917 210 215 220 0.890 2
10.154 -22.000 11.917 210 215 220 0.890 2
10.154 -8.000 11.917 210 215 220 0.890 2
11.538 -22.000 11.917 210 215 220 0.890 2
11.538 -8.000 11.917 210 215 220 0.890 2
12.923 -22.000 11.917 210 215 220 0.890 2
12.923 -8.000 11.917 210 215 220 0.890 2
14.308 -22.000 11.917 210 215 220 0.890 2
14.308 -8.000 11.917 210 215 220 0.890 2
15.692 -22.000 11.917 210 215 220 0.890 2
15.692 -8.000 11.917 210 215 220 0.890 2
17.077 -22.000 11.917 210 215 220 0.890 2
17.077 -8.000 11.917 210 215 220 0.890 2
18.462 -22.000 11.917 210 215 220 0.890 2
18.462 -8.000 11.917 210 215 220 0.890 2
19.846 -22.000 11.917 210 215 220 0.890 2
19.846 -8.000 11.917 210 215 220 0.890 2
21.231 -22.000 11.917 210 215 220 0.890 2
21.231 -8.000 11.917 210 215 220 0.890 2
22.615 -22.000 11.917 210 215 220 0.890 2
22.615 -8.000 11.917 210 215 220 0.890 2
24.000 -22.000 11.917 210 215 220 0.890 2
24.000 -8.000 11.917 210 215 220 0.890 2
6.000 -22.000 11.917 190 195 205 0.880 2
24.000 -22.000 11.917 190 195 205 0.880 2
6.000 -20.600 11.917 190 195 205 0.880 2
24.000 -20.600 11.917 190 195 205 0.880 2
6.000 -19.200 11.917 190 195 205 0.880 2
24.000 -19.200 11.917 190 195 205 0.880 2
6.000 -17.800 11.917 190 195 205 0.880 2
24.000 -17.800 11.917 190 195 205 0.880 2
6.000 -16.400 11.917 190 195 205 0.880 2
24.000 -16.400 11.917 190 195 205 0.880 2
6.000 -15.000 11.917 190 195 205 0.880 2
24.000 -15.000 11.917 190 195 205 0.880 2
6.000 -13.600 11.917 190 195 205 0.880 2
24.000 -13.600 11.917 190 195 205 0.880 2
6.000 -12.200 11.917 190 195 205 0.880 2
24.000 -12.200 11.917 190 195 205 0.880 2
6.000 -10.800 11.917 190 195 205 0.880 2
24.000 -10.800 11.917 190 195 205 0.880 2
6.000 -9.400 11.917 190 195 205 0.880 2
24.000 -9.400 11.917 190 195 205 0.880 2
6.000 -8.000 11.917 190 195 205 0.880 2
24.000 -8.000 11.917 190 195 205 0.880 2
6.000 -22.000 12.833 210 215 220 0.890 2
6.000 -8.000 12.833 210 215 220 0.890 2
7.385 -22.000 12.833 210 215 220 0.890 2
7.385 -8.000 12.833 210 215 220 0.890 2
8.769 -22.000 12.833 210 215 220 0.890 2
8.769 -8.000 12.833 210 215 220 0.890 2
10.154 -22.000 12.833 210 215 220 0.890 2
10.154 -8.000 12.833 210 215 220 0.890 2
11.538 -22.000 12.833 210 215 220 0.890 2
11.538 -8.000 12.833 210 215 220 0.890 2
12.923 -22.000 12.833 210 215 220 0.890 2
12.923 -8.000 12.833 210 215 220 0.890 2
14.308 -22.000 12.833 210 215 220 0.890 2
14.308 -8.000 12.833 210 215 220 0.890 2
15.692 -22.000 12.833 210 215 220 0.890 2
15.692 -8.000 12.833 210 215 220 0.890 2
17.077 -22.000 12.833 210 215 220 0.890 2
17.077 -8.000 12.833 210 215 220 0.890 2
18.462 -22.000 12.833 210 215 220 0.890 2
18.462 -8.000 12.833 210 215 220 0.890 2
19.846 -22.000 12.833 210 215 220 0.890 2
19.846 -8.000 12.833 210 215 220 0.890 2
21.231 -22.000 12.833 210 215 220 0.890 2
21.231 -8.000 12.833 210 215 220 0.890 2
22.615 -22.000 12.833 210 215 220 0.890 2
22.615 -8.000 12.833 210 215 220 0.890 2
24.000 -22.000 12.833 210 215 220 0.890 2
24.000 -8.000 12.833 210 215 220 0.890 2
6.000 -22.000 12.833 190 195 205 0.880 2
24.000 -22.000 12.833 190 195 205 0.880 2
6.000 -20.600 12.833 190 195 205 0.880 2
24.000 -20.600 12.833 190 195 205 0.880 2
6.000 -19.200 12.833 190 195 205 0.880 2
24.000 -19.200 12.833 190 195 205 0.880 2
6.000 -17.800 12.833 190 195 205 0.880 2
24.000 -17.800 12.833 190 195 205 0.880 2
6.000 -16.400 12.833 190 195 205 0.880 2
24.000 -16.400 12.833 190 195 205 0.880 2
6.000 -15.000 12.833 190 195 205 0.880 2
24.000 -15.000 12.833 190 195 205 0.880 2
6.000 -13.600 12.833 190 195 205 0.880 2
24.000 -13.600 12.833 190 195 205 0.880 2
6.000 -12.200 12.833 190 195 205 0.880 2
24.000 -12.200 12.833 190 195 205 0.880 2
6.000 -10.800 12.833 190 195 205 0.880 2
24.000 -10.800 12.833 190 195 205 0.880 2
6.000 -9.400 12.833 190 195 205 0.880 2
24.000 -9.400 12.833 190 195 205 0.880 2
6.000 -8.000 12.833 190 195 205 0.880 2
24.000 -8.000 12.833 190 195 205 0.880 2
6.000 -22.000 13.750 210 215 220 0.890 2
6.000 -8.000 13.750 210 215 220 0.890 2
7.385 -22.000 13.750 210 215 220 0.890 2
7.385 -8.000 13.750 210 215 220 0.890 2
8.769 -22.000 13.750 210 215 220 0.890 2
8.769 -8.000 13.750 210 215 220 0.890 2
10.154 -22.000 13.750 210 215 220 0.890 2
10.154 -8.000 13.750 210 215 220 0.890 2
11.538 -22.000 13.750 210 215 220 0.890 2
11.538 -8.000 13.750 210 215 220 0.890 2
12.923 -22.000 13.750 210 215 220 0.890 2
12.923 -8.000 13.750 210 215 220 0.890 2
14.308 -22.000 13.750 210 215 220 0.890 2
14.308 -8.000 13.750 210 215 220 0.890 2
15.692 -22.000 13.750 210 215 220 0.890 2
15.692 -8.000 13.750 210 215 220 0.890 2
17.077 -22.000 13.750 210 215 220 0.890 2
17.077 -8.000 13.750 210 215 220 0.890 2
18.462 -22.000 13.750 210 215 220 0.890 2
18.462 -8.000 13.750 210 215 220 0.890 2
19.846 -22.000 13.750 210 215 220 0.890 2
19.846 -8.000 13.750 210 215 220 0.890 2
21.231 -22.000 13.750 210 215 220 0.890 2
21.231 -8.000 13.750 210 215 220 0.890 2
22.615 -22.000 13.750 210 215 220 0.890 2
22.615 -8.000 13.750 210 215 220 0.890 2
24.000 -22.000 13.750 210 215 220 0.890 2
24.000 -8.000 13.750 210 215 220 0.890 2
6.000 -22.000 13.750 190 195 205 0.880 2
24.000 -22.000 13.750 190 195 205 0.880 2
6.000 -20.600 13.750 190 195 205 0.880 2
24.000 -20.600 13.750 190 195 205 0.880 2
6.000 -19.200 13.750 190 195 205 0.880 2
24.000 -19.200 13.750 190 195 205 0.880 2
6.000 -17.800 13.750 190 195 205 0.880 2
24.000 -17.800 13.750 190 195 205 0.880 2
6.000 -16.400 13.750 190 195 205 0.880 2
24.000 -16.400 13.750 190 195 205 0.880 2
6.000 -15.000 13.750 190 195 205 0.880 2
24.000 -15.000 13.750 190 195 205 0.880 2
6.000 -13.600 13.750 190 195 205 0.880 2
24.000 -13.600 13.750 190 195 205 0.880 2
6.000 -12.200 13.750 190 195 205 0.880 2
24.000 -12.200 13.750 190 195 205 0.880 2
6.000 -10.800 13.750 190 195 205 0.880 2
24.000 -10.800 13.750 190 195 205 0.880 2
6.000 -9.400 13.750 190 195 205 0.880 2
24.000 -9.400 13.750 190 195 205 0.880 2
6.000 -8.000 13.750 190 195 205 0.880 2
24.000 -8.000 13.750 190 195 205 0.880 2
6.000 -22.000 14.667 210 215 220 0.890 2
6.000 -8.000 14.667 210 215 220 0.890 2
7.385 -22.000 14.667 210 215 220 0.890 2
7.385 -8.000 14.667 210 215 220 0.890 2
8.769 -22.000 14.667 210 215 220 0.890 2
8.769 -8.000 14.667 210 215 220 0.890 2
10.154 -22.000 14.667 210 215 220 0.890 2
10.154 -8.000 14.667 210 215 220 0.890 2
11.538 -22.000 14.667 210 215 220 0.890 2
11.538 -8.000 14.667 210 215 220 0.890 2
12.923 -22.000 14.667 210 215 220 0.890 2
12.923 -8.000 14.667 210 215 220 0.890 2
14.308 -22.000 14.667 210 215 220 0.890 2
14.308 -8.000 14.667 210 215 220 0.890 2
15.692 -22.000 14.667 210 215 220 0.890 2
15.692 -8.000 14.667 210 215 220 0.890 2
17.077 -22.000 14.667 210 215 220 0.890 2
17.077 -8.000 14.667 210 215 220 0.890 2
18.462 -22.000 14.667 210 215 220 0.890 2
18.462 -8.000 14.667 210 215 220 0.890 2
19.846 -22.000 14.667 210 215 220 0.890 2
19.846 -8.000 14.667 210 215 220 0.890 2
21.231 -22.000 14.667 210 215 220 0.890 2
21.231 -8.000 14.667 210 215 220 0.890 2
22.615 -22.000 14.667 210 215 220 0.890 2
22.615 -8.000 14.667 210 215 220 0.890 2
24.000 -22.000 14.667 210 215 220 0.890 2
24.000 -8.000 14.667 210 215 220 0.890 2
6.000 -22.000 14.667 190 195 205 0.880 2
24.000 -22.000 14.667 190 195 205 0.880 2
6.000 -20.600 14.667 190 195 205 0.880 2
24.000 -20.600 14.667 190 195 205 0.880 2
6.000 -19.200 14.667 190 195 205 0.880 2
24.000 -19.200 14.667 190 195 205 0.880 2
6.000 -17.800 14.667 190 195 205 0.880 2
24.000 -17.800 14.667 190 195 205 0.880 2
6.000 -16.400 14.667 190 195 205 0.880 2
24.000 -16.400 14.667 190 195 205 0.880 2
6.000 -15.000 14.667 190 195 205 0.880 2
24.000 -15.000 14.667 190 195 205 0.880 2
6.000 -13.600 14.667 190 195 205 0.880 2
24.000 -13.600 14.667 190 195 205 0.880 2
6.000 -12.200 14.667 190 195 205 0.880 2
24.000 -12.200 14.667 190 195 205 0.880 2
6.000 -10.800 14.667 190 195 205 0.880 2
24.000 -10.800 14.667 190 195 205 0.880 2
6.000 -9.400 14.667 190 195 205 0.880 2
24.000 -9.400 14.667 190 195 205 0.880 2
6.000 -8.000 14.667 190 195 205 0.880 2
24.000 -8.000 14.667 190 195 205 0.880 2
6.000 -22.000 15.583 210 215 220 0.890 2
6.000 -8.000 15.583 210 215 220 0.890 2
7.385 -22.000 15.583 210 215 220 0.890 2
7.385 -8.000 15.583 210 215 220 0.890 2
8.769 -22.000 15.583 210 215 220 0.890 2
8.769 -8.000 15.583 210 215 220 0.890 2
10.154 -22.000 15.583 210 215 220 0.890 2
10.154 -8.000 15.583 210 215 220 0.890 2
11.538 -22.000 15.583 210 215 220 0.890 2
11.538 -8.000 15.583 210 215 220 0.890 2
12.923 -22.000 15.583 210 215 220 0.890 2
12.923 -8.000 15.583 210 215 220 0.890 2
14.308 -22.000 15.583 210 215 220 0.890 2
14.308 -8.000 15.583 210 215 220 0.890 2
15.692 -22.000 15.583 210 215 220 0.890 2
15.692 -8.000 15.583 210 215 220 0.890 2
17.077 -22.000 15.583 210 215 220 0.890 2
17.077 -8.000 15.583 210 215 220 0.890 2
18.462 -22.000 15.583 210 215 220 0.890 2
18.462 -8.000 15.583 210 215 220 0.890 2
19.846 -22.000 15.583 210 215 220 0.890 2
19.846 -8.000 15.583 210 215 220 0.890 2
21.231 -22.000 15.583 210 215 220 0.890 2
21.231 -8.000 15.583 210 215 220 0.890 2
22.615 -22.000 15.583 210 215 220 0.890 2
22.615 -8.000 15.583 210 215 220 0.890 2
24.000 -22.000 15.583 210 215 220 0.890 2
24.000 -8.000 15.583 210 215 220 0.890 2
6.000 -22.000 15.583 190 195 205 0.880 2
24.000 -22.000 15.583 190 195 205 0.880 2
6.000 -20.600 15.583 190 195 205 0.880 2
24.000 -20.600 15.583 190 195 205 0.880 2
6.000 -19.200 15.583 190 195 205 0.880 2
24.000 -19.200 15.583 190 195 205 0.880 2
6.000 -17.800 15.583 190 195 205 0.880 2
24.000 -17.800 15.583 190 195 205 0.880 2
6.000 -16.400 15.583 190 195 205 0.880 2
24.000 -16.400 15.583 190 195 205 0.880 2
6.000 -15.000 15.583 190 195 205 0.880 2
24.000 -15.000 15.583 190 195 205 0.880 2
6.000 -13.600 15.583 190 195 205 0.880 2
24.000 -13.600 15.583 190 195 205 0.880 2
6.000 -12.200 15.583 190 195 205 0.880 2
24.000 -12.200 15.583 190 195 205 0.880 2
6.000 -10.800 15.583 190 195 205 0.880 2
24.000 -10.800 15.583 190 195 205 0.880 2
6.000 -9.400 15.583 190 195 205 0.880 2
24.000 -9.400 15.583 190 195 205 0.880 2
6.000 -8.000 15.583 190 195 205 0.880 2
24.000 -8.000 15.583 190 195 205 0.880 2
6.000 -22.000 16.500 210 215 220 0.890 2
6.000 -8.000 16.500 210 215 220 0.890 2
7.385 -22.000 16.500 210 215 220 0.890 2
7.385 -8.000 16.500 210 215 220 0.890 2
8.769 -22.000 16.500 210 215 220 0.890 2
8.769 -8.000 16.500 210 215 220 0.890 2
10.154 -22.000 16.500 210 215 220 0.890 2
10.154 -8.000 16.500 210 215 220 0.890 2
11.538 -22.000 16.500 210 215 220 0.890 2
11.538 -8.000 16.500 210 215 220 0.890 2
12.923 -22.000 16.500 210 215 220 0.890 2
12.923 -8.000 16.500 210 215 220 0.890 2
14.308 -22.000 16.500 210 215 220 0.890 2
14.308 -8.000 16.500 210 215 220 0.890 2
15.692 -22.000 16.500 210 215 220 0.890 2
15.692 -8.000 16.500 210 215 220 0.890 2
17.077 -22.000 16.500 210 215 220 0.890 2
17.077 -8.000 16.500 210 215 220 0.890 2
18.462 -22.000 16.500 210 215 220 0.890 2
18.462 -8.000 16.500 210 215 220 0.890 2
19.846 -22.000 16.500 210 215 220 0.890 2
19.846 -8.000 16.500 210 215 220 0.890 2
21.231 -22.000 16.500 210 215 220 0.890 2
21.231 -8.000 16.500 210 215 220 0.890 2
22.615 -22.000 16.500 210 215 220 0.890 2
22.615 -8.000 16.500 210 215 220 0.890 2
24.000 -22.000 16.500 210 215 220 0.890 2
24.000 -8.000 16.500 210 215 220 0.890 2
6.000 -22.000 16.500 190 195 205 0.880 2
24.000 -22.000 16.500 190 195 205 0.880 2
6.000 -20.600 16.500 190 195 205 0.880 2
24.000 -20.600 16.500 190 195 205 0.880 2
6.000 -19.200 16.500 190 195 205 0.880 2
24.000 -19.200 16.500 190 195 205 0.880 2
6.000 -17.800 16.500 190 195 205 0.880 2
24.000 -17.800 16.500 190 195 205 0.880 2
6.000 -16.400 16.500 190 195 205 0.880 2
24.000 -16.400 16.500 190 195 205 0.880 2
6.000 -15.000 16.500 190 195 205 0.880 2
24.000 -15.000 16.500 190 195 205 0.880 2
6.000 -13.600 16.500 190 195 205 0.880 2
24.000 -13.600 16.500 190 195 205 0.880 2
6.000 -12.200 16.500 190 195 205 0.880 2
24.000 -12.200 16.500 190 195 205 0.880 2
6.000 -10.800 16.500 190 195 205 0.880 2
24.000 -10.800 16.500 190 195 205 0.880 2
6.000 -9.400 16.500 190 195 205 0.880 2
24.000 -9.400 16.500 190 195 205 0.880 2
6.000 -8.000 16.500 190 195 205 0.880 2
24.000 -8.000 16.500 190 195 205 0.880 2
23.000 20.000 28.000 70 130 180 0.960 2
23.686 20.000 28.000 70 130 180 0.960 2
24.371 20.000 28.000 70 130 180 0.960 2
25.057 20.000 28.000 70 130 180 0.960 2
25.743 20.000 28.000 70 130 180 0.960 2
26.429 20.000 28.000 70 130 180 0.960 2
27.114 20.000 28.000 70 130 180 0.960 2
27.800 20.000 28.000 70 130 180 0.960 2
28.486 20.000 28.000 70 130 180 0.960 2
29.171 20.000 28.000 70 130 180 0.960 2
29.857 20.000 28.000 70 130 180 0.960 2
30.543 20.000 28.000 70 130 180 0.960 2
31.229 20.000 28.000 70 130 180 0.960 2
31.914 20.000 28.000 70 130 180 0.960 2
32.600 20.000 28.000 70 130 180 0.960 2
33.286 20.000 28.000 70 130 180 0.960 2
33.971 20.000 28.000 70 130 180 0.960 2
34.657 20.000 28.000 70 130 180 0.960 2
35.343 20.000 28.000 70 130 180 0.960 2
36.029 20.000 28.000 70 130 180 0.960 2
36.714 20.000 28.000 70 130 180 0.960 2
37.400 20.000 28.000 70 130 180 0.960 2
38.086 20.000 28.000 70 130 180 0.960 2
38.771 20.000 28.000 70 130 180 0.960 2
39.457 20.000 28.000 70 130 180 0.960 2
40.143 20.000 28.000 70 130 180 0.960 2
40.829 20.000 28.000 70 130 180 0.960 2
41.514 20.000 28.000 70 130 180 0.960 2
42.200 20.000 28.000 70 130 180 0.960 2
42.886 20.000 28.000 70 130 180 0.960 2
43.571 20.000 28.000 70 130 180 0.960 2
44.257 20.000 28.000 70 130 180 0.960 2
44.943 20.000 28.000 70 130 180 0.960 2
45.629 20.000 28.000 70 130 180 0.960 2
46.314 20.000 28.000 70 130 180 0.960 2
47.000 20.000 28.000 70 130 180 0.960 2
23.000 20.690 28.000 70 130 180 0.960 2
23.686 20.690 28.000 70 130 180 0.960 2
24.371 20.690 28.000 70 130 180 0.960 2
25.057 20.690 28.000 70 130 180 0.960 2
25.743 20.690 28.000 70 130 180 0.960 2
26.429 20.690 28.000 70 130 180 0.960 2
27.114 20.690 28.000 70 130 180 0.960 2
27.800 20.690 28.000 70 130 180 0.960 2
28.486 20.690 28.000 70 130 180 0.960 2
29.171 20.690 28.000 70 130 180 0.960 2
29.857 20.690 28.000 70 130 180 0.960 2
30.543 20.690 28.000 70 130 180 0.960 2
31.229 20.690 28.000 70 130 180 0.960 2
31.914 20.690 28.000 70 130 180 0.960 2
32.600 20.690 28.000 70 130 180 0.960 2
33.286 20.690 28.000 70 130 180 0.960 2
33.971 20.690 28.000 70 130 180 0.960 2
34.657 20.690 28.000 70 130 180 0.960 2
35.343 20.690 28.000 70 130 180 0.960 2
36.029 20.690 28.000 70 130 180 0.960 2
36.714 20.690 28.000 70 130 180 0.960 2
37.400 20.690 28.000 70 130 180 0.960 2
38.086 20.690 28.000 70 130 180 0.960 2
38.771 20.690 28.000 70 130 180 0.960 2
39.457 20.690 28.000 70 130 180 0.960 2
40.143 20.690 28.000 70 130 180 0.960 2
40.829 20.690 28.000 70 130 180 0.960 2
41.514 20.690 28.000 70 130 180 0.960 2
42.200 20.690 28.000 70 130 180 0.960 2
42.886 20.690 28.000 70 130 180 0.960 2
43.571 20.690 28.000 70 130 180 0.960 2
44.257 20.690 28.000 70 130 180 0.960 2
44.943 20.690 28.000 70 130 180 0.960 2
45.629 20.690 28.000 70 130 180 0.960 2
46.314 20.690 28.000 70 130 180 0.960 2
47.000 20.690 28.000 70 130 180 0.960 2
23.000 21.379 28.000 70 130 180 0.960 2
23.686 21.379 28.000 70 130 180 0.960 2
24.371 21.379 28.000 70 130 180 0.960 2
25.057 21.379 28.000 70 130 180 0.960 2
25.743 21.379 28.000 70 130 180 0.960 2
26.429 21.379 28.000 70 130 180 0.960 2
27.114 21.379 28.000 70 130 180 0.960 2
27.800 21.379 28.000 70 130 180 0.960 2
28.486 21.379 28.000 70 130 180 0.960 2
29.171 21.379 28.000 70 130 180 0.960 2
29.857 21.379 28.000 70 130 180 0.960 2
30.543 21.379 28.000 70 130 180 0.960 2
31.229 21.379 28.000 70 130 180 0.960 2
31.914 21.379 28.000 70 130 180 0.960 2
32.600 21.379 28.000 70 130 180 0.960 2
33.286 21.379 28.000 70 130 180 0.960 2
33.971 21.379 28.000 70 130 180 0.960 2
34.657 21.379 28.000 70 130 180 0.960 2
35.343 21.379 28.000 70 130 180 0.960 2
36.029 21.379 28.000 70 130 180 0.960 2
36.714 21.379 28.000 70 130 180 0.960 2
37.400 21.379 28.000 70 130 180 0.960 2
38.086 21.379 28.000 70 130 180 0.960 2
38.771 21.379 28.000 70 130 180 0.960 2
39.457 21.379 28.000 70 130 180 0.960 2
40.143 21.379 28.000 70 130 180 0.960 2
40.829 21.379 28.000 70 130 180 0.960 2
41.514 21.379 28.000 70 130 180 0.960 2
42.200 21.379 28.000 70 130 180 0.960 2
42.886 21.379 28.000 70 130 180 0.960 2
43.571 21.379 28.000 70 130 180 0.960 2
44.257 21.379 28.000 70 130 180 0.960 2
44.943 21.379 28.000 70 130 180 0.960 2
45.629 21.379 28.000 70 130 180 0.960 2
46.314 21.379 28.000 70 130 180 0.960 2
47.000 21.379 28.000 70 130 180 0.960 2
23.000 22.069 28.000 70 130 180 0.960 2
23.686 22.069 28.000 70 130 180 0.960 2
24.371 22.069 28.000 70 130 180 0.960 2
25.057 22.069 28.000 70 130 180 0.960 2
25.743 22.069 28.000 70 130 180 0.960 2
26.429 22.069 28.000 70 130 180 0.960 2
27.114 22.069 28.000 70 130 180 0.960 2
27.800 22.069 28.000 70 130 180 0.960 2
28.486 22.069 28.000 70 130 180 0.960 2
29.171 22.069 28.000 70 130 180 0.960 2
29.857 22.069 28.000 70 130 180 0.960 2
30.543 22.069 28.000 70 130 180 0.960 2
31.229 22.069 28.000 70 130 180 0.960 2
31.914 22.069 28.000 70 130 180 0.960 2
32.600 22.069 28.000 70 130 180 0.960 2
33.286 22.069 28.000 70 130 180 0.960 2
33.971 22.069 28.000 70 130 180 0.960 2
34.657 22.069 28.000 70 130 180 0.960 2
35.343 22.069 28.000 70 130 180 0.960 2
36.029 22.069 28.000 70 130 180 0.960 2
36.714 22.069 28.000 70 130 180 0.960 2
37.400 22.069 28.000 70 130 180 0.960 2
38.086 22.069 28.000 70 130 180 0.960 2
38.771 22.069 28.000 70 130 180 0.960 2
39.457 22.069 28.000 70 130 180 0.960 2
40.143 22.069 28.000 70 130 180 0.960 2
40.829 22.069 28.000 70 130 180 0.960 2
41.514 22.069 28.000 70 130 180 0.960 2
42.200 22.069 28.000 70 130 180 0.960 2
42.886 22.069 28.000 70 130 180 0.960 2
43.571 22.069 28.000 70 130 180 0.960 2
44.257 22.069 28.000 70 130 180 0.960 2
44.943 22.069 28.000 70 130 180 0.960 2
45.629 22.069 28.000 70 130 180 0.960 2
46.314 22.069 28.000 70 130 180 0.960 2
47.000 22.069 28.000 70 130 180 0.960 2
23.000 22.759 28.000 70 130 180 0.960 2
23.686 22.759 28.000 70 130 180 0.960 2
24.371 22.759 28.000 70 130 180 0.960 2
25.057 22.759 28.000 70 130 180 0.960 2
25.743 22.759 28.000 70 130 180 0.960 2
26.429 22.759 28.000 70 130 180 0.960 2
27.114 22.759 28.000 70 130 180 0.960 2
27.800 22.759 28.000 70 130 180 0.960 2
28.486 22.759 28.000 70 130 180 0.960 2
29.171 22.759 28.000 70 130 180 0.960 2
29.857 22.759 28.000 70 130 180 0.960 2
30.543 22.759 28.000 70 130 180 0.960 2
31.229 22.759 28.000 70 130 180 0.960 2
31.914 22.759 28.000 70 130 180 0.960 2
32.600 22.759 28.000 70 130 180 0.960 2
33.286 22.759 28.000 70 130 180 0.960 2
33.971 22.759 28.000 70 130 180 0.960 2
34.657 22.759 28.000 70 130 180 0.960 2
35.343 22.759 28.000 70 130 180 0.960 2
36.029 22.759 28.000 70 130 180 0.960 2
36.714 22.759 28.000 70 130 180 0.960 2
37.400 22.759 28.000 70 130 180 0.960 2
38.086 22.759 28.000 70 130 180 0.960 2
38.771 22.759 28.000 70 130 180 0.960 2
39.457 22.759 28.000 70 130 180 0.960 2
40.143 22.759 28.000 70 130 180 0.960 2
40.829 22.759 28.000 70 130 180 0.960 2
41.514 22.759 28.000 70 130 180 0.960 2
42.200 22.759 28.000 70 130 180 0.960 2
42.886 22.759 28.000 70 130 180 0.960 2
43.571 22.759 28.000 70 130 180 0.960 2
44.257 22.759 28.000 70 130 180 0.960 2
44.943 22.759 28.000 70 130 180 0.960 2
45.629 22.759 28.000 70 130 180 0.960 2
46.314 22.759 28.000 70 130 180 0.960 2
47.000 22.759 28.000 70 130 180 0.960 2
23.000 23.448 28.000 70 130 180 0.960 2
23.686 23.448 28.000 70 130 180 0.960 2
24.371 23.448 28.000 70 130 180 0.960 2
25.057 23.448 28.000 70 130 180 0.960 2
25.743 23.448 28.000 70 130 180 0.960 2
26.429 23.448 28.000 70 130 180 0.960 2
27.114 23.448 28.000 70 130 180 0.960 2
27.800 23.448 28.000 70 130 180 0.960 2
28.486 23.448 28.000 70 130 180 0.960 2
29.171 23.448 28.000 70 130 180 0.960 2
29.857 23.448 28.000 70 130 180 0.960 2
30.543 23.448 28.000 70 130 180 0.960 2
31.229 23.448 28.000 70 130 180 0.960 2
31.914 23.448 28.000 70 130 180 0.960 2
32.600 23.448 28.000 70 130 180 0.960 2
33.286 23.448 28.000 70 130 180 0.960 2
33.971 23.448 28.000 70 130 180 0.960 2
34.657 23.448 28.000 70 130 180 0.960 2
35.343 23.448 28.000 70 130 180 0.960 2
36.029 23.448 28.000 70 130 180 0.960 2
36.714 23.448 28.000 70 130 180 0.960 2
37.400 23.448 28.000 70 130 180 0.960 2
38.086 23.448 28.000 70 130 180 0.960 2
38.771 23.448 28.000 70 130 180 0.960 2
39.457 23.448 28.000 70 130 180 0.960 2
40.143 23.448 28.000 70 130 180 0.960 2
40.829 23.448 28.000 70 130 180 0.960 2
41.514 23.448 28.000 70 130 180 0.960 2
42.200 23.448 28.000 70 130 180 0.960 2
42.886 23.448 28.000 70 130 180 0.960 2
43.571 23.448 28.000 70 130 180 0.960 2
44.257 23.448 28.000 70 130 180 0.960 2
44.943 23.448 28.000 70 130 180 0.960 2
45.629 23.448 28.000 70 130 180 0.960 2
46.314 23.448 28.000 70 130 180 0.960 2
47.000 23.448 28.000 70 130 180 0.960 2
23.000 24.138 28.000 70 130 180 0.960 2
23.686 24.138 28.000 70 130 180 0.960 2
24.371 24.138 28.000 70 130 180 0.960 2
25.057 24.138 28.000 70 130 180 0.960 2
25.743 24.138 28.000 70 130 180 0.960 2
26.429 24.138 28.000 70 130 180 0.960 2
27.114 24.138 28.000 70 130 180 0.960 2
27.800 24.138 28.000 70 130 180 0.960 2
28.486 24.138 28.000 70 130 180 0.960 2
29.171 24.138 28.000 70 130 180 0.960 2
29.857 24.138 28.000 70 130 180 0.960 2
30.543 24.138 28.000 70 130 180 0.960 2
31.229 24.138 28.000 70 130 180 0.960 2
31.914 24.138 28.000 70 130 180 0.960 2
32.600 24.138 28.000 70 130 180 0.960 2
33.286 24.138 28.000 70 130 180 0.960 2
33.971 24.138 28.000 70 130 180 0.960 2
34.657 24.138 28.000 70 130 180 0.960 2
35.343 24.138 28.000 70 130 180 0.960 2
36.029 24.138 28.000 70 130 180 0.960 2
36.714 24.138 28.000 70 130 180 0.960 2
37.400 24.138 28.000 70 130 180 0.960 2
38.086 24.138 28.000 70 130 180 0.960 2
38.771 24.138 28.000 70 130 180 0.960 2
39.457 24.138 28.000 70 130 180 0.960 2
40.143 24.138 28.000 70 130 180 0.960 2
40.829 24.138 28.000 70 130 180 0.960 2
41.514 24.138 28.000 70 130 180 0.960 2
42.200 24.138 28.000 70 130 180 0.960 2
42.886 24.138 28.000 70 130 180 0.960 2
43.571 24.138 28.000 70 130 180 0.960 2
44.257 24.138 28.000 70 130 180 0.960 2
44.943 24.138 28.000 70 130 180 0.960 2
45.629 24.138 28.000 70 130 180 0.960 2
46.314 24.138 28.000 70 130 180 0.960 2
47.000 24.138 28.000 70 130 180 0.960 2
23.000 24.828 28.000 70 130 180 0.960 2
23.686 24.828 28.000 70 130 180 0.960 2
24.371 24.828 28.000 70 130 180 0.960 2
25.057 24.828 28.000 70 130 180 0.960 2
25.743 24.828 28.000 70 130 180 0.960 2
26.429 24.828 28.000 70 130 180 0.960 2
27.114 24.828 28.000 70 130 180 0.960 2
27.800 24.828 28.000 70 130 180 0.960 2
28.486 24.828 28.000 70 130 180 0.960 2
29.171 24.828 28.000 70 130 180 0.960 2
29.857 24.828 28.000 70 130 180 0.960 2
30.543 24.828 28.000 70 130 180 0.960 2
31.229 24.828 28.000 70 130 180 0.960 2
31.914 24.828 28.000 70 130 180 0.960 2
32.600 24.828 28.000 70 130 180 0.960 2
33.286 24.828 28.000 70 130 180 0.960 2
33.971 24.828 28.000 70 130 180 0.960 2
34.657 24.828 28.000 70 130 180 0.960 2
35.343 24.828 28.000 70 130 180 0.960 2
36.029 24.828 28.000 70 130 180 0.960 2
36.714 24.828 28.000 70 130 180 0.960 2
37.400 24.828 28.000 70 130 180 0.960 2
38.086 24.828 28.000 70 130 180 0.960 2
38.771 24.828 28.000 70 130 180 0.960 2
39.457 24.828 28.000 70 130 180 0.960 2
40.143 24.828 28.000 70 130 180 0.960 2
40.829 24.828 28.000 70 130 180 0.960 2
41.514 24.828 28.000 70 130 180 0.960 2
42.200 24.828 28.000 70 130 180 0.960 2
42.886 24.828 28.000 70 130 180 0.960 2
43.571 24.828 28.000 70 130 180 0.960 2
44.257 24.828 28.000 70 130 180 0.960 2
44.943 24.828 28.000 70 130 180 0.960 2
45.629 24.828 28.000 70 130 180 0.960 2
46.314 24.828 28.000 70 130 180 0.960 2
47.000 24.828 28.000 70 130 180 0.960 2
23.000 25.517 28.000 70 130 180 0.960 2
23.686 25.517 28.000 70 130 180 0.960 2
24.371 25.517 28.000 70 130 180 0.960 2
25.057 25.517 28.000 70 130 180 0.960 2
25.743 25.517 28.000 70 130 180 0.960 2
26.429 25.517 28.000 70 130 180 0.960 2
27.114 25.517 28.000 70 130 180 0.960 2
27.800 25.517 28.000 70 130 180 0.960 2
28.486 25.517 28.000 70 130 180 0.960 2
29.171 25.517 28.000 70 130 180 0.960 2
29.857 25.517 28.000 70 130 180 0.960 2
30.543 25.517 28.000 70 130 180 0.960 2
31.229 25.517 28.000 70 130 180 0.960 2
31.914 25.517 28.000 70 130 180 0.960 2
32.600 25.517 28.000 70 130 180 0.960 2
33.286 25.517 28.000 70 130 180 0.960 2
33.971 25.517 28.000 70 130 180 0.960 2
34.657 25.517 28.000 70 130 180 0.960 2
35.343 25.517 28.000 70 130 180 0.960 2
36.029 25.517 28.000 70 130 180 0.960 2
36.714 25.517 28.000 70 130 180 0.960 2
37.400 25.517 28.000 70 130 180 0.960 2
38.086 25.517 28.000 70 130 180 0.960 2
38.771 25.517 28.000 70 130 180 0.960 2
39.457 25.517 28.000 70 130 180 0.960 2
40.143 25.517 28.000 70 130 180 0.960 2
40.829 25.517 28.000 70 130 180 0.960 2
41.514 25.517 28.000 70 130 180 0.960 2
42.200 25.517 28.000 70 130 180 0.960 2
42.886 25.517 28.000 70 130 180 0.960 2
43.571 25.517 28.000 70 130 180 0.960 2
44.257 25.517 28.000 70 130 180 0.960 2
44.943 25.517 28.000 70 130 180 0.960 2
45.629 25.517 28.000 70 130 180 0.960 2
46.314 25.517 28.000 70 130 180 0.960 2
47.000 25.517 28.000 70 130 180 0.960 2
23.000 26.207 28.000 70 130 180 0.960 2
23.686 26.207 28.000 70 130 180 0.960 2
24.371 26.207 28.000 70 130 180 0.960 2
25.057 26.207 28.000 70 130 180 0.960 2
25.743 26.207 28.000 70 130 180 0.960 2
26.429 26.207 28.000 70 130 180 0.960 2
27.114 26.207 28.000 70 130 180 0.960 2
27.800 26.207 28.000 70 130 180 0.960 2
28.486 26.207 28.000 70 130 180 0.960 2
29.171 26.207 28.000 70 130 180 0.960 2
29.857 26.207 28.000 70 130 180 0.960 2
30.543 26.207 28.000 70 130 180 0.960 2
31.229 26.207 28.000 70 130 180 0.960 2
31.914 26.207 28.000 70 130 180 0.960 2
32.600 26.207 28.000 70 130 180 0.960 2
33.286 26.207 28.000 70 130 180 0.960 2
33.971 26.207 28.000 70 130 180 0.960 2
34.657 26.207 28.000 70 130 180 0.960 2
35.343 26.207 28.000 70 130 180 0.960 2
36.029 26.207 28.000 70 130 180 0.960 2
36.714 26.207 28.000 70 130 180 0.960 2
37.400 26.207 28.000 70 130 180 0.960 2
38.086 26.207 28.000 70 130 180 0.960 2
38.771 26.207 28.000 70 130 180 0.960 2
39.457 26.207 28.000 70 130 180 0.960 2
40.143 26.207 28.000 70 130 180 0.960 2
40.829 26.207 28.000 70 130 180 0.960 2
41.514 26.207 28.000 70 130 180 0.960 2
42.200 26.207 28.000 70 130 180 0.960 2
42.886 26.207 28.000 70 130 180 0.960 2
43.571 26.207 28.000 70 130 180 0.960 2
44.257 26.207 28.000 70 130 180 0.960 2
44.943 26.207 28.000 70 130 180 0.960 2
45.629 26.207 28.000 70 130 180 0.960 2
46.314 26.207 28.000 70 130 180 0.960 2
47.000 26.207 28.000 70 130 180 0.960 2
23.000 26.897 28.000 70 130 180 0.960 2
23.686 26.897 28.000 70 130 180 0.960 2
24.371 26.897 28.000 70 130 180 0.960 2
25.057 26.897 28.000 70 130 180 0.960 2
25.743 26.897 28.000 70 130 180 0.960 2
26.429 26.897 28.000 70 130 180 0.960 2
27.114 26.897 28.000 70 130 180 0.960 2
27.800 26.897 28.000 70 130 180 0.960 2
28.486 26.897 28.000 70 130 180 0.960 2
29.171 26.897 28.000 70 130 180 0.960 2
29.857 26.897 28.000 70 130 180 0.960 2
30.543 26.897 28.000 70 130 180 0.960 2
31.229 26.897 28.000 70 130 180 0.960 2
31.914 26.897 28.000 70 130 180 0.960 2
32.600 26.897 28.000 70 130 180 0.960 2
33.286 26.897 28.000 70 130 180 0.960 2
33.971 26.897 28.000 70 130 180 0.960 2
34.657 26.897 28.000 70 130 180 0.960 2
35.343 26.897 28.000 70 130 180 0.960 2
36.029 26.897 28.000 70 130 180 0.960 2
36.714 26.897 28.000 70 130 180 0.960 2
37.400 26.897 28.000 70 130 180 0.960 2
38.086 26.897 28.000 70 130 180 0.960 2
38.771 26.897 28.000 70 130 180 0.960 2
39.457 26.897 28.000 70 130 180 0.960 2
40.143 26.897 28.000 70 130 180 0.960 2
40.829 26.897 28.000 70 130 180 0.960 2
41.514 26.897 28.000 70 130 180 0.960 2
42.200 26.897 28.000 70 130 180 0.960 2
42.886 26.897 28.000 70 130 180 0.960 2
43.571 26.897 28.000 70 130 180 0.960 2
44.257 26.897 28.000 70 130 180 0.960 2
44.943 26.897 28.000 70 130 180 0.960 2
45.629 26.897 28.000 70 130 180 0.960 2
46.314 26.897 28.000 70 130 180 0.960 2
47.000 26.897 28.000 70 130 180 0.960 2
23.000 27.586 28.000 70 130 180 0.960 2
23.686 27.586 28.000 70 130 180 0.960 2
24.371 27.586 28.000 70 130 180 0.960 2
25.057 27.586 28.000 70 130 180 0.960 2
25.743 27.586 28.000 70 130 180 0.960 2
26.429 27.586 28.000 70 130 180 0.960 2
27.114 27.586 28.000 70 130 180 0.960 2
27.800 27.586 28.000 70 130 180 0.960 2
28.486 27.586 28.000 70 130 180 0.960 2
29.171 27.586 28.000 70 130 180 0.960 2
29.857 27.586 28.000 70 130 180 0.960 2
30.543 27.586 28.000 70 130 180 0.960 2
31.229 27.586 28.000 70 130 180 0.960 2
31.914 27.586 28.000 70 130 180 0.960 2
32.600 27.586 28.000 70 130 180 0.960 2
33.286 27.586 28.000 70 130 180 0.960 2
33.971 27.586 28.000 70 130 180 0.960 2
34.657 27.586 28.000 70 130 180 0.960 2
35.343 27.586 28.000 70 130 180 0.960 2
36.029 27.586 28.000 70 130 180 0.960 2
36.714 27.586 28.000 70 130 180 0.960 2
37.400 27.586 28.000 70 130 180 0.960 2
38.086 27.586 28.000 70 130 180 0.960 2
38.771 27.586 28.000 70 130 180 0.960 2
39.457 27.586 28.000 70 130 180 0.960 2
40.143 27.586 28.000 70 130 180 0.960 2
40.829 27.586 28.000 70 130 180 0.960 2
41.514 27.586 28.000 70 130 180 0.960 2
42.200 27.586 28.000 70 130 180 0.960 2
42.886 27.586 28.000 70 130 180 0.960 2
43.571 27.586 28.000 70 130 180 0.960 2
44.257 27.586 28.000 70 130 180 0.960 2
44.943 27.586 28.000 70 130 180 0.960 2
45.629 27.586 28.000 70 130 180 0.960 2
46.314 27.586 28.000 70 130 180 0.960 2
47.000 27.586 28.000 70 130 180 0.960 2
23.000 28.276 28.000 70 130 180 0.960 2
23.686 28.276 28.000 70 130 180 0.960 2
24.371 28.276 28.000 70 130 180 0.960 2
25.057 28.276 28.000 70 130 180 0.960 2
25.743 28.276 28.000 70 130 180 0.960 2
26.429 28.276 28.000 70 130 180 0.960 2
27.114 28.276 28.000 70 130 180 0.960 2
27.800 28.276 28.000 70 130 180 0.960 2
28.486 28.276 28.000 70 130 180 0.960 2
29.171 28.276 28.000 70 130 180 0.960 2
29.857 28.276 28.000 70 130 180 0.960 2
30.543 28.276 28.000 70 130 180 0.960 2
31.229 28.276 28.000 70 130 180 0.960 2
31.914 28.276 28.000 70 130 180 0.960 2
32.600 28.276 28.000 70 130 180 0.960 2
33.286 28.276 28.000 70 130 180 0.960 2
33.971 28.276 28.000 70 130 180 0.960 2
34.657 28.276 28.000 70 130 180 0.960 2
35.343 28.276 28.000 70 130 180 0.960 2
36.029 28.276 28.000 70 130 180 0.960 2
36.714 28.276 28.000 70 130 180 0.960 2
37.400 28.276 28.000 70 130 180 0.960 2
38.086 28.276 28.000 70 130 180 0.960 2
38.771 28.276 28.000 70 130 180 0.960 2
39.457 28.276 28.000 70 130 180 0.960 2
40.143 28.276 28.000 70 130 180 0.960 2
40.829 28.276 28.000 70 130 180 0.960 2
41.514 28.276 28.000 70 130 180 0.960 2
42.200 28.276 28.000 70 130 180 0.960 2
42.886 28.276 28.000 70 130 180 0.960 2
43.571 28.276 28.000 70 130 180 0.960 2
44.257 28.276 28.000 70 130 180 0.960 2
44.943 28.276 28.000 70 130 180 0.960 2
45.629 28.276 28.000 70 130 180 0.960 2
46.314 28.276 28.000 70 130 180 0.960 2
47.000 28.276 28.000 70 130 180 0.960 2
23.000 28.966 28.000 70 130 180 0.960 2
23.686 28.966 28.000 70 130 180 0.960 2
24.371 28.966 28.000 70 130 180 0.960 2
25.057 28.966 28.000 70 130 180 0.960 2
25.743 28.966 28.000 70 130 180 0.960 2
26.429 28.966 28.000 70 130 180 0.960 2
27.114 28.966 28.000 70 130 180 0.960 2
27.800 28.966 28.000 70 130 180 0.960 2
28.486 28.966 28.000 70 130 180 0.960 2
29.171 28.966 28.000 70 130 180 0.960 2
29.857 28.966 28.000 70 130 180 0.960 2
30.543 28.966 28.000 70 130 180 0.960 2
31.229 28.966 28.000 70 130 180 0.960 2
31.914 28.966 28.000 70 130 180 0.960 2
32.600 28.966 28.000 70 130 180 0.960 2
33.286 28.966 28.000 70 130 180 0.960 2
33.971 28.966 28.000 70 130 180 0.960 2
34.657 28.966 28.000 70 130 180 0.960 2
35.343 28.966 28.000 70 130 180 0.960 2
36.029 28.966 28.000 70 130 180 0.960 2
36.714 28.966 28.000 70 130 180 0.960 2
37.400 28.966 28.000 70 130 180 0.960 2
38.086 28.966 28.000 70 130 180 0.960 2
38.771 28.966 28.000 70 130 180 0.960 2
39.457 28.966 28.000 70 130 180 0.960 2
40.143 28.966 28.000 70 130 180 0.960 2
40.829 28.966 28.000 70 130 180 0.960 2
41.514 28.966 28.000 70 130 180 0.960 2
42.200 28.966 28.000 70 130 180 0.960 2
42.886 28.966 28.000 70 130 180 0.960 2
43.571 28.966 28.000 70 130 180 0.960 2
44.257 28.966 28.000 70 130 180 0.960 2
44.943 28.966 28.000 70 130 180 0.960 2
45.629 28.966 28.000 70 130 180 0.960 2
46.314 28.966 28.000 70 130 180 0.960 2
47.000 28.966 28.000 70 130 180 0.960 2
23.000 29.655 28.000 70 130 180 0.960 2
23.686 29.655 28.000 70 130 180 0.960 2
24.371 29.655 28.000 70 130 180 0.960 2
25.057 29.655 28.000 70 130 180 0.960 2
25.743 29.655 28.000 70 130 180 0.960 2
26.429 29.655 28.000 70 130 180 0.960 2
27.114 29.655 28.000 70 130 180 0.960 2
27.800 29.655 28.000 70 130 180 0.960 2
28.486 29.655 28.000 70 130 180 0.960 2
29.171 29.655 28.000 70 130 180 0.960 2
29.857 29.655 28.000 70 130 180 0.960 2
30.543 29.655 28.000 70 130 180 0.960 2
31.229 29.655 28.000 70 130 180 0.960 2
31.914 29.655 28.000 70 130 180 0.960 2
32.600 29.655 28.000 70 130 180 0.960 2
33.286 29.655 28.000 70 130 180 0.960 2
33.971 29.655 28.000 70 130 180 0.960 2
34.657 29.655 28.000 70 130 180 0.960 2
35.343 29.655 28.000 70 130 180 0.960 2
36.029 29.655 28.000 70 130 180 0.960 2
36.714 29.655 28.000 70 130 180 0.960 2
37.400 29.655 28.000 70 130 180 0.960 2
38.086 29.655 28.000 70 130 180 0.960 2
38.771 29.655 28.000 70 130 180 0.960 2
39.457 29.655 28.000 70 130 180 0.960 2
40.143 29.655 28.000 70 130 180 0.960 2
40.829 29.655 28.000 70 130 180 0.960 2
41.514 29.655 28.000 70 130 180 0.960 2
42.200 29.655 28.000 70 130 180 0.960 2
42.886 29.655 28.000 70 130 180 0.960 2
43.571 29.655 28.000 70 130 180 0.960 2
44.257 29.655 28.000 70 130 180 0.960 2
44.943 29.655 28.000 70 130 180 0.960 2
45.629 29.655 28.000 70 130 180 0.960 2
46.314 29.655 28.000 70 130 180 0.960 2
47.000 29.655 28.000 70 130 180 0.960 2
23.000 30.345 28.000 70 130 180 0.960 2
23.686 30.345 28.000 70 130 180 0.960 2
24.371 30.345 28.000 70 130 180 0.960 2
25.057 30.345 28.000 70 130 180 0.960 2
25.743 30.345 28.000 70 130 180 0.960 2
26.429 30.345 28.000 70 130 180 0.960 2
27.114 30.345 28.000 70 130 180 0.960 2
27.800 30.345 28.000 70 130 180 0.960 2
28.486 30.345 28.000 70 130 180 0.960 2
29.171 30.345 28.000 70 130 180 0.960 2
29.857 30.345 28.000 70 130 180 0.960 2
30.543 30.345 28.000 70 130 180 0.960 2
31.229 30.345 28.000 70 130 180 0.960 2
31.914 30.345 28.000 70 130 180 0.960 2
32.600 30.345 28.000 70 130 180 0.960 2
33.286 30.345 28.000 70 130 180 0.960 2
33.971 30.345 28.000 70 130 180 0.960 2
34.657 30.345 28.000 70 130 180 0.960 2
35.343 30.345 28.000 70 130 180 0.960 2
36.029 30.345 28.000 70 130 180 0.960 2
36.714 30.345 28.000 70 130 180 0.960 2
37.400 30.345 28.000 70 130 180 0.960 2
38.086 30.345 28.000 70 130 180 0.960 2
38.771 30.345 28.000 70 130 180 0.960 2
39.457 30.345 28.000 70 130 180 0.960 2
40.143 30.345 28.000 70 130 180 0.960 2
40.829 30.345 28.000 70 130 180 0.960 2
41.514 30.345 28.000 70 130 180 0.960 2
42.200 30.345 28.000 70 130 180 0.960 2
42.886 30.345 28.000 70 130 180 0.960 2
43.571 30.345 28.000 70 130 180 0.960 2
44.257 30.345 28.000 70 130 180 0.960 2
44.943 30.345 28.000 70 130 180 0.960 2
45.629 30.345 28.000 70 130 180 0.960 2
46.314 30.345 28.000 70 130 180 0.960 2
47.000 30.345 28.000 70 130 180 0.960 2
23.000 31.034 28.000 70 130 180 0.960 2
23.686 31.034 28.000 70 130 180 0.960 2
24.371 31.034 28.000 70 130 180 0.960 2
25.057 31.034 28.000 70 130 180 0.960 2
25.743 31.034 28.000 70 130 180 0.960 2
26.429 31.034 28.000 70 130 180 0.960 2
27.114 31.034 28.000 70 130 180 0.960 2
27.800 31.034 28.000 70 130 180 0.960 2
28.486 31.034 28.000 70 130 180 0.960 2
29.171 31.034 28.000 70 130 180 0.960 2
29.857 31.034 28.000 70 130 180 0.960 2
30.543 31.034 28.000 70 130 180 0.960 2
31.229 31.034 28.000 70 130 180 0.960 2
31.914 31.034 28.000 70 130 180 0.960 2
32.600 31.034 28.000 70 130 180 0.960 2
33.286 31.034 28.000 70 130 180 0.960 2
33.971 31.034 28.000 70 130 180 0.960 2
34.657 31.034 28.000 70 130 180 0.960 2
35.343 31.034 28.000 70 130 180 0.960 2
36.029 31.034 28.000 70 130 180 0.960 2
36.714 31.034 28.000 70 130 180 0.960 2
37.400 31.034 28.000 70 130 180 0.960 2
38.086 31.034 28.000 70 130 180 0.960 2
38.771 31.034 28.000 70 130 180 0.960 2
39.457 31.034 28.000 70 130 180 0.960 2
40.143 31.034 28.000 70 130 180 0.960 2
40.829 31.034 28.000 70 130 180 0.960 2
41.514 31.034 28.000 70 130 180 0.960 2
42.200 31.034 28.000 70 130 180 0.960 2
42.886 31.034 28.000 70 130 180 0.960 2
43.571 31.034 28.000 70 130 180 0.960 2
44.257 31.034 28.000 70 130 180 0.960 2
44.943 31.034 28.000 70 130 180 0.960 2
45.629 31.034 28.000 70 130 180 0.960 2
46.314 31.034 28.000 70 130 180 0.960 2
47.000 31.034 28.000 70 130 180 0.960 2
23.000 31.724 28.000 70 130 180 0.960 2
23.686 31.724 28.000 70 130 180 0.960 2
24.371 31.724 28.000 70 130 180 0.960 2
25.057 31.724 28.000 70 130 180 0.960 2
25.743 31.724 28.000 70 130 180 0.960 2
26.429 31.724 28.000 70 130 180 0.960 2
27.114 31.724 28.000 70 130 180 0.960 2
27.800 31.724 28.000 70 130 180 0.960 2
28.486 31.724 28.000 70 130 180 0.960 2
29.171 31.724 28.000 70 130 180 0.960 2
29.857 31.724 28.000 70 130 180 0.960 2
30.543 31.724 28.000 70 130 180 0.960 2
31.229 31.724 28.000 70 130 180 0.960 2
31.914 31.724 28.000 70 130 180 0.960 2
32.600 31.724 28.000 70 130 180 0.960 2
33.286 31.724 28.000 70 130 180 0.960 2
33.971 31.724 28.000 70 130 180 0.960 2
34.657 31.724 28.000 70 130 180 0.960 2
35.343 31.724 28.000 70 130 180 0.960 2
36.029 31.724 28.000 70 130 180 0.960 2
36.714 31.724 28.000 70 130 180 0.960 2
37.400 31.724 28.000 70 130 180 0.960 2
38.086 31.724 28.000 70 130 180 0.960 2
38.771 31.724 28.000 70 130 180 0.960 2
39.457 31.724 28.000 70 130 180 0.960 2
40.143 31.724 28.000 70 130 180 0.960 2
40.829 31.724 28.000 70 130 180 0.960 2
41.514 31.724 28.000 70 130 180 0.960 2
42.200 31.724 28.000 70 130 180 0.960 2
42.886 31.724 28.000 70 130 180 0.960 2
43.571 31.724 28.000 70 130 180 0.960 2
44.257 31.724 28.000 70 130 180 0.960 2
44.943 31.724 28.000 70 130 180 0.960 2
45.629 31.724 28.000 70 130 180 0.960 2
46.314 31.724 28.000 70 130 180 0.960 2
47.000 31.724 28.000 70 130 180 0.960 2
23.000 32.414 28.000 70 130 180 0.960 2
23.686 32.414 28.000 70 130 180 0.960 2
24.371 32.414 28.000 70 130 180 0.960 2
25.057 32.414 28.000 70 130 180 0.960 2
25.743 32.414 28.000 70 130 180 0.960 2
26.429 32.414 28.000 70 130 180 0.960 2
27.114 32.414 28.000 70 130 180 0.960 2
27.800 32.414 28.000 70 130 180 0.960 2
28.486 32.414 28.000 70 130 180 0.960 2
29.171 32.414 28.000 70 130 180 0.960 2
29.857 32.414 28.000 70 130 180 0.960 2
30.543 32.414 28.000 70 130 180 0.960 2
31.229 32.414 28.000 70 130 180 0.960 2
31.914 32.414 28.000 70 130 180 0.960 2
32.600 32.414 28.000 70 130 180 0.960 2
33.286 32.414 28.000 70 130 180 0.960 2
33.971 32.414 28.000 70 130 180 0.960 2
34.657 32.414 28.000 70 130 180 0.960 2
35.343 32.414 28.000 70 130 180 0.960 2
36.029 32.414 28.000 70 130 180 0.960 2
36.714 32.414 28.000 70 130 180 0.960 2
37.400 32.414 28.000 70 130 180 0.960 2
38.086 32.414 28.000 70 130 180 0.960 2
38.771 32.414 28.000 70 130 180 0.960 2
39.457 32.414 28.000 70 130 180 0.960 2
40.143 32.414 28.000 70 130 180 0.960 2
40.829 32.414 28.000 70 130 180 0.960 2
41.514 32.414 28.000 70 130 180 0.960 2
42.200 32.414 28.000 70 130 180 0.960 2
42.886 32.414 28.000 70 130 180 0.960 2
43.571 32.414 28.000 70 130 180 0.960 2
44.257 32.414 28.000 70 130 180 0.960 2
44.943 32.414 28.000 70 130 180 0.960 2
45.629 32.414 28.000 70 130 180 0.960 2
46.314 32.414 28.000 70 130 180 0.960 2
47.000 32.414 28.000 70 130 180 0.960 2
23.000 33.103 28.000 70 130 180 0.960 2
23.686 33.103 28.000 70 130 180 0.960 2
24.371 33.103 28.000 70 130 180 0.960 2
25.057 33.103 28.000 70 130 180 0.960 2
25.743 33.103 28.000 70 130 180 0.960 2
26.429 33.103 28.000 70 130 180 0.960 2
27.114 33.103 28.000 70 130 180 0.960 2
27.800 33.103 28.000 70 130 180 0.960 2
28.486 33.103 28.000 70 130 180 0.960 2
29.171 33.103 28.000 70 130 180 0.960 2
29.857 33.103 28.000 70 130 180 0.960 2
30.543 33.103 28.000 70 130 180 0.960 2
31.229 33.103 28.000 70 130 180 0.960 2
31.914 33.103 28.000 70 130 180 0.960 2
32.600 33.103 28.000 70 130 180 0.960 2
33.286 33.103 28.000 70 130 180 0.960 2
33.971 33.103 28.000 70 130 180 0.960 2
34.657 33.103 28.000 70 130 180 0.960 2
35.343 33.103 28.000 70 130 180 0.960 2
36.029 33.103 28.000 70 130 180 0.960 2
36.714 33.103 28.000 70 130 180 0.960 2
37.400 33.103 28.000 70 130 180 0.960 2
38.086 33.103 28.000 70 130 180 0.960 2
38.771 33.103 28.000 70 130 180 0.960 2
39.457 33.103 28.000 70 130 180 0.960 2
40.143 33.103 28.000 70 130 180 0.960 2
40.829 33.103 28.000 70 130 180 0.960 2
41.514 33.103 28.000 70 130 180 0.960 2
42.200 33.103 28.000 70 130 180 0.960 2
42.886 33.103 28.000 70 130 180 0.960 2
43.571 33.103 28.000 70 130 180 0.960 2
44.257 33.103 28.000 70 130 180 0.960 2
44.943 33.103 28.000 70 130 180 0.960 2
45.629 33.103 28.000 70 130 180 0.960 2
46.314 33.103 28.000 70 130 180 0.960 2
47.000 33.103 28.000 70 130 180 0.960 2
23.000 33.793 28.000 70 130 180 0.960 2
23.686 33.793 28.000 70 130 180 0.960 2
24.371 33.793 28.000 70 130 180 0.960 2
25.057 33.793 28.000 70 130 180 0.960 2
25.743 33.793 28.000 70 130 180 0.960 2
26.429 33.793 28.000 70 130 180 0.960 2
27.114 33.793 28.000 70 130 180 0.960 2
27.800 33.793 28.000 70 130 180 0.960 2
28.486 33.793 28.000 70 130 180 0.960 2
29.171 33.793 28.000 70 130 180 0.960 2
29.857 33.793 28.000 70 130 180 0.960 2
30.543 33.793 28.000 70 130 180 0.960 2
31.229 33.793 28.000 70 130 180 0.960 2
31.914 33.793 28.000 70 130 180 0.960 2
32.600 33.793 28.000 70 130 180 0.960 2
33.286 33.793 28.000 70 130 180 0.960 2
33.971 33.793 28.000 70 130 180 0.960 2
34.657 33.793 28.000 70 130 180 0.960 2
35.343 33.793 28.000 70 130 180 0.960 2
36.029 33.793 28.000 70 130 180 0.960 2
36.714 33.793 28.000 70 130 180 0.960 2
37.400 33.793 28.000 70 130 180 0.960 2
38.086 33.793 28.000 70 130 180 0.960 2
38.771 33.793 28.000 70 130 180 0.960 2
39.457 33.793 28.000 70 130 180 0.960 2
40.143 33.793 28.000 70 130 180 0.960 2
40.829 33.793 28.000 70 130 180 0.960 2
41.514 33.793 28.000 70 130 180 0.960 2
42.200 33.793 28.000 70 130 180 0.960 2
42.886 33.793 28.000 70 130 180 0.960 2
43.571 33.793 28.000 70 130 180 0.960 2
44.257 33.793 28.000 70 130 180 0.960 2
44.943 33.793 28.000 70 130 180 0.960 2
45.629 33.793 28.000 70 130 180 0.960 2
46.314 33.793 28.000 70 130 180 0.960 2
47.000 33.793 28.000 70 130 180 0.960 2
23.000 34.483 28.000 70 130 180 0.960 2
23.686 34.483 28.000 70 130 180 0.960 2
24.371 34.483 28.000 70 130 180 0.960 2
25.057 34.483 28.000 70 130 180 0.960 2
25.743 34.483 28.000 70 130 180 0.960 2
26.429 34.483 28.000 70 130 180 0.960 2
27.114 34.483 28.000 70 130 180 0.960 2
27.800 34.483 28.000 70 130 180 0.960 2
28.486 34.483 28.000 70 130 180 0.960 2
29.171 34.483 28.000 70 130 180 0.960 2
29.857 34.483 28.000 70 130 180 0.960 2
30.543 34.483 28.000 70 130 180 0.960 2
31.229 34.483 28.000 70 130 180 0.960 2
31.914 34.483 28.000 70 130 180 0.960 2
32.600 34.483 28.000 70 130 180 0.960 2
33.286 34.483 28.000 70 130 180 0.960 2
33.971 34.483 28.000 70 130 180 0.960 2
34.657 34.483 28.000 70 130 180 0.960 2
35.343 34.483 28.000 70 130 180 0.960 2
36.029 34.483 28.000 70 130 180 0.960 2
36.714 34.483 28.000 70 130 180 0.960 2
37.400 34.483 28.000 70 130 180 0.960 2
38.086 34.483 28.000 70 130 180 0.960 2
38.771 34.483 28.000 70 130 180 0.960 2
39.457 34.483 28.000 70 130 180 0.960 2
40.143 34.483 28.000 70 130 180 0.960 2
40.829 34.483 28.000 70 130 180 0.960 2
41.514 34.483 28.000 70 130 180 0.960 2
42.200 34.483 28.000 70 130 180 0.960 2
42.886 34.483 28.000 70 130 180 0.960 2
43.571 34.483 28.000 70 130 180 0.960 2
44.257 34.483 28.000 70 130 180 0.960 2
44.943 34.483 28.000 70 130 180 0.960 2
45.629 34.483 28.000 70 130 180 0.960 2
46.314 34.483 28.000 70 130 180 0.960 2
47.000 34.483 28.000 70 130 180 0.960 2
23.000 35.172 28.000 70 130 180 0.960 2
23.686 35.172 28.000 70 130 180 0.960 2
24.371 35.172 28.000 70 130 180 0.960 2
25.057 35.172 28.000 70 130 180 0.960 2
25.743 35.172 28.000 70 130 180 0.960 2
26.429 35.172 28.000 70 130 180 0.960 2
27.114 35.172 28.000 70 130 180 0.960 2
27.800 35.172 28.000 70 130 180 0.960 2
28.486 35.172 28.000 70 130 180 0.960 2
29.171 35.172 28.000 70 130 180 0.960 2
29.857 35.172 28.000 70 130 180 0.960 2
30.543 35.172 28.000 70 130 180 0.960 2
31.229 35.172 28.000 70 130 180 0.960 2
31.914 35.172 28.000 70 130 180 0.960 2
32.600 35.172 28.000 70 130 180 0.960 2
33.286 35.172 28.000 70 130 180 0.960 2
33.971 35.172 28.000 70 130 180 0.960 2
34.657 35.172 28.000 70 130 180 0.960 2
35.343 35.172 28.000 70 130 180 0.960 2
36.029 35.172 28.000 70 130 180 0.960 2
36.714 35.172 28.000 70 130 180 0.960 2
37.400 35.172 28.000 70 130 180 0.960 2
38.086 35.172 28.000 70 130 180 0.960 2
38.771 35.172 28.000 70 130 180 0.960 2
39.457 35.172 28.000 70 130 180 0.960 2
40.143 35.172 28.000 70 130 180 0.960 2
40.829 35.172 28.000 70 130 180 0.960 2
41.514 35.172 28.000 70 130 180 0.960 2
42.200 35.172 28.000 70 130 180 0.960 2
42.886 35.172 28.000 70 130 180 0.960 2
43.571 35.172 28.000 70 130 180 0.960 2
44.257 35.172 28.000 70 130 180 0.960 2
44.943 35.172 28.000 70 130 180 0.960 2
45.629 35.172 28.000 70 130 180 0.960 2
46.314 35.172 28.000 70 130 180 0.960 2
47.000 35.172 28.000 70 130 180 0.960 2
23.000 35.862 28.000 70 130 180 0.960 2
23.686 35.862 28.000 70 130 180 0.960 2
24.371 35.862 28.000 70 130 180 0.960 2
25.057 35.862 28.000 70 130 180 0.960 2
25.743 35.862 28.000 70 130 180 0.960 2
26.429 35.862 28.000 70 130 180 0.960 2
27.114 35.862 28.000 70 130 180 0.960 2
27.800 35.862 28.000 70 130 180 0.960 2
28.486 35.862 28.000 70 130 180 0.960 2
29.171 35.862 28.000 70 130 180 0.960 2
29.857 35.862 28.000 70 130 180 0.960 2
30.543 35.862 28.000 70 130 180 0.960 2
31.229 35.862 28.000 70 130 180 0.960 2
31.914 35.862 28.000 70 130 180 0.960 2
32.600 35.862 28.000 70 130 180 0.960 2
33.286 35.862 28.000 70 130 180 0.960 2
33.971 35.862 28.000 70 130 180 0.960 2
34.657 35.862 28.000 70 130 180 0.960 2
35.343 35.862 28.000 70 130 180 0.960 2
36.029 35.862 28.000 70 130 180 0.960 2
36.714 35.862 28.000 70 130 180 0.960 2
37.400 35.862 28.000 70 130 180 0.960 2
38.086 35.862 28.000 70 130 180 0.960 2
38.771 35.862 28.000 70 130 180 0.960 2
39.457 35.862 28.000 70 130 180 0.960 2
40.143 35.862 28.000 70 130 180 0.960 2
40.829 35.862 28.000 70 130 180 0.960 2
41.514 35.862 28.000 70 130 180 0.960 2
42.200 35.862 28.000 70 130 180 0.960 2
42.886 35.862 28.000 70 130 180 0.960 2
43.571 35.862 28.000 70 130 180 0.960 2
44.257 35.862 28.000 70 130 180 0.960 2
44.943 35.862 28.000 70 130 180 0.960 2
45.629 35.862 28.000 70 130 180 0.960 2
46.314 35.862 28.000 70 130 180 0.960 2
47.000 35.862 28.000 70 130 180 0.960 2
23.000 36.552 28.000 70 130 180 0.960 2
23.686 36.552 28.000 70 130 180 0.960 2
24.371 36.552 28.000 70 130 180 0.960 2
25.057 36.552 28.000 70 130 180 0.960 2
25.743 36.552 28.000 70 130 180 0.960 2
26.429 36.552 28.000 70 130 180 0.960 2
27.114 36.552 28.000 70 130 180 0.960 2
27.800 36.552 28.000 70 130 180 0.960 2
28.486 36.552 28.000 70 130 180 0.960 2
29.171 36.552 28.000 70 130 180 0.960 2
29.857 36.552 28.000 70 130 180 0.960 2
30.543 36.552 28.000 70 130 180 0.960 2
31.229 36.552 28.000 70 130 180 0.960 2
31.914 36.552 28.000 70 130 180 0.960 2
32.600 36.552 28.000 70 130 180 0.960 2
33.286 36.552 28.000 70 130 180 0.960 2
33.971 36.552 28.000 70 130 180 0.960 2
34.657 36.552 28.000 70 130 180 0.960 2
35.343 36.552 28.000 70 130 180 0.960 2
36.029 36.552 28.000 70 130 180 0.960 2
36.714 36.552 28.000 70 130 180 0.960 2
37.400 36.552 28.000 70 130 180 0.960 2
38.086 36.552 28.000 70 130 180 0.960 2
38.771 36.552 28.000 70 130 180 0.960 2
39.457 36.552 28.000 70 130 180 0.960 2
40.143 36.552 28.000 70 130 180 0.960 2
40.829 36.552 28.000 70 130 180 0.960 2
41.514 36.552 28.000 70 130 180 0.960 2
42.200 36.552 28.000 70 130 180 0.960 2
42.886 36.552 28.000 70 130 180 0.960 2
43.571 36.552 28.000 70 130 180 0.960 2
44.257 36.552 28.000 70 130 180 0.960 2
44.943 36.552 28.000 70 130 180 0.960 2
45.629 36.552 28.000 70 130 180 0.960 2
46.314 36.552 28.000 70 130 180 0.960 2
47.000 36.552 28.000 70 130 180 0.960 2
23.000 37.241 28.000 70 130 180 0.960 2
23.686 37.241 28.000 70 130 180 0.960 2
24.371 37.241 28.000 70 130 180 0.960 2
25.057 37.241 28.000 70 130 180 0.960 2
25.743 37.241 28.000 70 130 180 0.960 2
26.429 37.241 28.000 70 130 180 0.960 2
27.114 37.241 28.000 70 130 180 0.960 2
27.800 37.241 28.000 70 130 180 0.960 2
28.486 37.241 28.000 70 130 180 0.960 2
29.171 37.241 28.000 70 130 180 0.960 2
29.857 37.241 28.000 70 130 180 0.960 2
30.543 37.241 28.000 70 130 180 0.960 2
31.229 37.241 28.000 70 130 180 0.960 2
31.914 37.241 28.000 70 130 180 0.960 2
32.600 37.241 28.000 70 130 180 0.960 2
33.286 37.241 28.000 70 130 180 0.960 2
33.971 37.241 28.000 70 130 180 0.960 2
34.657 37.241 28.000 70 130 180 0.960 2
35.343 37.241 28.000 70 130 180 0.960 2
36.029 37.241 28.000 70 130 180 0.960 2
36.714 37.241 28.000 70 130 180 0.960 2
37.400 37.241 28.000 70 130 180 0.960 2
38.086 37.241 28.000 70 130 180 0.960 2
38.771 37.241 28.000 70 130 180 0.960 2
39.457 37.241 28.000 70 130 180 0.960 2
40.143 37.241 28.000 70 130 180 0.960 2
40.829 37.241 28.000 70 130 180 0.960 2
41.514 37.241 28.000 70 130 180 0.960 2
42.200 37.241 28.000 70 130 180 0.960 2
42.886 37.241 28.000 70 130 180 0.960 2
43.571 37.241 28.000 70 130 180 0.960 2
44.257 37.241 28.000 70 130 180 0.960 2
44.943 37.241 28.000 70 130 180 0.960 2
45.629 37.241 28.000 70 130 180 0.960 2
46.314 37.241 28.000 70 130 180 0.960 2
47.000 37.241 28.000 70 130 180 0.960 2
23.000 37.931 28.000 70 130 180 0.960 2
23.686 37.931 28.000 70 130 180 0.960 2
24.371 37.931 28.000 70 130 180 0.960 2
25.057 37.931 28.000 70 130 180 0.960 2
25.743 37.931 28.000 70 130 180 0.960 2
26.429 37.931 28.000 70 130 180 0.960 2
27.114 37.931 28.000 70 130 180 0.960 2
27.800 37.931 28.000 70 130 180 0.960 2
28.486 37.931 28.000 70 130 180 0.960 2
29.171 37.931 28.000 70 130 180 0.960 2
29.857 37.931 28.000 70 130 180 0.960 2
30.543 37.931 28.000 70 130 180 0.960 2
31.229 37.931 28.000 70 130 180 0.960 2
31.914 37.931 28.000 70 130 180 0.960 2
32.600 37.931 28.000 70 130 180 0.960 2
33.286 37.931 28.000 70 130 180 0.960 2
33.971 37.931 28.000 70 130 180 0.960 2
34.657 37.931 28.000 70 130 180 0.960 2
35.343 37.931 28.000 70 130 180 0.960 2
36.029 37.931 28.000 70 130 180 0.960 2
36.714 37.931 28.000 70 130 180 0.960 2
37.400 37.931 28.000 70 130 180 0.960 2
38.086 37.931 28.000 70 130 180 0.960 2
38.771 37.931 28.000 70 130 180 0.960 2
39.457 37.931 28.000 70 130 180 0.960 2
40.143 37.931 28.000 70 130 180 0.960 2
40.829 37.931 28.000 70 130 180 0.960 2
41.514 37.931 28.000 70 130 180 0.960 2
42.200 37.931 28.000 70 130 180 0.960 2
42.886 37.931 28.000 70 130 180 0.960 2
43.571 37.931 28.000 70 130 180 0.960 2
44.257 37.931 28.000 70 130 180 0.960 2
44.943 37.931 28.000 70 130 180 0.960 2
45.629 37.931 28.000 70 130 180 0.960 2
46.314 37.931 28.000 70 130 180 0.960 2
47.000 37.931 28.000 70 130 180 0.960 2
23.000 38.621 28.000 70 130 180 0.960 2
23.686 38.621 28.000 70 130 180 0.960 2
24.371 38.621 28.000 70 130 180 0.960 2
25.057 38.621 28.000 70 130 180 0.960 2
25.743 38.621 28.000 70 130 180 0.960 2
26.429 38.621 28.000 70 130 180 0.960 2
27.114 38.621 28.000 70 130 180 0.960 2
27.800 38.621 28.000 70 130 180 0.960 2
28.486 38.621 28.000 70 130 180 0.960 2
29.171 38.621 28.000 70 130 180 0.960 2
29.857 38.621 28.000 70 130 180 0.960 2
30.543 38.621 28.000 70 130 180 0.960 2
31.229 38.621 28.000 70 130 180 0.960 2
31.914 38.621 28.000 70 130 180 0.960 2
32.600 38.621 28.000 70 130 180 0.960 2
33.286 38.621 28.000 70 130 180 0.960 2
33.971 38.621 28.000 70 130 180 0.960 2
34.657 38.621 28.000 70 130 180 0.960 2
35.343 38.621 28.000 70 130 180 0.960 2
36.029 38.621 28.000 70 130 180 0.960 2
36.714 38.621 28.000 70 130 180 0.960 2
37.400 38.621 28.000 70 130 180 0.960 2
38.086 38.621 28.000 70 130 180 0.960 2
38.771 38.621 28.000 70 130 180 0.960 2
39.457 38.621 28.000 70 130 180 0.960 2
40.143 38.621 28.000 70 130 180 0.960 2
40.829 38.621 28.000 70 130 180 0.960 2
41.514 38.621 28.000 70 130 180 0.960 2
42.200 38.621 28.000 70 130 180 0.960 2
42.886 38.621 28.000 70 130 180 0.960 2
43.571 38.621 28.000 70 130 180 0.960 2
44.257 38.621 28.000 70 130 180 0.960 2
44.943 38.621 28.000 70 130 180 0.960 2
45.629 38.621 28.000 70 130 180 0.960 2
46.314 38.621 28.000 70 130 180 0.960 2
47.000 38.621 28.000 70 130 180 0.960 2
23.000 39.310 28.000 70 130 180 0.960 2
23.686 39.310 28.000 70 130 180 0.960 2
24.371 39.310 28.000 70 130 180 0.960 2
25.057 39.310 28.000 70 130 180 0.960 2
25.743 39.310 28.000 70 130 180 0.960 2
26.429 39.310 28.000 70 130 180 0.960 2
27.114 39.310 28.000 70 130 180 0.960 2
27.800 39.310 28.000 70 130 180 0.960 2
28.486 39.310 28.000 70 130 180 0.960 2
29.171 39.310 28.000 70 130 180 0.960 2
29.857 39.310 28.000 70 130 180 0.960 2
30.543 39.310 28.000 70 130 180 0.960 2
31.229 39.310 28.000 70 130 180 0.960 2
31.914 39.310 28.000 70 130 180 0.960 2
32.600 39.310 28.000 70 130 180 0.960 2
33.286 39.310 28.000 70 130 180 0.960 2
33.971 39.310 28.000 70 130 180 0.960 2
34.657 39.310 28.000 70 130 180 0.960 2
35.343 39.310 28.000 70 130 180 0.960 2
36.029 39.310 28.000 70 130 180 0.960 2
36.714 39.310 28.000 70 130 180 0.960 2
37.400 39.310 28.000 70 130 180 0.960 2
38.086 39.310 28.000 70 130 180 0.960 2
38.771 39.310 28.000 70 130 180 0.960 2
39.457 39.310 28.000 70 130 180 0.960 2
40.143 39.310 28.000 70 130 180 0.960 2
40.829 39.310 28.000 70 130 180 0.960 2
41.514 39.310 28.000 70 130 180 0.960 2
42.200 39.310 28.000 70 130 180 0.960 2
42.886 39.310 28.000 70 130 180 0.960 2
43.571 39.310 28.000 70 130 180 0.960 2
44.257 39.310 28.000 70 130 180 0.960 2
44.943 39.310 28.000 70 130 180 0.960 2
45.629 39.310 28.000 70 130 180 0.960 2
46.314 39.310 28.000 70 130 180 0.960 2
47.000 39.310 28.000 70 130 180 0.960 2
23.000 40.000 28.000 70 130 180 0.960 2
23.686 40.000 28.000 70 130 180 0.960 2
24.371 40.000 28.000 70 130 180 0.960 2
25.057 40.000 28.000 70 130 180 0.960 2
25.743 40.000 28.000 70 130 180 0.960 2
26.429 40.000 28.000 70 130 180 0.960 2
27.114 40.000 28.000 70 130 180 0.960 2
27.800 40.000 28.000 70 130 180 0.960 2
28.486 40.000 28.000 70 130 180 0.960 2
29.171 40.000 28.000 70 130 180 0.960 2
29.857 40.000 28.000 70 130 180 0.960 2
30.543 40.000 28.000 70 130 180 0.960 2
31.229 40.000 28.000 70 130 180 0.960 2
31.914 40.000 28.000 70 130 180 0.960 2
32.600 40.000 28.000 70 130 180 0.960 2
33.286 40.000 28.000 70 130 180 0.960 2
33.971 40.000 28.000 70 130 180 0.960 2
34.657 40.000 28.000 70 130 180 0.960 2
35.343 40.000 28.000 70 130 180 0.960 2
36.029 40.000 28.000 70 130 180 0.960 2
36.714 40.000 28.000 70 130 180 0.960 2
37.400 40.000 28.000 70 130 180 0.960 2
38.086 40.000 28.000 70 130 180 0.960 2
38.771 40.000 28.000 70 130 180 0.960 2
39.457 40.000 28.000 70 130 180 0.960 2
40.143 40.000 28.000 70 130 180 0.960 2
40.829 40.000 28.000 70 130 180 0.960 2
41.514 40.000 28.000 70 130 180 0.960 2
42.200 40.000 28.000 70 130 180 0.960 2
42.886 40.000 28.000 70 130 180 0.960 2
43.571 40.000 28.000 70 130 180 0.960 2
44.257 40.000 28.000 70 130 180 0.960 2
44.943 40.000 28.000 70 130 180 0.960 2
45.629 40.000 28.000 70 130 180 0.960 2
46.314 40.000 28.000 70 130 180 0.960 2
47.000 40.000 28.000 70 130 180 0.960 2
23.000 20.000 0.000 210 215 220 0.890 2
23.000 40.000 0.000 210 215 220 0.890 2
24.371 20.000 0.000 210 215 220 0.890 2
24.371 40.000 0.000 210 215 220 0.890 2
25.743 20.000 0.000 210 215 220 0.890 2
25.743 40.000 0.000 210 215 220 0.890 2
27.114 20.000 0.000 210 215 220 0.890 2
27.114 40.000 0.000 210 215 220 0.890 2
28.486 20.000 0.000 210 215 220 0.890 2
28.486 40.000 0.000 210 215 220 0.890 2
29.857 20.000 0.000 210 215 220 0.890 2
29.857 40.000 0.000 210 215 220 0.890 2
31.229 20.000 0.000 210 215 220 0.890 2
31.229 40.000 0.000 210 215 220 0.890 2
32.600 20.000 0.000 210 215 220 0.890 2
32.600 40.000 0.000 210 215 220 0.890 2
33.971 20.000 0.000 210 215 220 0.890 2
33.971 40.000 0.000 210 215 220 0.890 2
35.343 20.000 0.000 210 215 220 0.890 2
35.343 40.000 0.000 210 215 220 0.890 2
36.714 20.000 0.000 210 215 220 0.890 2
36.714 40.000 0.000 210 215 220 0.890 2
38.086 20.000 0.000 210 215 220 0.890 2
38.086 40.000 0.000 210 215 220 0.890 2
39.457 20.000 0.000 210 215 220 0.890 2
39.457 40.000 0.000 210 215 220 0.890 2
40.829 20.000 0.000 210 215 220 0.890 2
40.829 40.000 0.000 210 215 220 0.890 2
42.200 20.000 0.000 210 215 220 0.890 2
42.200 40.000 0.000 210 215 220 0.890 2
43.571 20.000 0.000 210 215 220 0.890 2
43.571 40.000 0.000 210 215 220 0.890 2
44.943 20.000 0.000 210 215 220 0.890 2
44.943 40.000 0.000 210 215 220 0.890 2
46.314 20.000 0.000 210 215 220 0.890 2
46.314 40.000 0.000 210 215 220 0.890 2
23.000 20.000 0.000 190 195 205 0.880 2
47.000 20.000 0.000 190 195 205 0.880 2
23.000 21.379 0.000 190 195 205 0.880 2
47.000 21.379 0.000 190 195 205 0.880 2
23.000 22.759 0.000 190 195 205 0.880 2
47.000 22.759 0.000 190 195 205 0.880 2
23.000 24.138 0.000 190 195 205 0.880 2
47.000 24.138 0.000 190 195 205 0.880 2
23.000 25.517 0.000 190 195 205 0.880 2
47.000 25.517 0.000 190 195 205 0.880 2
23.000 26.897 0.000 190 195 205 0.880 2
47.000 26.897 0.000 190 195 205 0.880 2
23.000 28.276 0.000 190 195 205 0.880 2
47.000 28.276 0.000 190 195 205 0.880 2
23.000 29.655 0.000 190 195 205 0.880 2
47.000 29.655 0.000 190 195 205 0.880 2
23.000 31.034 0.000 190 195 205 0.880 2
47.000 31.034 0.000 190 195 205 0.880 2
23.000 32.414 0.000 190 195 205 0.880 2
47.000 32.414 0.000 190 195 205 0.880 2
23.000 33.793 0.000 190 195 205 0.880 2
47.000 33.793 0.000 190 195 205 0.880 2
23.000 35.172 0.000 190 195 205 0.880 2
47.000 35.172 0.000 190 195 205 0.880 2
23.000 36.552 0.000 190 195 205 0.880 2
47.000 36.552 0.000 190 195 205 0.880 2
23.000 37.931 0.000 190 195 205 0.880 2
47.000 37.931 0.000 190 195 205 0.880 2
23.000 39.310 0.000 190 195 205 0.880 2
47.000 39.310 0.000 190 195 205 0.880 2
23.000 20.000 0.875 210 215 220 0.890 2
23.000 40.000 0.875 210 215 220 0.890 2
24.371 20.000 0.875 210 215 220 0.890 2
24.371 40.000 0.875 210 215 220 0.890 2
25.743 20.000 0.875 210 215 220 0.890 2
25.743 40.000 0.875 210 215 220 0.890 2
27.114 20.000 0.875 210 215 220 0.890 2
27.114 40.000 0.875 210 215 220 0.890 2
28.486 20.000 0.875 210 215 220 0.890 2
28.486 40.000 0.875 210 215 220 0.890 2
29.857 20.000 0.875 210 215 220 0.890 2
29.857 40.000 0.875 210 215 220 0.890 2
31.229 20.000 0.875 210 215 220 0.890 2
31.229 40.000 0.875 210 215 220 0.890 2
32.600 20.000 0.875 210 215 220 0.890 2
32.600 40.000 0.875 210 215 220 0.890 2
33.971 20.000 0.875 210 215 220 0.890 2
33.971 40.000 0.875 210 215 220 0.890 2
35.343 20.000 0.875 210 215 220 0.890 2
35.343 40.000 0.875 210 215 220 0.890 2
36.714 20.000 0.875 210 215 220 0.890 2
36.714 40.000 0.875 210 215 220 0.890 2
38.086 20.000 0.875 210 215 220 0.890 2
38.086 40.000 0.875 210 215 220 0.890 2
39.457 20.000 0.875 210 215 220 0.890 2
39.457 40.000 0.875 210 215 220 0.890 2
40.829 20.000 0.875 210 215 220 0.890 2
40.829 40.000 0.875 210 215 220 0.890 2
42.200 20.000 0.875 210 215 220 0.890 2
42.200 40.000 0.875 210 215 220 0.890 2
43.571 20.000 0.875 210 215 220 0.890 2
43.571 40.000 0.875 210 215 220 0.890 2
44.943 20.000 0.875 210 215 220 0.890 2
44.943 40.000 0.875 210 215 220 0.890 2
46.314 20.000 0.875 210 215 220 0.890 2
46.314 40.000 0.875 210 215 220 0.890 2
23.000 20.000 0.875 190 195 205 0.880 2
47.000 20.000 0.875 190 195 205 0.880 2
23.000 21.379 0.875 190 195 205 0.880 2
47.000 21.379 0.875 190 195 205 0.880 2
23.000 22.759 0.875 190 195 205 0.880 2
47.000 22.759 0.875 190 195 205 0.880 2
23.000 24.138 0.875 190 195 205 0.880 2
47.000 24.138 0.875 190 195 205 0.880 2
23.000 25.517 0.875 190 195 205 0.880 2
47.000 25.517 0.875 190 195 205 0.880 2
23.000 26.897 0.875 190 195 205 0.880 2
47.000 26.897 0.875 190 195 205 0.880 2
23.000 28.276 0.875 190 195 205 0.880 2
47.000 28.276 0.875 190 195 205 0.880 2
23.000 29.655 0.875 190 195 205 0.880 2
47.000 29.655 0.875 190 195 205 0.880 2
23.000 31.034 0.875 190 195 205 0.880 2
47.000 31.034 0.875 190 195 205 0.880 2
23.000 32.414 0.875 190 195 205 0.880 2
47.000 32.414 0.875 190 195 205 0.880 2
23.000 33.793 0.875 190 195 205 0.880 2
47.000 33.793 0.875 190 195 205 0.880 2
23.000 35.172 0.875 190 195 205 0.880 2
47.000 35.172 0.875 190 195 205 0.880 2
23.000 36.552 0.875 190 195 205 0.880 2
47.000 36.552 0.875 190 195 205 0.880 2
23.000 37.931 0.875 190 195 205 0.880 2
47.000 37.931 0.875 190 195 205 0.880 2
23.000 39.310 0.875 190 195 205 0.880 2
47.000 39.310 0.875 190 195 205 0.880 2
23.000 20.000 1.750 210 215 220 0.890 2
23.000 40.000 1.750 210 215 220 0.890 2
24.371 20.000 1.750 210 215 220 0.890 2
24.371 40.000 1.750 210 215 220 0.890 2
25.743 20.000 1.750 210 215 220 0.890 2
25.743 40.000 1.750 210 215 220 0.890 2
27.114 20.000 1.750 210 215 220 0.890 2
27.114 40.000 1.750 210 215 220 0.890 2
28.486 20.000 1.750 210 215 220 0.890 2
28.486 40.000 1.750 210 215 220 0.890 2
29.857 20.000 1.750 210 215 220 0.890 2
29.857 40.000 1.750 210 215 220 0.890 2
31.229 20.000 1.750 210 215 220 0.890 2
31.229 40.000 1.750 210 215 220 0.890 2
32.600 20.000 1.750 210 215 220 0.890 2
32.600 40.000 1.750 210 215 220 0.890 2
33.971 20.000 1.750 210 215 220 0.890 2
33.971 40.000 1.750 210 215 220 0.890 2
35.343 20.000 1.750 210 215 220 0.890 2
35.343 40.000 1.750 210 215 220 0.890 2
36.714 20.000 1.750 210 215 220 0.890 2
36.714 40.000 1.750 210 215 220 0.890 2
38.086 20.000 1.750 210 215 220 0.890 2
38.086 40.000 1.750 210 215 220 0.890 2
39.457 20.000 1.750 210 215 220 0.890 2
39.457 40.000 1.750 210 215 220 0.890 2
40.829 20.000 1.750 210 215 220 0.890 2
40.829 40.000 1.750 210 215 220 0.890 2
42.200 20.000 1.750 210 215 220 0.890 2
42.200 40.000 1.750 210 215 220 0.890 2
43.571 20.000 1.750 210 215 220 0.890 2
43.571 40.000 1.750 210 215 220 0.890 2
44.943 20.000 1.750 210 215 220 0.890 2
44.943 40.000 1.750 210 215 220 0.890 2
46.314 20.000 1.750 210 215 220 0.890 2
46.314 40.000 1.750 210 215 220 0.890 2
23.000 20.000 1.750 190 195 205 0.880 2
47.000 20.000 1.750 190 195 205 0.880 2
23.000 21.379 1.750 190 195 205 0.880 2
47.000 21.379 1.750 190 195 205 0.880 2
23.000 22.759 1.750 190 195 205 0.880 2
47.000 22.759 1.750 190 195 205 0.880 2
23.000 24.138 1.750 190 195 205 0.880 2
47.000 24.138 1.750 190 195 205 0.880 2
23.000 25.517 1.750 190 195 205 0.880 2
47.000 25.517 1.750 190 195 205 0.880 2
23.000 26.897 1.750 190 195 205 0.880 2
47.000 26.897 1.750 190 195 205 0.880 2
23.000 28.276 1.750 190 195 205 0.880 2
47.000 28.276 1.750 190 195 205 0.880 2
23.000 29.655 1.750 190 195 205 0.880 2
47.000 29.655 1.750 190 195 205 0.880 2
23.000 31.034 1.750 190 195 205 0.880 2
47.000 31.034 1.750 190 195 205 0.880 2
23.000 32.414 1.750 190 195 205 0.880 2
47.000 32.414 1.750 190 195 205 0.880 2
23.000 33.793 1.750 190 195 205 0.880 2
47.000 33.793 1.750 190 195 205 0.880 2
23.000 35.172 1.750 190 195 205 0.880 2
47.000 35.172 1.750 190 195 205 0.880 2
23.000 36.552 1.750 190 195 205 0.880 2
47.000 36.552 1.750 190 195 205 0.880 2
23.000 37.931 1.750 190 195 205 0.880 2
47.000 37.931 1.750 190 195 205 0.880 2
23.000 39.310 1.750 190 195 205 0.880 2
47.000 39.310 1.750 190 195 205 0.880 2
23.000 20.000 2.625 210 215 220 0.890 2
23.000 40.000 2.625 210 215 220 0.890 2
24.371 20.000 2.625 210 215 220 0.890 2
24.371 40.000 2.625 210 215 220 0.890 2
25.743 20.000 2.625 210 215 220 0.890 2
25.743 40.000 2.625 210 215 220 0.890 2
27.114 20.000 2.625 210 215 220 0.890 2
27.114 40.000 2.625 210 215 220 0.890 2
28.486 20.000 2.625 210 215 220 0.890 2
28.486 40.000 2.625 210 215 220 0.890 2
29.857 20.000 2.625 210 215 220 0.890 2
29.857 40.000 2.625 210 215 220 0.890 2
31.229 20.000 2.625 210 215 220 0.890 2
31.229 40.000 2.625 210 215 220 0.890 2
32.600 20.000 2.625 210 215 220 0.890 2
32.600 40.000 2.625 210 215 220 0.890 2
33.971 20.000 2.625 210 215 220 0.890 2
33.971 40.000 2.625 210 215 220 0.890 2
35.343 20.000 2.625 210 215 220 0.890 2
35.343 40.000 2.625 210 215 220 0.890 2
36.714 20.000 2.625 210 215 220 0.890 2
36.714 40.000 2.625 210 215 220 0.890 2
38.086 20.000 2.625 210 215 220 0.890 2
38.086 40.000 2.625 210 215 220 0.890 2
39.457 20.000 2.625 210 215 220 0.890 2
39.457 40.000 2.625 210 215 220 0.890 2
40.829 20.000 2.625 210 215 220 0.890 2
40.829 40.000 2.625 210 215 220 0.890 2
42.200 20.000 2.625 210 215 220 0.890 2
42.200 40.000 2.625 210 215 220 0.890 2
43.571 20.000 2.625 210 215 220 0.890 2
43.571 40.000 2.625 210 215 220 0.890 2
44.943 20.000 2.625 210 215 220 0.890 2
44.943 40.000 2.625 210 215 220 0.890 2
46.314 20.000 2.625 210 215 220 0.890 2
46.314 40.000 2.625 210 215 220 0.890 2
23.000 20.000 2.625 190 195 205 0.880 2
47.000 20.000 2.625 190 195 205 0.880 2
23.000 21.379 2.625 190 195 205 0.880 2
47.000 21.379 2.625 190 195 205 0.880 2
23.000 22.759 2.625 190 195 205 0.880 2
47.000 22.759 2.625 190 195 205 0.880 2
23.000 24.138 2.625 190 195 205 0.880 2
47.000 24.138 2.625 190 195 205 0.880 2
23.000 25.517 2.625 190 195 205 0.880 2
47.000 25.517 2.625 190 195 205 0.880 2
23.000 26.897 2.625 190 195 205 0.880 2
47.000 26.897 2.625 190 195 205 0.880 2
23.000 28.276 2.625 190 195 205 0.880 2
47.000 28.276 2.625 190 195 205 0.880 2
23.000 29.655 2.625 190 195 205 0.880 2
47.000 29.655 2.625 190 195 205 0.880 2
23.000 31.034 2.625 190 195 205 0.880 2
47.000 31.034 2.625 190 195 205 0.880 2
23.000 32.414 2.625 190 195 205 0.880 2
47.000 32.414 2.625 190 195 205 0.880 2
23.000 33.793 2.625 190 195 205 0.880 2
47.000 33.793 2.625 190 195 205 0.880 2
23.000 35.172 2.625 190 195 205 0.880 2
47.000 35.172 2.625 190 195 205 0.880 2
23.000 36.552 2.625 190 195 205 0.880 2
47.000 36.552 2.625 190 195 205 0.880 2
23.000 37.931 2.625 190 195 205 0.880 2
47.000 37.931 2.625 190 195 205 0.880 2
23.000 39.310 2.625 190 195 205 0.880 2
47.000 39.310 2.625 190 195 205 0.880 2
23.000 20.000 3.500 210 215 220 0.890 2
23.000 40.000 3.500 210 215 220 0.890 2
24.371 20.000 3.500 210 215 220 0.890 2
24.371 40.000 3.500 210 215 220 0.890 2
25.743 20.000 3.500 210 215 220 0.890 2
25.743 40.000 3.500 210 215 220 0.890 2
27.114 20.000 3.500 210 215 220 0.890 2
27.114 40.000 3.500 210 215 220 0.890 2
28.486 20.000 3.500 210 215 220 0.890 2
28.486 40.000 3.500 210 215 220 0.890 2
29.857 20.000 3.500 210 215 220 0.890 2
29.857 40.000 3.500 210 215 220 0.890 2
31.229 20.000 3.500 210 215 220 0.890 2
31.229 40.000 3.500 210 215 220 0.890 2
32.600 20.000 3.500 210 215 220 0.890 2
32.600 40.000 3.500 210 215 220 0.890 2
33.971 20.000 3.500 210 215 220 0.890 2
33.971 40.000 3.500 210 215 220 0.890 2
35.343 20.000 3.500 210 215 220 0.890 2
35.343 40.000 3.500 210 215 220 0.890 2
36.714 20.000 3.500 210 215 220 0.890 2
36.714 40.000 3.500 210 215 220 0.890 2
38.086 20.000 3.500 210 215 220 0.890 2
38.086 40.000 3.500 210 215 220 0.890 2
39.457 20.000 3.500 210 215 220 0.890 2
39.457 40.000 3.500 210 215 220 0.890 2
40.829 20.000 3.500 210 215 220 0.890 2
40.829 40.000 3.500 210 215 220 0.890 2
42.200 20.000 3.500 210 215 220 0.890 2
42.200 40.000 3.500 210 215 220 0.890 2
43.571 20.000 3.500 210 215 220 0.890 2
43.571 40.000 3.500 210 215 220 0.890 2
44.943 20.000 3.500 210 215 220 0.890 2
44.943 40.000 3.500 210 215 220 0.890 2
46.314 20.000 3.500 210 215 220 0.890 2
46.314 40.000 3.500 210 215 220 0.890 2
23.000 20.000 3.500 190 195 205 0.880 2
47.000 20.000 3.500 190 195 205 0.880 2
23.000 21.379 3.500 190 195 205 0.880 2
47.000 21.379 3.500 190 195 205 0.880 2
23.000 22.759 3.500 190 195 205 0.880 2
47.000 22.759 3.500 190 195 205 0.880 2
23.000 24.138 3.500 190 195 205 0.880 2
47.000 24.138 3.500 190 195 205 0.880 2
23.000 25.517 3.500 190 195 205 0.880 2
47.000 25.517 3.500 190 195 205 0.880 2
23.000 26.897 3.500 190 195 205 0.880 2
47.000 26.897 3.500 190 195 205 0.880 2
23.000 28.276 3.500 190 195 205 0.880 2
47.000 28.276 3.500 190 195 205 0.880 2
23.000 29.655 3.500 190 195 205 0.880 2
47.000 29.655 3.500 190 195 205 0.880 2
23.000 31.034 3.500 190 195 205 0.880 2
47.000 31.034 3.500 190 195 205 0.880 2
23.000 32.414 3.500 190 195 205 0.880 2
47.000 32.414 3.500 190 195 205 0.880 2
23.000 33.793 3.500 190 195 205 0.880 2
47.000 33.793 3.500 190 195 205 0.880 2
23.000 35.172 3.500 190 195 205 0.880 2
47.000 35.172 3.500 190 195 205 0.880 2
23.000 36.552 3.500 190 195 205 0.880 2
47.000 36.552 3.500 190 195 205 0.880 2
23.000 37.931 3.500 190 195 205 0.880 2
47.000 37.931 3.500 190 195 205 0.880 2
23.000 39.310 3.500 190 195 205 0.880 2
47.000 39.310 3.500 190 195 205 0.880 2
23.000 20.000 4.375 210 215 220 0.890 2
23.000 40.000 4.375 210 215 220 0.890 2
24.371 20.000 4.375 210 215 220 0.890 2
24.371 40.000 4.375 210 215 220 0.890 2
25.743 20.000 4.375 210 215 220 0.890 2
25.743 40.000 4.375 210 215 220 0.890 2
27.114 20.000 4.375 210 215 220 0.890 2
27.114 40.000 4.375 210 215 220 0.890 2
28.486 20.000 4.375 210 215 220 0.890 2
28.486 40.000 4.375 210 215 220 0.890 2
29.857 20.000 4.375 210 215 220 0.890 2
29.857 40.000 4.375 210 215 220 0.890 2
31.229 20.000 4.375 210 215 220 0.890 2
31.229 40.000 4.375 210 215 220 0.890 2
32.600 20.000 4.375 210 215 220 0.890 2
32.600 40.000 4.375 210 215 220 0.890 2
33.971 20.000 4.375 210 215 220 0.890 2
33.971 40.000 4.375 210 215 220 0.890 2
35.343 20.000 4.375 210 215 220 0.890 2
35.343 40.000 4.375 210 215 220 0.890 2
36.714 20.000 4.375 210 215 220 0.890 2
36.714 40.000 4.375 210 215 220 0.890 2
38.086 20.000 4.375 210 215 220 0.890 2
38.086 40.000 4.375 210 215 220 0.890 2
39.457 20.000 4.375 210 215 220 0.890 2
39.457 40.000 4.375 210 215 220 0.890 2
40.829 20.000 4.375 210 215 220 0.890 2
40.829 40.000 4.375 210 215 220 0.890 2
42.200 20.000 4.375 210 215 220 0.890 2
42.200 40.000 4.375 210 215 220 0.890 2
43.571 20.000 4.375 210 215 220 0.890 2
43.571 40.000 4.375 210 215 220 0.890 2
44.943 20.000 4.375 210 215 220 0.890 2
44.943 40.000 4.375 210 215 220 0.890 2
46.314 20.000 4.375 210 215 220 0.890 2
46.314 40.000 4.375 210 215 220 0.890 2
23.000 20.000 4.375 190 195 205 0.880 2
47.000 20.000 4.375 190 195 205 0.880 2
23.000 21.379 4.375 190 195 205 0.880 2
47.000 21.379 4.375 190 195 205 0.880 2
23.000 22.759 4.375 190 195 205 0.880 2
47.000 22.759 4.375 190 195 205 0.880 2
23.000 24.138 4.375 190 195 205 0.880 2
47.000 24.138 4.375 190 195 205 0.880 2
23.000 25.517 4.375 190 195 205 0.880 2
47.000 25.517 4.375 190 195 205 0.880 2
23.000 26.897 4.375 190 195 205 0.880 2
47.000 26.897 4.375 190 195 205 0.880 2
23.000 28.276 4.375 190 195 205 0.880 2
47.000 28.276 4.375 190 195 205 0.880 2
23.000 29.655 4.375 190 195 205 0.880 2
47.000 29.655 4.375 190 195 205 0.880 2
23.000 31.034 4.375 190 195 205 0.880 2
47.000 31.034 4.375 190 195 205 0.880 2
23.000 32.414 4.375 190 195 205 0.880 2
47.000 32.414 4.375 190 195 205 0.880 2
23.000 33.793 4.375 190 195 205 0.880 2
47.000 33.793 4.375 190 195 205 0.880 2
23.000 35.172 4.375 190 195 205 0.880 2
47.000 35.172 4.375 190 195 205 0.880 2
23.000 36.552 4.375 190 195 205 0.880 2
47.000 36.552 4.375 190 195 205 0.880 2
23.000 37.931 4.375 190 195 205 0.880 2
47.000 37.931 4.375 190 195 205 0.880 2
23.000 39.310 4.375 190 195 205 0.880 2
47.000 39.310 4.375 190 195 205 0.880 2
23.000 20.000 5.250 210 215 220 0.890 2
23.000 40.000 5.250 210 215 220 0.890 2
24.371 20.000 5.250 210 215 220 0.890 2
24.371 40.000 5.250 210 215 220 0.890 2
25.743 20.000 5.250 210 215 220 0.890 2
25.743 40.000 5.250 210 215 220 0.890 2
27.114 20.000 5.250 210 215 220 0.890 2
27.114 40.000 5.250 210 215 220 0.890 2
28.486 20.000 5.250 210 215 220 0.890 2
28.486 40.000 5.250 210 215 220 0.890 2
29.857 20.000 5.250 210 215 220 0.890 2
29.857 40.000 5.250 210 215 220 0.890 2
31.229 20.000 5.250 210 215 220 0.890 2
31.229 40.000 5.250 210 215 220 0.890 2
32.600 20.000 5.250 210 215 220 0.890 2
32.600 40.000 5.250 210 215 220 0.890 2
33.971 20.000 5.250 210 215 220 0.890 2
33.971 40.000 5.250 210 215 220 0.890 2
35.343 20.000 5.250 210 215 220 0.890 2
35.343 40.000 5.250 210 215 220 0.890 2
36.714 20.000 5.250 210 215 220 0.890 2
36.714 40.000 5.250 210 215 220 0.890 2
38.086 20.000 5.250 210 215 220 0.890 2
38.086 40.000 5.250 210 215 220 0.890 2
39.457 20.000 5.250 210 215 220 0.890 2
39.457 40.000 5.250 210 215 220 0.890 2
40.829 20.000 5.250 210 215 220 0.890 2
40.829 40.000 5.250 210 215 220 0.890 2
42.200 20.000 5.250 210 215 220 0.890 2
42.200 40.000 5.250 210 215 220 0.890 2
43.571 20.000 5.250 210 215 220 0.890 2
43.571 40.000 5.250 210 215 220 0.890 2
44.943 20.000 5.250 210 215 220 0.890 2
44.943 40.000 5.250 210 215 220 0.890 2
46.314 20.000 5.250 210 215 220 0.890 2
46.314 40.000 5.250 210 215 220 0.890 2
23.000 20.000 5.250 190 195 205 0.880 2
47.000 20.000 5.250 190 195 205 0.880 2
23.000 21.379 5.250 190 195 205 0.880 2
47.000 21.379 5.250 190 195 205 0.880 2
23.000 22.759 5.250 190 195 205 0.880 2
47.000 22.759 5.250 190 195 205 0.880 2
23.000 24.138 5.250 190 195 205 0.880 2
47.000 24.138 5.250 190 195 205 0.880 2
23.000 25.517 5.250 190 195 205 0.880 2
47.000 25.517 5.250 190 195 205 0.880 2
23.000 26.897 5.250 190 195 205 0.880 2
47.000 26.897 5.250 190 195 205 0.880 2
23.000 28.276 5.250 190 195 205 0.880 2
47.000 28.276 5.250 190 195 205 0.880 2
23.000 29.655 5.250 190 195 205 0.880 2
47.000 29.655 5.250 190 195 205 0.880 2
23.000 31.034 5.250 190 195 205 0.880 2
47.000 31.034 5.250 190 195 205 0.880 2
23.000 32.414 5.250 190 195 205 0.880 2
47.000 32.414 5.250 190 195 205 0.880 2
23.000 33.793 5.250 190 195 205 0.880 2
47.000 33.793 5.250 190 195 205 0.880 2
23.000 35.172 5.250 190 195 205 0.880 2
47.000 35.172 5.250 190 195 205 0.880 2
23.000 36.552 5.250 190 195 205 0.880 2
47.000 36.552 5.250 190 195 205 0.880 2
23.000 37.931 5.250 190 195 205 0.880 2
47.000 37.931 5.250 190 195 205 0.880 2
23.000 39.310 5.250 190 195 205 0.880 2
47.000 39.310 5.250 190 195 205 0.880 2
23.000 20.000 6.125 210 215 220 0.890 2
23.000 40.000 6.125 210 215 220 0.890 2
24.371 20.000 6.125 210 215 220 0.890 2
24.371 40.000 6.125 210 215 220 0.890 2
25.743 20.000 6.125 210 215 220 0.890 2
25.743 40.000 6.125 210 215 220 0.890 2
27.114 20.000 6.125 210 215 220 0.890 2
27.114 40.000 6.125 210 215 220 0.890 2
28.486 20.000 6.125 210 215 220 0.890 2
28.486 40.000 6.125 210 215 220 0.890 2
29.857 20.000 6.125 210 215 220 0.890 2
29.857 40.000 6.125 210 215 220 0.890 2
31.229 20.000 6.125 210 215 220 0.890 2
31.229 40.000 6.125 210 215 220 0.890 2
32.600 20.000 6.125 210 215 220 0.890 2
32.600 40.000 6.125 210 215 220 0.890 2
33.971 20.000 6.125 210 215 220 0.890 2
33.971 40.000 6.125 210 215 220 0.890 2
35.343 20.000 6.125 210 215 220 0.890 2
35.343 40.000 6.125 210 215 220 0.890 2
36.714 20.000 6.125 210 215 220 0.890 2
36.714 40.000 6.125 210 215 220 0.890 2
38.086 20.000 6.125 210 215 220 0.890 2
38.086 40.000 6.125 210 215 220 0.890 2
39.457 20.000 6.125 210 215 220 0.890 2
39.457 40.000 6.125 210 215 220 0.890 2
40.829 20.000 6.125 210 215 220 0.890 2
40.829 40.000 6.125 210 215 220 0.890 2
42.200 20.000 6.125 210 215 220 0.890 2
42.200 40.000 6.125 210 215 220 0.890 2
43.571 20.000 6.125 210 215 220 0.890 2
43.571 40.000 6.125 210 215 220 0.890 2
44.943 20.000 6.125 210 215 220 0.890 2
44.943 40.000 6.125 210 215 220 0.890 2
46.314 20.000 6.125 210 215 220 0.890 2
46.314 40.000 6.125 210 215 220 0.890 2
23.000 20.000 6.125 190 195 205 0.880 2
47.000 20.000 6.125 190 195 205 0.880 2
23.000 21.379 6.125 190 195 205 0.880 2
47.000 21.379 6.125 190 195 205 0.880 2
23.000 22.759 6.125 190 195 205 0.880 2
47.000 22.759 6.125 190 195 205 0.880 2
23.000 24.138 6.125 190 195 205 0.880 2
47.000 24.138 6.125 190 195 205 0.880 2
23.000 25.517 6.125 190 195 205 0.880 2
47.000 25.517 6.125 190 195 205 0.880 2
23.000 26.897 6.125 190 195 205 0.880 2
47.000 26.897 6.125 190 195 205 0.880 2
23.000 28.276 6.125 190 195 205 0.880 2
47.000 28.276 6.125 190 195 205 0.880 2
23.000 29.655 6.125 190 195 205 0.880 2
47.000 29.655 6.125 190 195 205 0.880 2
23.000 31.034 6.125 190 195 205 0.880 2
47.000 31.034 6.125 190 195 205 0.880 2
23.000 32.414 6.125 190 195 205 0.880 2
47.000 32.414 6.125 190 195 205 0.880 2
23.000 33.793 6.125 190 195 205 0.880 2
47.000 33.793 6.125 190 195 205 0.880 2
23.000 35.172 6.125 190 195 205 0.880 2
47.000 35.172 6.125 190 195 205 0.880 2
23.000 36.552 6.125 190 195 205 0.880 2
47.000 36.552 6.125 190 195 205 0.880 2
23.000 37.931 6.125 190 195 205 0.880 2
47.000 37.931 6.125 190 195 205 0.880 2
23.000 39.310 6.125 190 195 205 0.880 2
47.000 39.310 6.125 190 195 205 0.880 2
23.000 20.000 7.000 210 215 220 0.890 2
23.000 40.000 7.000 210 215 220 0.890 2
24.371 20.000 7.000 210 215 220 0.890 2
24.371 40.000 7.000 210 215 220 0.890 2
25.743 20.000 7.000 210 215 220 0.890 2
25.743 40.000 7.000 210 215 220 0.890 2
27.114 20.000 7.000 210 215 220 0.890 2
27.114 40.000 7.000 210 215 220 0.890 2
28.486 20.000 7.000 210 215 220 0.890 2
28.486 40.000 7.000 210 215 220 0.890 2
29.857 20.000 7.000 210 215 220 0.890 2
29.857 40.000 7.000 210 215 220 0.890 2
31.229 20.000 7.000 210 215 220 0.890 2
31.229 40.000 7.000 210 215 220 0.890 2
32.600 20.000 7.000 210 215 220 0.890 2
32.600 40.000 7.000 210 215 220 0.890 2
33.971 20.000 7.000 210 215 220 0.890 2
33.971 40.000 7.000 210 215 220 0.890 2
35.343 20.000 7.000 210 215 220 0.890 2
35.343 40.000 7.000 210 215 220 0.890 2
36.714 20.000 7.000 210 215 220 0.890 2
36.714 40.000 7.000 210 215 220 0.890 2
38.086 20.000 7.000 210 215 220 0.890 2
38.086 40.000 7.000 210 215 220 0.890 2
39.457 20.000 7.000 210 215 220 0.890 2
39.457 40.000 7.000 210 215 220 0.890 2
40.829 20.000 7.000 210 215 220 0.890 2
40.829 40.000 7.000 210 215 220 0.890 2
42.200 20.000 7.000 210 215 220 0.890 2
42.200 40.000 7.000 210 215 220 0.890 2
43.571 20.000 7.000 210 215 220 0.890 2
43.571 40.000 7.000 210 215 220 0.890 2
44.943 20.000 7.000 210 215 220 0.890 2
44.943 40.000 7.000 210 215 220 0.890 2
46.314 20.000 7.000 210 215 220 0.890 2
46.314 40.000 7.000 210 215 220 0.890 2
23.000 20.000 7.000 190 195 205 0.880 2
47.000 20.000 7.000 190 195 205 0.880 2
23.000 21.379 7.000 190 195 205 0.880 2
47.000 21.379 7.000 190 195 205 0.880 2
23.000 22.759 7.000 190 195 205 0.880 2
47.000 22.759 7.000 190 195 205 0.880 2
23.000 24.138 7.000 190 195 205 0.880 2
47.000 24.138 7.000 190 195 205 0.880 2
23.000 25.517 7.000 190 195 205 0.880 2
47.000 25.517 7.000 190 195 205 0.880 2
23.000 26.897 7.000 190 195 205 0.880 2
47.000 26.897 7.000 190 195 205 0.880 2
23.000 28.276 7.000 190 195 205 0.880 2
47.000 28.276 7.000 190 195 205 0.880 2
23.000 29.655 7.000 190 195 205 0.880 2
47.000 29.655 7.000 190 195 205 0.880 2
23.000 31.034 7.000 190 195 205 0.880 2
47.000 31.034 7.000 190 195 205 0.880 2
23.000 32.414 7.000 190 195 205 0.880 2
47.000 32.414 7.000 190 195 205 0.880 2
23.000 33.793 7.000 190 195 205 0.880 2
47.000 33.793 7.000 190 195 205 0.880 2
23.000 35.172 7.000 190 195 205 0.880 2
47.000 35.172 7.000 190 195 205 0.880 2
23.000 36.552 7.000 190 195 205 0.880 2
47.000 36.552 7.000 190 195 205 0.880 2
23.000 37.931 7.000 190 195 205 0.880 2
47.000 37.931 7.000 190 195 205 0.880 2
23.000 39.310 7.000 190 195 205 0.880 2
47.000 39.310 7.000 190 195 205 0.880 2
23.000 20.000 7.875 210 215 220 0.890 2
23.000 40.000 7.875 210 215 220 0.890 2
24.371 20.000 7.875 210 215 220 0.890 2
24.371 40.000 7.875 210 215 220 0.890 2
25.743 20.000 7.875 210 215 220 0.890 2
25.743 40.000 7.875 210 215 220 0.890 2
27.114 20.000 7.875 210 215 220 0.890 2
27.114 40.000 7.875 210 215 220 0.890 2
28.486 20.000 7.875 210 215 220 0.890 2
28.486 40.000 7.875 210 215 220 0.890 2
29.857 20.000 7.875 210 215 220 0.890 2
29.857 40.000 7.875 210 215 220 0.890 2
31.229 20.000 7.875 210 215 220 0.890 2
31.229 40.000 7.875 210 215 220 0.890 2
32.600 20.000 7.875 210 215 220 0.890 2
32.600 40.000 7.875 210 215 220 0.890 2
33.971 20.000 7.875 210 215 220 0.890 2
33.971 40.000 7.875 210 215 220 0.890 2
35.343 20.000 7.875 210 215 220 0.890 2
35.343 40.000 7.875 210 215 220 0.890 2
36.714 20.000 7.875 210 215 220 0.890 2
36.714 40.000 7.875 210 215 220 0.890 2
38.086 20.000 7.875 210 215 220 0.890 2
38.086 40.000 7.875 210 215 220 0.890 2
39.457 20.000 7.875 210 215 220 0.890 2
39.457 40.000 7.875 210 215 220 0.890 2
40.829 20.000 7.875 210 215 220 0.890 2
40.829 40.000 7.875 210 215 220 0.890 2
42.200 20.000 7.875 210 215 220 0.890 2
42.200 40.000 7.875 210 215 220 0.890 2
43.571 20.000 7.875 210 215 220 0.890 2
43.571 40.000 7.875 210 215 220 0.890 2
44.943 20.000 7.875 210 215 220 0.890 2
44.943 40.000 7.875 210 215 220 0.890 2
46.314 20.000 7.875 210 215 220 0.890 2
46.314 40.000 7.875 210 215 220 0.890 2
23.000 20.000 7.875 190 195 205 0.880 2
47.000 20.000 7.875 190 195 205 0.880 2
23.000 21.379 7.875 190 195 205 0.880 2
47.000 21.379 7.875 190 195 205 0.880 2
23.000 22.759 7.875 190 195 205 0.880 2
47.000 22.759 7.875 190 195 205 0.880 2
23.000 24.138 7.875 190 195 205 0.880 2
47.000 24.138 7.875 190 195 205 0.880 2
23.000 25.517 7.875 190 195 205 0.880 2
47.000 25.517 7.875 190 195 205 0.880 2
23.000 26.897 7.875 190 195 205 0.880 2
47.000 26.897 7.875 190 195 205 0.880 2
23.000 28.276 7.875 190 195 205 0.880 2
47.000 28.276 7.875 190 195 205 0.880 2
23.000 29.655 7.875 190 195 205 0.880 2
47.000 29.655 7.875 190 195 205 0.880 2
23.000 31.034 7.875 190 195 205 0.880 2
47.000 31.034 7.875 190 195 205 0.880 2
23.000 32.414 7.875 190 195 205 0.880 2
47.000 32.414 7.875 190 195 205 0.880 2
23.000 33.793 7.875 190 195 205 0.880 2
47.000 33.793 7.875 190 195 205 0.880 2
23.000 35.172 7.875 190 195 205 0.880 2
47.000 35.172 7.875 190 195 205 0.880 2
23.000 36.552 7.875 190 195 205 0.880 2
47.000 36.552 7.875 190 195 205 0.880 2
23.000 37.931 7.875 190 195 205 0.880 2
47.000 37.931 7.875 190 195 205 0.880 2
23.000 39.310 7.875 190 195 205 0.880 2
47.000 39.310 7.875 190 195 205 0.880 2
23.000 20.000 8.750 210 215 220 0.890 2
23.000 40.000 8.750 210 215 220 0.890 2
24.371 20.000 8.750 210 215 220 0.890 2
24.371 40.000 8.750 210 215 220 0.890 2
25.743 20.000 8.750 210 215 220 0.890 2
25.743 40.000 8.750 210 215 220 0.890 2
27.114 20.000 8.750 210 215 220 0.890 2
27.114 40.000 8.750 210 215 220 0.890 2
28.486 20.000 8.750 210 215 220 0.890 2
28.486 40.000 8.750 210 215 220 0.890 2
29.857 20.000 8.750 210 215 220 0.890 2
29.857 40.000 8.750 210 215 220 0.890 2
31.229 20.000 8.750 210 215 220 0.890 2
31.229 40.000 8.750 210 215 220 0.890 2
32.600 20.000 8.750 210 215 220 0.890 2
32.600 40.000 8.750 210 215 220 0.890 2
33.971 20.000 8.750 210 215 220 0.890 2
33.971 40.000 8.750 210 215 220 0.890 2
35.343 20.000 8.750 210 215 220 0.890 2
35.343 40.000 8.750 210 215 220 0.890 2
36.714 20.000 8.750 210 215 220 0.890 2
36.714 40.000 8.750 210 215 220 0.890 2
38.086 20.000 8.750 210 215 220 0.890 2
38.086 40.000 8.750 210 215 220 0.890 2
39.457 20.000 8.750 210 215 220 0.890 2
39.457 40.000 8.750 210 215 220 0.890 2
40.829 20.000 8.750 210 215 220 0.890 2
40.829 40.000 8.750 210 215 220 0.890 2
42.200 20.000 8.750 210 215 220 0.890 2
42.200 40.000 8.750 210 215 220 0.890 2
43.571 20.000 8.750 210 215 220 0.890 2
43.571 40.000 8.750 210 215 220 0.890 2
44.943 20.000 8.750 210 215 220 0.890 2
44.943 40.000 8.750 210 215 220 0.890 2
46.314 20.000 8.750 210 215 220 0.890 2
46.314 40.000 8.750 210 215 220 0.890 2
23.000 20.000 8.750 190 195 205 0.880 2
47.000 20.000 8.750 190 195 205 0.880 2
23.000 21.379 8.750 190 195 205 0.880 2
47.000 21.379 8.750 190 195 205 0.880 2
23.000 22.759 8.750 190 195 205 0.880 2
47.000 22.759 8.750 190 195 205 0.880 2
23.000 24.138 8.750 190 195 205 0.880 2
47.000 24.138 8.750 190 195 205 0.880 2
23.000 25.517 8.750 190 195 205 0.880 2
47.000 25.517 8.750 190 195 205 0.880 2
23.000 26.897 8.750 190 195 205 0.880 2
47.000 26.897 8.750 190 195 205 0.880 2
23.000 28.276 8.750 190 195 205 0.880 2
47.000 28.276 8.750 190 195 205 0.880 2
23.000 29.655 8.750 190 195 205 0.880 2
47.000 29.655 8.750 190 195 205 0.880 2
23.000 31.034 8.750 190 195 205 0.880 2
47.000 31.034 8.750 190 195 205 0.880 2
23.000 32.414 8.750 190 195 205 0.880 2
47.000 32.414 8.750 190 195 205 0.880 2
23.000 33.793 8.750 190 195 205 0.880 2
47.000 33.793 8.750 190 195 205 0.880 2
23.000 35.172 8.750 190 195 205 0.880 2
47.000 35.172 8.750 190 195 205 0.880 2
23.000 36.552 8.750 190 195 205 0.880 2
47.000 36.552 8.750 190 195 205 0.880 2
23.000 37.931 8.750 190 195 205 0.880 2
47.000 37.931 8.750 190 195 205 0.880 2
23.000 39.310 8.750 190 195 205 0.880 2
47.000 39.310 8.750 190 195 205 0.880 2
23.000 20.000 9.625 210 215 220 0.890 2
23.000 40.000 9.625 210 215 220 0.890 2
24.371 20.000 9.625 210 215 220 0.890 2
24.371 40.000 9.625 210 215 220 0.890 2
25.743 20.000 9.625 210 215 220 0.890 2
25.743 40.000 9.625 210 215 220 0.890 2
27.114 20.000 9.625 210 215 220 0.890 2
27.114 40.000 9.625 210 215 220 0.890 2
28.486 20.000 9.625 210 215 220 0.890 2
28.486 40.000 9.625 210 215 220 0.890 2
29.857 20.000 9.625 210 215 220 0.890 2
29.857 40.000 9.625 210 215 220 0.890 2
31.229 20.000 9.625 210 215 220 0.890 2
31.229 40.000 9.625 210 215 220 0.890 2
32.600 20.000 9.625 210 215 220 0.890 2
32.600 40.000 9.625 210 215 220 0.890 2
33.971 20.000 9.625 210 215 220 0.890 2
33.971 40.000 9.625 210 215 220 0.890 2
35.343 20.000 9.625 210 215 220 0.890 2
35.343 40.000 9.625 210 215 220 0.890 2
36.714 20.000 9.625 210 215 220 0.890 2
36.714 40.000 9.625 210 215 220 0.890 2
38.086 20.000 9.625 210 215 220 0.890 2
38.086 40.000 9.625 210 215 220 0.890 2
39.457 20.000 9.625 210 215 220 0.890 2
39.457 40.000 9.625 210 215 220 0.890 2
40.829 20.000 9.625 210 215 220 0.890 2
40.829 40.000 9.625 210 215 220 0.890 2
42.200 20.000 9.625 210 215 220 0.890 2
42.200 40.000 9.625 210 215 220 0.890 2
43.571 20.000 9.625 210 215 220 0.890 2
43.571 40.000 9.625 210 215 220 0.890 2
44.943 20.000 9.625 210 215 220 0.890 2
44.943 40.000 9.625 210 215 220 0.890 2
46.314 20.000 9.625 210 215 220 0.890 2
46.314 40.000 9.625 210 215 220 0.890 2
23.000 20.000 9.625 190 195 205 0.880 2
47.000 20.000 9.625 190 195 205 0.880 2
23.000 21.379 9.625 190 195 205 0.880 2
47.000 21.379 9.625 190 195 205 0.880 2
23.000 22.759 9.625 190 195 205 0.880 2
47.000 22.759 9.625 190 195 205 0.880 2
23.000 24.138 9.625 190 195 205 0.880 2
47.000 24.138 9.625 190 195 205 0.880 2
23.000 25.517 9.625 190 195 205 0.880 2
47.000 25.517 9.625 190 195 205 0.880 2
23.000 26.897 9.625 190 195 205 0.880 2
47.000 26.897 9.625 190 195 205 0.880 2
23.000 28.276 9.625 190 195 205 0.880 2
47.000 28.276 9.625 190 195 205 0.880 2
23.000 29.655 9.625 190 195 205 0.880 2
47.000 29.655 9.625 190 195 205 0.880 2
23.000 31.034 9.625 190 195 205 0.880 2
47.000 31.034 9.625 190 195 205 0.880 2
23.000 32.414 9.625 190 195 205 0.880 2
47.000 32.414 9.625 190 195 205 0.880 2
23.000 33.793 9.625 190 195 205 0.880 2
47.000 33.793 9.625 190 195 205 0.880 2
23.000 35.172 9.625 190 195 205 0.880 2
47.000 35.172 9.625 190 195 205 0.880 2
23.000 36.552 9.625 190 195 205 0.880 2
47.000 36.552 9.625 190 195 205 0.880 2
23.000 37.931 9.625 190 195 205 0.880 2
47.000 37.931 9.625 190 195 205 0.880 2
23.000 39.310 9.625 190 195 205 0.880 2
47.000 39.310 9.625 190 195 205 0.880 2
23.000 20.000 10.500 210 215 220 0.890 2
23.000 40.000 10.500 210 215 220 0.890 2
24.371 20.000 10.500 210 215 220 0.890 2
24.371 40.000 10.500 210 215 220 0.890 2
25.743 20.000 10.500 210 215 220 0.890 2
25.743 40.000 10.500 210 215 220 0.890 2
27.114 20.000 10.500 210 215 220 0.890 2
27.114 40.000 10.500 210 215 220 0.890 2
28.486 20.000 10.500 210 215 220 0.890 2
28.486 40.000 10.500 210 215 220 0.890 2
29.857 20.000 10.500 210 215 220 0.890 2
29.857 40.000 10.500 210 215 220 0.890 2
31.229 20.000 10.500 210 215 220 0.890 2
31.229 40.000 10.500 210 215 220 0.890 2
32.600 20.000 10.500 210 215 220 0.890 2
32.600 40.000 10.500 210 215 220 0.890 2
33.971 20.000 10.500 210 215 220 0.890 2
33.971 40.000 10.500 210 215 220 0.890 2
35.343 20.000 10.500 210 215 220 0.890 2
35.343 40.000 10.500 210 215 220 0.890 2
36.714 20.000 10.500 210 215 220 0.890 2
36.714 40.000 10.500 210 215 220 0.890 2
38.086 20.000 10.500 210 215 220 0.890 2
38.086 40.000 10.500 210 215 220 0.890 2
39.457 20.000 10.500 210 215 220 0.890 2
39.457 40.000 10.500 210 215 220 0.890 2
40.829 20.000 10.500 210 215 220 0.890 2
40.829 40.000 10.500 210 215 220 0.890 2
42.200 20.000 10.500 210 215 220 0.890 2
42.200 40.000 10.500 210 215 220 0.890 2
43.571 20.000 10.500 210 215 220 0.890 2
43.571 40.000 10.500 210 215 220 0.890 2
44.943 20.000 10.500 210 215 220 0.890 2
44.943 40.000 10.500 210 215 220 0.890 2
46.314 20.000 10.500 210 215 220 0.890 2
46.314 40.000 10.500 210 215 220 0.890 2
23.000 20.000 10.500 190 195 205 0.880 2
47.000 20.000 10.500 190 195 205 0.880 2
23.000 21.379 10.500 190 195 205 0.880 2
47.000 21.379 10.500 190 195 205 0.880 2
23.000 22.759 10.500 190 195 205 0.880 2
47.000 22.759 10.500 190 195 205 0.880 2
23.000 24.138 10.500 190 195 205 0.880 2
47.000 24.138 10.500 190 195 205 0.880 2
23.000 25.517 10.500 190 195 205 0.880 2
47.000 25.517 10.500 190 195 205 0.880 2
23.000 26.897 10.500 190 195 205 0.880 2
47.000 26.897 10.500 190 195 205 0.880 2
23.000 28.276 10.500 190 195 205 0.880 2
47.000 28.276 10.500 190 195 205 0.880 2
23.000 29.655 10.500 190 195 205 0.880 2
47.000 29.655 10.500 190 195 205 0.880 2
23.000 31.034 10.500 190 195 205 0.880 2
47.000 31.034 10.500 190 195 205 0.880 2
23.000 32.414 10.500 190 195 205 0.880 2
47.000 32.414 10.500 190 195 205 0.880 2
23.000 33.793 10.500 190 195 205 0.880 2
47.000 33.793 10.500 190 195 205 0.880 2
23.000 35.172 10.500 190 195 205 0.880 2
47.000 35.172 10.500 190 195 205 0.880 2
23.000 36.552 10.500 190 195 205 0.880 2
47.000 36.552 10.500 190 195 205 0.880 2
23.000 37.931 10.500 190 195 205 0.880 2
47.000 37.931 10.500 190 195 205 0.880 2
23.000 39.310 10.500 190 195 205 0.880 2
47.000 39.310 10.500 190 195 205 0.880 2
23.000 20.000 11.375 210 215 220 0.890 2
23.000 40.000 11.375 210 215 220 0.890 2
24.371 20.000 11.375 210 215 220 0.890 2
24.371 40.000 11.375 210 215 220 0.890 2
25.743 20.000 11.375 210 215 220 0.890 2
25.743 40.000 11.375 210 215 220 0.890 2
27.114 20.000 11.375 210 215 220 0.890 2
27.114 40.000 11.375 210 215 220 0.890 2
28.486 20.000 11.375 210 215 220 0.890 2
28.486 40.000 11.375 210 215 220 0.890 2
29.857 20.000 11.375 210 215 220 0.890 2
29.857 40.000 11.375 210 215 220 0.890 2
31.229 20.000 11.375 210 215 220 0.890 2
31.229 40.000 11.375 210 215 220 0.890 2
32.600 20.000 11.375 210 215 220 0.890 2
32.600 40.000 11.375 210 215 220 0.890 2
33.971 20.000 11.375 210 215 220 0.890 2
33.971 40.000 11.375 210 215 220 0.890 2
35.343 20.000 11.375 210 215 220 0.890 2
35.343 40.000 11.375 210 215 220 0.890 2
36.714 20.000 11.375 210 215 220 0.890 2
36.714 40.000 11.375 210 215 220 0.890 2
38.086 20.000 11.375 210 215 220 0.890 2
38.086 40.000 11.375 210 215 220 0.890 2
39.457 20.000 11.375 210 215 220 0.890 2
39.457 40.000 11.375 210 215 220 0.890 2
40.829 20.000 11.375 210 215 220 0.890 2
40.829 40.000 11.375 210 215 220 0.890 2
42.200 20.000 11.375 210 215 220 0.890 2
42.200 40.000 11.375 210 215 220 0.890 2
43.571 20.000 11.375 210 215 220 0.890 2
43.571 40.000 11.375 210 215 220 0.890 2
44.943 20.000 11.375 210 215 220 0.890 2
44.943 40.000 11.375 210 215 220 0.890 2
46.314 20.000 11.375 210 215 220 0.890 2
46.314 40.000 11.375 210 215 220 0.890 2
23.000 20.000 11.375 190 195 205 0.880 2
47.000 20.000 11.375 190 195 205 0.880 2
23.000 21.379 11.375 190 195 205 0.880 2
47.000 21.379 11.375 190 195 205 0.880 2
23.000 22.759 11.375 190 195 205 0.880 2
47.000 22.759 11.375 190 195 205 0.880 2
23.000 24.138 11.375 190 195 205 0.880 2
47.000 24.138 11.375 190 195 205 0.880 2
23.000 25.517 11.375 190 195 205 0.880 2
47.000 25.517 11.375 190 195 205 0.880 2
23.000 26.897 11.375 190 195 205 0.880 2
47.000 26.897 11.375 190 195 205 0.880 2
23.000 28.276 11.375 190 195 205 0.880 2
47.000 28.276 11.375 190 195 205 0.880 2
23.000 29.655 11.375 190 195 205 0.880 2
47.000 29.655 11.375 190 195 205 0.880 2
23.000 31.034 11.375 190 195 205 0.880 2
47.000 31.034 11.375 190 195 205 0.880 2
23.000 32.414 11.375 190 195 205 0.880 2
47.000 32.414 11.375 190 195 205 0.880 2
23.000 33.793 11.375 190 195 205 0.880 2
47.000 33.793 11.375 190 195 205 0.880 2
23.000 35.172 11.375 190 195 205 0.880 2
47.000 35.172 11.375 190 195 205 0.880 2
23.000 36.552 11.375 190 195 205 0.880 2
47.000 36.552 11.375 190 195 205 0.880 2
23.000 37.931 11.375 190 195 205 0.880 2
47.000 37.931 11.375 190 195 205 0.880 2
23.000 39.310 11.375 190 195 205 0.880 2
47.000 39.310 11.375 190 195 205 0.880 2
23.000 20.000 12.250 210 215 220 0.890 2
23.000 40.000 12.250 210 215 220 0.890 2
24.371 20.000 12.250 210 215 220 0.890 2
24.371 40.000 12.250 210 215 220 0.890 2
25.743 20.000 12.250 210 215 220 0.890 2
25.743 40.000 12.250 210 215 220 0.890 2
27.114 20.000 12.250 210 215 220 0.890 2
27.114 40.000 12.250 210 215 220 0.890 2
28.486 20.000 12.250 210 215 220 0.890 2
28.486 40.000 12.250 210 215 220 0.890 2
29.857 20.000 12.250 210 215 220 0.890 2
29.857 40.000 12.250 210 215 220 0.890 2
31.229 20.000 12.250 210 215 220 0.890 2
31.229 40.000 12.250 210 215 220 0.890 2
32.600 20.000 12.250 210 215 220 0.890 2
32.600 40.000 12.250 210 215 220 0.890 2
33.971 20.000 12.250 210 215 220 0.890 2
33.971 40.000 12.250 210 215 220 0.890 2
35.343 20.000 12.250 210 215 220 0.890 2
35.343 40.000 12.250 210 215 220 0.890 2
36.714 20.000 12.250 210 215 220 0.890 2
36.714 40.000 12.250 210 215 220 0.890 2
38.086 20.000 12.250 210 215 220 0.890 2
38.086 40.000 12.250 210 215 220 0.890 2
39.457 20.000 12.250 210 215 220 0.890 2
39.457 40.000 12.250 210 215 220 0.890 2
40.829 20.000 12.250 210 215 220 0.890 2
40.829 40.000 12.250 210 215 220 0.890 2
42.200 20.000 12.250 210 215 220 0.890 2
42.200 40.000 12.250 210 215 220 0.890 2
43.571 20.000 12.250 210 215 220 0.890 2
43.571 40.000 12.250 210 215 220 0.890 2
44.943 20.000 12.250 210 215 220 0.890 2
44.943 40.000 12.250 210 215 220 0.890 2
46.314 20.000 12.250 210 215 220 0.890 2
46.314 40.000 12.250 210 215 220 0.890 2
23.000 20.000 12.250 190 195 205 0.880 2
47.000 20.000 12.250 190 195 205 0.880 2
23.000 21.379 12.250 190 195 205 0.880 2
47.000 21.379 12.250 190 195 205 0.880 2
23.000 22.759 12.250 190 195 205 0.880 2
47.000 22.759 12.250 190 195 205 0.880 2
23.000 24.138 12.250 190 195 205 0.880 2
47.000 24.138 12.250 190 195 205 0.880 2
23.000 25.517 12.250 190 195 205 0.880 2
47.000 25.517 12.250 190 195 205 0.880 2
23.000 26.897 12.250 190 195 205 0.880 2
47.000 26.897 12.250 190 195 205 0.880 2
23.000 28.276 12.250 190 195 205 0.880 2
47.000 28.276 12.250 190 195 205 0.880 2
23.000 29.655 12.250 190 195 205 0.880 2
47.000 29.655 12.250 190 195 205 0.880 2
23.000 31.034 12.250 190 195 205 0.880 2
47.000 31.034 12.250 190 195 205 0.880 2
23.000 32.414 12.250 190 195 205 0.880 2
47.000 32.414 12.250 190 195 205 0.880 2
23.000 33.793 12.250 190 195 205 0.880 2
47.000 33.793 12.250 190 195 205 0.880 2
23.000 35.172 12.250 190 195 205 0.880 2
47.000 35.172 12.250 190 195 205 0.880 2
23.000 36.552 12.250 190 195 205 0.880 2
47.000 36.552 12.250 190 195 205 0.880 2
23.000 37.931 12.250 190 195 205 0.880 2
47.000 37.931 12.250 190 195 205 0.880 2
23.000 39.310 12.250 190 195 205 0.880 2
47.000 39.310 12.250 190 195 205 0.880 2
23.000 20.000 13.125 210 215 220 0.890 2
23.000 40.000 13.125 210 215 220 0.890 2
24.371 20.000 13.125 210 215 220 0.890 2
24.371 40.000 13.125 210 215 220 0.890 2
25.743 20.000 13.125 210 215 220 0.890 2
25.743 40.000 13.125 210 215 220 0.890 2
27.114 20.000 13.125 210 215 220 0.890 2
27.114 40.000 13.125 210 215 220 0.890 2
28.486 20.000 13.125 210 215 220 0.890 2
28.486 40.000 13.125 210 215 220 0.890 2
29.857 20.000 13.125 210 215 220 0.890 2
29.857 40.000 13.125 210 215 220 0.890 2
31.229 20.000 13.125 210 215 220 0.890 2
31.229 40.000 13.125 210 215 220 0.890 2
32.600 20.000 13.125 210 215 220 0.890 2
32.600 40.000 13.125 210 215 220 0.890 2
33.971 20.000 13.125 210 215 220 0.890 2
33.971 40.000 13.125 210 215 220 0.890 2
35.343 20.000 13.125 210 215 220 0.890 2
35.343 40.000 13.125 210 215 220 0.890 2
36.714 20.000 13.125 210 215 220 0.890 2
36.714 40.000 13.125 210 215 220 0.890 2
38.086 20.000 13.125 210 215 220 0.890 2
38.086 40.000 13.125 210 215 220 0.890 2
39.457 20.000 13.125 210 215 220 0.890 2
39.457 40.000 13.125 210 215 220 0.890 2
40.829 20.000 13.125 210 215 220 0.890 2
40.829 40.000 13.125 210 215 220 0.890 2
42.200 20.000 13.125 210 215 220 0.890 2
42.200 40.000 13.125 210 215 220 0.890 2
43.571 20.000 13.125 210 215 220 0.890 2
43.571 40.000 13.125 210 215 220 0.890 2
44.943 20.000 13.125 210 215 220 0.890 2
44.943 40.000 13.125 210 215 220 0.890 2
46.314 20.000 13.125 210 215 220 0.890 2
46.314 40.000 13.125 210 215 220 0.890 2
23.000 20.000 13.125 190 195 205 0.880 2
47.000 20.000 13.125 190 195 205 0.880 2
23.000 21.379 13.125 190 195 205 0.880 2
47.000 21.379 13.125 190 195 205 0.880 2
23.000 22.759 13.125 190 195 205 0.880 2
47.000 22.759 13.125 190 195 205 0.880 2
23.000 24.138 13.125 190 195 205 0.880 2
47.000 24.138 13.125 190 195 205 0.880 2
23.000 25.517 13.125 190 195 205 0.880 2
47.000 25.517 13.125 190 195 205 0.880 2
23.000 26.897 13.125 190 195 205 0.880 2
47.000 26.897 13.125 190 195 205 0.880 2
23.000 28.276 13.125 190 195 205 0.880 2
47.000 28.276 13.125 190 195 205 0.880 2
23.000 29.655 13.125 190 195 205 0.880 2
47.000 29.655 13.125 190 195 205 0.880 2
23.000 31.034 13.125 190 195 205 0.880 2
47.000 31.034 13.125 190 195 205 0.880 2
23.000 32.414 13.125 190 195 205 0.880 2
47.000 32.414 13.125 190 195 205 0.880 2
23.000 33.793 13.125 190 195 205 0.880 2
47.000 33.793 13.125 190 195 205 0.880 2
23.000 35.172 13.125 190 195 205 0.880 2
47.000 35.172 13.125 190 195 205 0.880 2
23.000 36.552 13.125 190 195 205 0.880 2
47.000 36.552 13.125 190 195 205 0.880 2
23.000 37.931 13.125 190 195 205 0.880 2
47.000 37.931 13.125 190 195 205 0.880 2
23.000 39.310 13.125 190 195 205 0.880 2
47.000 39.310 13.125 190 195 205 0.880 2
23.000 20.000 14.000 210 215 220 0.890 2
23.000 40.000 14.000 210 215 220 0.890 2
24.371 20.000 14.000 210 215 220 0.890 2
24.371 40.000 14.000 210 215 220 0.890 2
25.743 20.000 14.000 210 215 220 0.890 2
25.743 40.000 14.000 210 215 220 0.890 2
27.114 20.000 14.000 210 215 220 0.890 2
27.114 40.000 14.000 210 215 220 0.890 2
28.486 20.000 14.000 210 215 220 0.890 2
28.486 40.000 14.000 210 215 220 0.890 2
29.857 20.000 14.000 210 215 220 0.890 2
29.857 40.000 14.000 210 215 220 0.890 2
31.229 20.000 14.000 210 215 220 0.890 2
31.229 40.000 14.000 210 215 220 0.890 2
32.600 20.000 14.000 210 215 220 0.890 2
32.600 40.000 14.000 210 215 220 0.890 2
33.971 20.000 14.000 210 215 220 0.890 2
33.971 40.000 14.000 210 215 220 0.890 2
35.343 20.000 14.000 210 215 220 0.890 2
35.343 40.000 14.000 210 215 220 0.890 2
36.714 20.000 14.000 210 215 220 0.890 2
36.714 40.000 14.000 210 215 220 0.890 2
38.086 20.000 14.000 210 215 220 0.890 2
38.086 40.000 14.000 210 215 220 0.890 2
39.457 20.000 14.000 210 215 220 0.890 2
39.457 40.000 14.000 210 215 220 0.890 2
40.829 20.000 14.000 210 215 220 0.890 2
40.829 40.000 14.000 210 215 220 0.890 2
42.200 20.000 14.000 210 215 220 0.890 2
42.200 40.000 14.000 210 215 220 0.890 2
43.571 20.000 14.000 210 215 220 0.890 2
43.571 40.000 14.000 210 215 220 0.890 2
44.943 20.000 14.000 210 215 220 0.890 2
44.943 40.000 14.000 210 215 220 0.890 2
46.314 20.000 14.000 210 215 220 0.890 2
46.314 40.000 14.000 210 215 220 0.890 2
23.000 20.000 14.000 190 195 205 0.880 2
47.000 20.000 14.000 190 195 205 0.880 2
23.000 21.379 14.000 190 195 205 0.880 2
47.000 21.379 14.000 190 195 205 0.880 2
23.000 22.759 14.000 190 195 205 0.880 2
47.000 22.759 14.000 190 195 205 0.880 2
23.000 24.138 14.000 190 195 205 0.880 2
47.000 24.138 14.000 190 195 205 0.880 2
23.000 25.517 14.000 190 195 205 0.880 2
47.000 25.517 14.000 190 195 205 0.880 2
23.000 26.897 14.000 190 195 205 0.880 2
47.000 26.897 14.000 190 195 205 0.880 2
23.000 28.276 14.000 190 195 205 0.880 2
47.000 28.276 14.000 190 195 205 0.880 2
23.000 29.655 14.000 190 195 205 0.880 2
47.000 29.655 14.000 190 195 205 0.880 2
23.000 31.034 14.000 190 195 205 0.880 2
47.000 31.034 14.000 190 195 205 0.880 2
23.000 32.414 14.000 190 195 205 0.880 2
47.000 32.414 14.000 190 195 205 0.880 2
23.000 33.793 14.000 190 195 205 0.880 2
47.000 33.793 14.000 190 195 205 0.880 2
23.000 35.172 14.000 190 195 205 0.880 2
47.000 35.172 14.000 190 195 205 0.880 2
23.000 36.552 14.000 190 195 205 0.880 2
47.000 36.552 14.000 190 195 205 0.880 2
23.000 37.931 14.000 190 195 205 0.880 2
47.000 37.931 14.000 190 195 205 0.880 2
23.000 39.310 14.000 190 195 205 0.880 2
47.000 39.310 14.000 190 195 205 0.880 2
23.000 20.000 14.875 210 215 220 0.890 2
23.000 40.000 14.875 210 215 220 0.890 2
24.371 20.000 14.875 210 215 220 0.890 2
24.371 40.000 14.875 210 215 220 0.890 2
25.743 20.000 14.875 210 215 220 0.890 2
25.743 40.000 14.875 210 215 220 0.890 2
27.114 20.000 14.875 210 215 220 0.890 2
27.114 40.000 14.875 210 215 220 0.890 2
28.486 20.000 14.875 210 215 220 0.890 2
28.486 40.000 14.875 210 215 220 0.890 2
29.857 20.000 14.875 210 215 220 0.890 2
29.857 40.000 14.875 210 215 220 0.890 2
31.229 20.000 14.875 210 215 220 0.890 2
31.229 40.000 14.875 210 215 220 0.890 2
32.600 20.000 14.875 210 215 220 0.890 2
32.600 40.000 14.875 210 215 220 0.890 2
33.971 20.000 14.875 210 215 220 0.890 2
33.971 40.000 14.875 210 215 220 0.890 2
35.343 20.000 14.875 210 215 220 0.890 2
35.343 40.000 14.875 210 215 220 0.890 2
36.714 20.000 14.875 210 215 220 0.890 2
36.714 40.000 14.875 210 215 220 0.890 2
38.086 20.000 14.875 210 215 220 0.890 2
38.086 40.000 14.875 210 215 220 0.890 2
39.457 20.000 14.875 210 215 220 0.890 2
39.457 40.000 14.875 210 215 220 0.890 2
40.829 20.000 14.875 210 215 220 0.890 2
40.829 40.000 14.875 210 215 220 0.890 2
42.200 20.000 14.875 210 215 220 0.890 2
42.200 40.000 14.875 210 215 220 0.890 2
43.571 20.000 14.875 210 215 220 0.890 2
43.571 40.000 14.875 210 215 220 0.890 2
44.943 20.000 14.875 210 215 220 0.890 2
44.943 40.000 14.875 210 215 220 0.890 2
46.314 20.000 14.875 210 215 220 0.890 2
46.314 40.000 14.875 210 215 220 0.890 2
23.000 20.000 14.875 190 195 205 0.880 2
47.000 20.000 14.875 190 195 205 0.880 2
23.000 21.379 14.875 190 195 205 0.880 2
47.000 21.379 14.875 190 195 205 0.880 2
23.000 22.759 14.875 190 195 205 0.880 2
47.000 22.759 14.875 190 195 205 0.880 2
23.000 24.138 14.875 190 195 205 0.880 2
47.000 24.138 14.875 190 195 205 0.880 2
23.000 25.517 14.875 190 195 205 0.880 2
47.000 25.517 14.875 190 195 205 0.880 2
23.000 26.897 14.875 190 195 205 0.880 2
47.000 26.897 14.875 190 195 205 0.880 2
23.000 28.276 14.875 190 195 205 0.880 2
47.000 28.276 14.875 190 195 205 0.880 2
23.000 29.655 14.875 190 195 205 0.880 2
47.000 29.655 14.875 190 195 205 0.880 2
23.000 31.034 14.875 190 195 205 0.880 2
47.000 31.034 14.875 190 195 205 0.880 2
23.000 32.414 14.875 190 195 205 0.880 2
47.000 32.414 14.875 190 195 205 0.880 2
23.000 33.793 14.875 190 195 205 0.880 2
47.000 33.793 14.875 190 195 205 0.880 2
23.000 35.172 14.875 190 195 205 0.880 2
47.000 35.172 14.875 190 195 205 0.880 2
23.000 36.552 14.875 190 195 205 0.880 2
47.000 36.552 14.875 190 195 205 0.880 2
23.000 37.931 14.875 190 195 205 0.880 2
47.000 37.931 14.875 190 195 205 0.880 2
23.000 39.310 14.875 190 195 205 0.880 2
47.000 39.310 14.875 190 195 205 0.880 2
23.000 20.000 15.750 210 215 220 0.890 2
23.000 40.000 15.750 210 215 220 0.890 2
24.371 20.000 15.750 210 215 220 0.890 2
24.371 40.000 15.750 210 215 220 0.890 2
25.743 20.000 15.750 210 215 220 0.890 2
25.743 40.000 15.750 210 215 220 0.890 2
27.114 20.000 15.750 210 215 220 0.890 2
27.114 40.000 15.750 210 215 220 0.890 2
28.486 20.000 15.750 210 215 220 0.890 2
28.486 40.000 15.750 210 215 220 0.890 2
29.857 20.000 15.750 210 215 220 0.890 2
29.857 40.000 15.750 210 215 220 0.890 2
31.229 20.000 15.750 210 215 220 0.890 2
31.229 40.000 15.750 210 215 220 0.890 2
32.600 20.000 15.750 210 215 220 0.890 2
32.600 40.000 15.750 210 215 220 0.890 2
33.971 20.000 15.750 210 215 220 0.890 2
33.971 40.000 15.750 210 215 220 0.890 2
35.343 20.000 15.750 210 215 220 0.890 2
35.343 40.000 15.750 210 215 220 0.890 2
36.714 20.000 15.750 210 215 220 0.890 2
36.714 40.000 15.750 210 215 220 0.890 2
38.086 20.000 15.750 210 215 220 0.890 2
38.086 40.000 15.750 210 215 220 0.890 2
39.457 20.000 15.750 210 215 220 0.890 2
39.457 40.000 15.750 210 215 220 0.890 2
40.829 20.000 15.750 210 215 220 0.890 2
40.829 40.000 15.750 210 215 220 0.890 2
42.200 20.000 15.750 210 215 220 0.890 2
42.200 40.000 15.750 210 215 220 0.890 2
43.571 20.000 15.750 210 215 220 0.890 2
43.571 40.000 15.750 210 215 220 0.890 2
44.943 20.000 15.750 210 215 220 0.890 2
44.943 40.000 15.750 210 215 220 0.890 2
46.314 20.000 15.750 210 215 220 0.890 2
46.314 40.000 15.750 210 215 220 0.890 2
23.000 20.000 15.750 190 195 205 0.880 2
47.000 20.000 15.750 190 195 205 0.880 2
23.000 21.379 15.750 190 195 205 0.880 2
47.000 21.379 15.750 190 195 205 0.880 2
23.000 22.759 15.750 190 195 205 0.880 2
47.000 22.759 15.750 190 195 205 0.880 2
23.000 24.138 15.750 190 195 205 0.880 2
47.000 24.138 15.750 190 195 205 0.880 2
23.000 25.517 15.750 190 195 205 0.880 2
47.000 25.517 15.750 190 195 205 0.880 2
23.000 26.897 15.750 190 195 205 0.880 2
47.000 26.897 15.750 190 195 205 0.880 2
23.000 28.276 15.750 190 195 205 0.880 2
47.000 28.276 15.750 190 195 205 0.880 2
23.000 29.655 15.750 190 195 205 0.880 2
47.000 29.655 15.750 190 195 205 0.880 2
23.000 31.034 15.750 190 195 205 0.880 2
47.000 31.034 15.750 190 195 205 0.880 2
23.000 32.414 15.750 190 195 205 0.880 2
47.000 32.414 15.750 190 195 205 0.880 2
23.000 33.793 15.750 190 195 205 0.880 2
47.000 33.793 15.750 190 195 205 0.880 2
23.000 35.172 15.750 190 195 205 0.880 2
47.000 35.172 15.750 190 195 205 0.880 2
23.000 36.552 15.750 190 195 205 0.880 2
47.000 36.552 15.750 190 195 205 0.880 2
23.000 37.931 15.750 190 195 205 0.880 2
47.000 37.931 15.750 190 195 205 0.880 2
23.000 39.310 15.750 190 195 205 0.880 2
47.000 39.310 15.750 190 195 205 0.880 2
23.000 20.000 16.625 210 215 220 0.890 2
23.000 40.000 16.625 210 215 220 0.890 2
24.371 20.000 16.625 210 215 220 0.890 2
24.371 40.000 16.625 210 215 220 0.890 2
25.743 20.000 16.625 210 215 220 0.890 2
25.743 40.000 16.625 210 215 220 0.890 2
27.114 20.000 16.625 210 215 220 0.890 2
27.114 40.000 16.625 210 215 220 0.890 2
28.486 20.000 16.625 210 215 220 0.890 2
28.486 40.000 16.625 210 215 220 0.890 2
29.857 20.000 16.625 210 215 220 0.890 2
29.857 40.000 16.625 210 215 220 0.890 2
31.229 20.000 16.625 210 215 220 0.890 2
31.229 40.000 16.625 210 215 220 0.890 2
32.600 20.000 16.625 210 215 220 0.890 2
32.600 40.000 16.625 210 215 220 0.890 2
33.971 20.000 16.625 210 215 220 0.890 2
33.971 40.000 16.625 210 215 220 0.890 2
35.343 20.000 16.625 210 215 220 0.890 2
35.343 40.000 16.625 210 215 220 0.890 2
36.714 20.000 16.625 210 215 220 0.890 2
36.714 40.000 16.625 210 215 220 0.890 2
38.086 20.000 16.625 210 215 220 0.890 2
38.086 40.000 16.625 210 215 220 0.890 2
39.457 20.000 16.625 210 215 220 0.890 2
39.457 40.000 16.625 210 215 220 0.890 2
40.829 20.000 16.625 210 215 220 0.890 2
40.829 40.000 16.625 210 215 220 0.890 2
42.200 20.000 16.625 210 215 220 0.890 2
42.200 40.000 16.625 210 215 220 0.890 2
43.571 20.000 16.625 210 215 220 0.890 2
43.571 40.000 16.625 210 215 220 0.890 2
44.943 20.000 16.625 210 215 220 0.890 2
44.943 40.000 16.625 210 215 220 0.890 2
46.314 20.000 16.625 210 215 220 0.890 2
46.314 40.000 16.625 210 215 220 0.890 2
23.000 20.000 16.625 190 195 205 0.880 2
47.000 20.000 16.625 190 195 205 0.880 2
23.000 21.379 16.625 190 195 205 0.880 2
47.000 21.379 16.625 190 195 205 0.880 2
23.000 22.759 16.625 190 195 205 0.880 2
47.000 22.759 16.625 190 195 205 0.880 2
23.000 24.138 16.625 190 195 205 0.880 2
47.000 24.138 16.625 190 195 205 0.880 2
23.000 25.517 16.625 190 195 205 0.880 2
47.000 25.517 16.625 190 195 205 0.880 2
23.000 26.897 16.625 190 195 205 0.880 2
47.000 26.897 16.625 190 195 205 0.880 2
23.000 28.276 16.625 190 195 205 0.880 2
47.000 28.276 16.625 190 195 205 0.880 2
23.000 29.655 16.625 190 195 205 0.880 2
47.000 29.655 16.625 190 195 205 0.880 2
23.000 31.034 16.625 190 195 205 0.880 2
47.000 31.034 16.625 190 195 205 0.880 2
23.000 32.414 16.625 190 195 205 0.880 2
47.000 32.414 16.625 190 195 205 0.880 2
23.000 33.793 16.625 190 195 205 0.880 2
47.000 33.793 16.625 190 195 205 0.880 2
23.000 35.172 16.625 190 195 205 0.880 2
47.000 35.172 16.625 190 195 205 0.880 2
23.000 36.552 16.625 190 195 205 0.880 2
47.000 36.552 16.625 190 195 205 0.880 2
23.000 37.931 16.625 190 195 205 0.880 2
47.000 37.931 16.625 190 195 205 0.880 2
23.000 39.310 16.625 190 195 205 0.880 2
47.000 39.310 16.625 190 195 205 0.880 2
23.000 20.000 17.500 210 215 220 0.890 2
23.000 40.000 17.500 210 215 220 0.890 2
24.371 20.000 17.500 210 215 220 0.890 2
24.371 40.000 17.500 210 215 220 0.890 2
25.743 20.000 17.500 210 215 220 0.890 2
25.743 40.000 17.500 210 215 220 0.890 2
27.114 20.000 17.500 210 215 220 0.890 2
27.114 40.000 17.500 210 215 220 0.890 2
28.486 20.000 17.500 210 215 220 0.890 2
28.486 40.000 17.500 210 215 220 0.890 2
29.857 20.000 17.500 210 215 220 0.890 2
29.857 40.000 17.500 210 215 220 0.890 2
31.229 20.000 17.500 210 215 220 0.890 2
31.229 40.000 17.500 210 215 220 0.890 2
32.600 20.000 17.500 210 215 220 0.890 2
32.600 40.000 17.500 210 215 220 0.890 2
33.971 20.000 17.500 210 215 220 0.890 2
33.971 40.000 17.500 210 215 220 0.890 2
35.343 20.000 17.500 210 215 220 0.890 2
35.343 40.000 17.500 210 215 220 0.890 2
36.714 20.000 17.500 210 215 220 0.890 2
36.714 40.000 17.500 210 215 220 0.890 2
38.086 20.000 17.500 210 215 220 0.890 2
38.086 40.000 17.500 210 215 220 0.890 2
39.457 20.000 17.500 210 215 220 0.890 2
39.457 40.000 17.500 210 215 220 0.890 2
40.829 20.000 17.500 210 215 220 0.890 2
40.829 40.000 17.500 210 215 220 0.890 2
42.200 20.000 17.500 210 215 220 0.890 2
42.200 40.000 17.500 210 215 220 0.890 2
43.571 20.000 17.500 210 215 220 0.890 2
43.571 40.000 17.500 210 215 220 0.890 2
44.943 20.000 17.500 210 215 220 0.890 2
44.943 40.000 17.500 210 215 220 0.890 2
46.314 20.000 17.500 210 215 220 0.890 2
46.314 40.000 17.500 210 215 220 0.890 2
23.000 20.000 17.500 190 195 205 0.880 2
47.000 20.000 17.500 190 195 205 0.880 2
23.000 21.379 17.500 190 195 205 0.880 2
47.000 21.379 17.500 190 195 205 0.880 2
23.000 22.759 17.500 190 195 205 0.880 2
47.000 22.759 17.500 190 195 205 0.880 2
23.000 24.138 17.500 190 195 205 0.880 2
47.000 24.138 17.500 190 195 205 0.880 2
23.000 25.517 17.500 190 195 205 0.880 2
47.000 25.517 17.500 190 195 205 0.880 2
23.000 26.897 17.500 190 195 205 0.880 2
47.000 26.897 17.500 190 195 205 0.880 2
23.000 28.276 17.500 190 195 205 0.880 2
47.000 28.276 17.500 190 195 205 0.880 2
23.000 29.655 17.500 190 195 205 0.880 2
47.000 29.655 17.500 190 195 205 0.880 2
23.000 31.034 17.500 190 195 205 0.880 2
47.000 31.034 17.500 190 195 205 0.880 2
23.000 32.414 17.500 190 195 205 0.880 2
47.000 32.414 17.500 190 195 205 0.880 2
23.000 33.793 17.500 190 195 205 0.880 2
47.000 33.793 17.500 190 195 205 0.880 2
23.000 35.172 17.500 190 195 205 0.880 2
47.000 35.172 17.500 190 195 205 0.880 2
23.000 36.552 17.500 190 195 205 0.880 2
47.000 36.552 17.500 190 195 205 0.880 2
23.000 37.931 17.500 190 195 205 0.880 2
47.000 37.931 17.500 190 195 205 0.880 2
23.000 39.310 17.500 190 195 205 0.880 2
47.000 39.310 17.500 190 195 205 0.880 2
23.000 20.000 18.375 210 215 220 0.890 2
23.000 40.000 18.375 210 215 220 0.890 2
24.371 20.000 18.375 210 215 220 0.890 2
24.371 40.000 18.375 210 215 220 0.890 2
25.743 20.000 18.375 210 215 220 0.890 2
25.743 40.000 18.375 210 215 220 0.890 2
27.114 20.000 18.375 210 215 220 0.890 2
27.114 40.000 18.375 210 215 220 0.890 2
28.486 20.000 18.375 210 215 220 0.890 2
28.486 40.000 18.375 210 215 220 0.890 2
29.857 20.000 18.375 210 215 220 0.890 2
29.857 40.000 18.375 210 215 220 0.890 2
31.229 20.000 18.375 210 215 220 0.890 2
31.229 40.000 18.375 210 215 220 0.890 2
32.600 20.000 18.375 210 215 220 0.890 2
32.600 40.000 18.375 210 215 220 0.890 2
33.971 20.000 18.375 210 215 220 0.890 2
33.971 40.000 18.375 210 215 220 0.890 2
35.343 20.000 18.375 210 215 220 0.890 2
35.343 40.000 18.375 210 215 220 0.890 2
36.714 20.000 18.375 210 215 220 0.890 2
36.714 40.000 18.375 210 215 220 0.890 2
38.086 20.000 18.375 210 215 220 0.890 2
38.086 40.000 18.375 210 215 220 0.890 2
39.457 20.000 18.375 210 215 220 0.890 2
39.457 40.000 18.375 210 215 220 0.890 2
40.829 20.000 18.375 210 215 220 0.890 2
40.829 40.000 18.375 210 215 220 0.890 2
42.200 20.000 18.375 210 215 220 0.890 2
42.200 40.000 18.375 210 215 220 0.890 2
43.571 20.000 18.375 210 215 220 0.890 2
43.571 40.000 18.375 210 215 220 0.890 2
44.943 20.000 18.375 210 215 220 0.890 2
44.943 40.000 18.375 210 215 220 0.890 2
46.314 20.000 18.375 210 215 220 0.890 2
46.314 40.000 18.375 210 215 220 0.890 2
23.000 20.000 18.375 190 195 205 0.880 2
47.000 20.000 18.375 190 195 205 0.880 2
23.000 21.379 18.375 190 195 205 0.880 2
47.000 21.379 18.375 190 195 205 0.880 2
23.000 22.759 18.375 190 195 205 0.880 2
47.000 22.759 18.375 190 195 205 0.880 2
23.000 24.138 18.375 190 195 205 0.880 2
47.000 24.138 18.375 190 195 205 0.880 2
23.000 25.517 18.375 190 195 205 0.880 2
47.000 25.517 18.375 190 195 205 0.880 2
23.000 26.897 18.375 190 195 205 0.880 2
47.000 26.897 18.375 190 195 205 0.880 2
23.000 28.276 18.375 190 195 205 0.880 2
47.000 28.276 18.375 190 195 205 0.880 2
23.000 29.655 18.375 190 195 205 0.880 2
47.000 29.655 18.375 190 195 205 0.880 2
23.000 31.034 18.375 190 195 205 0.880 2
47.000 31.034 18.375 190 195 205 0.880 2
23.000 32.414 18.375 190 195 205 0.880 2
47.000 32.414 18.375 190 195 205 0.880 2
23.000 33.793 18.375 190 195 205 0.880 2
47.000 33.793 18.375 190 195 205 0.880 2
23.000 35.172 18.375 190 195 205 0.880 2
47.000 35.172 18.375 190 195 205 0.880 2
23.000 36.552 18.375 190 195 205 0.880 2
47.000 36.552 18.375 190 195 205 0.880 2
23.000 37.931 18.375 190 195 205 0.880 2
47.000 37.931 18.375 190 195 205 0.880 2
23.000 39.310 18.375 190 195 205 0.880 2
47.000 39.310 18.375 190 195 205 0.880 2
23.000 20.000 19.250 210 215 220 0.890 2
23.000 40.000 19.250 210 215 220 0.890 2
24.371 20.000 19.250 210 215 220 0.890 2
24.371 40.000 19.250 210 215 220 0.890 2
25.743 20.000 19.250 210 215 220 0.890 2
25.743 40.000 19.250 210 215 220 0.890 2
27.114 20.000 19.250 210 215 220 0.890 2
27.114 40.000 19.250 210 215 220 0.890 2
28.486 20.000 19.250 210 215 220 0.890 2
28.486 40.000 19.250 210 215 220 0.890 2
29.857 20.000 19.250 210 215 220 0.890 2
29.857 40.000 19.250 210 215 220 0.890 2
31.229 20.000 19.250 210 215 220 0.890 2
31.229 40.000 19.250 210 215 220 0.890 2
32.600 20.000 19.250 210 215 220 0.890 2
32.600 40.000 19.250 210 215 220 0.890 2
33.971 20.000 19.250 210 215 220 0.890 2
33.971 40.000 19.250 210 215 220 0.890 2
35.343 20.000 19.250 210 215 220 0.890 2
35.343 40.000 19.250 210 215 220 0.890 2
36.714 20.000 19.250 210 215 220 0.890 2
36.714 40.000 19.250 210 215 220 0.890 2
38.086 20.000 19.250 210 215 220 0.890 2
38.086 40.000 19.250 210 215 220 0.890 2
39.457 20.000 19.250 210 215 220 0.890 2
39.457 40.000 19.250 210 215 220 0.890 2
40.829 20.000 19.250 210 215 220 0.890 2
40.829 40.000 19.250 210 215 220 0.890 2
42.200 20.000 19.250 210 215 220 0.890 2
42.200 40.000 19.250 210 215 220 0.890 2
43.571 20.000 19.250 210 215 220 0.890 2
43.571 40.000 19.250 210 215 220 0.890 2
44.943 20.000 19.250 210 215 220 0.890 2
44.943 40.000 19.250 210 215 220 0.890 2
46.314 20.000 19.250 210 215 220 0.890 2
46.314 40.000 19.250 210 215 220 0.890 2
23.000 20.000 19.250 190 195 205 0.880 2
47.000 20.000 19.250 190 195 205 0.880 2
23.000 21.379 19.250 190 195 205 0.880 2
47.000 21.379 19.250 190 195 205 0.880 2
23.000 22.759 19.250 190 195 205 0.880 2
47.000 22.759 19.250 190 195 205 0.880 2
23.000 24.138 19.250 190 195 205 0.880 2
47.000 24.138 19.250 190 195 205 0.880 2
23.000 25.517 19.250 190 195 205 0.880 2
47.000 25.517 19.250 190 195 205 0.880 2
23.000 26.897 19.250 190 195 205 0.880 2
47.000 26.897 19.250 190 195 205 0.880 2
23.000 28.276 19.250 190 195 205 0.880 2
47.000 28.276 19.250 190 195 205 0.880 2
23.000 29.655 19.250 190 195 205 0.880 2
47.000 29.655 19.250 190 195 205 0.880 2
23.000 31.034 19.250 190 195 205 0.880 2
47.000 31.034 19.250 190 195 205 0.880 2
23.000 32.414 19.250 190 195 205 0.880 2
47.000 32.414 19.250 190 195 205 0.880 2
23.000 33.793 19.250 190 195 205 0.880 2
47.000 33.793 19.250 190 195 205 0.880 2
23.000 35.172 19.250 190 195 205 0.880 2
47.000 35.172 19.250 190 195 205 0.880 2
23.000 36.552 19.250 190 195 205 0.880 2
47.000 36.552 19.250 190 195 205 0.880 2
23.000 37.931 19.250 190 195 205 0.880 2
47.000 37.931 19.250 190 195 205 0.880 2
23.000 39.310 19.250 190 195 205 0.880 2
47.000 39.310 19.250 190 195 205 0.880 2
23.000 20.000 20.125 210 215 220 0.890 2
23.000 40.000 20.125 210 215 220 0.890 2
24.371 20.000 20.125 210 215 220 0.890 2
24.371 40.000 20.125 210 215 220 0.890 2
25.743 20.000 20.125 210 215 220 0.890 2
25.743 40.000 20.125 210 215 220 0.890 2
27.114 20.000 20.125 210 215 220 0.890 2
27.114 40.000 20.125 210 215 220 0.890 2
28.486 20.000 20.125 210 215 220 0.890 2
28.486 40.000 20.125 210 215 220 0.890 2
29.857 20.000 20.125 210 215 220 0.890 2
29.857 40.000 20.125 210 215 220 0.890 2
31.229 20.000 20.125 210 215 220 0.890 2
31.229 40.000 20.125 210 215 220 0.890 2
32.600 20.000 20.125 210 215 220 0.890 2
32.600 40.000 20.125 210 215 220 0.890 2
33.971 20.000 20.125 210 215 220 0.890 2
33.971 40.000 20.125 210 215 220 0.890 2
35.343 20.000 20.125 210 215 220 0.890 2
35.343 40.000 20.125 210 215 220 0.890 2
36.714 20.000 20.125 210 215 220 0.890 2
36.714 40.000 20.125 210 215 220 0.890 2
38.086 20.000 20.125 210 215 220 0.890 2
38.086 40.000 20.125 210 215 220 0.890 2
39.457 20.000 20.125 210 215 220 0.890 2
39.457 40.000 20.125 210 215 220 0.890 2
40.829 20.000 20.125 210 215 220 0.890 2
40.829 40.000 20.125 210 215 220 0.890 2
42.200 20.000 20.125 210 215 220 0.890 2
42.200 40.000 20.125 210 215 220 0.890 2
43.571 20.000 20.125 210 215 220 0.890 2
43.571 40.000 20.125 210 215 220 0.890 2
44.943 20.000 20.125 210 215 220 0.890 2
44.943 40.000 20.125 210 215 220 0.890 2
46.314 20.000 20.125 210 215 220 0.890 2
46.314 40.000 20.125 210 215 220 0.890 2
23.000 20.000 20.125 190 195 205 0.880 2
47.000 20.000 20.125 190 195 205 0.880 2
23.000 21.379 20.125 190 195 205 0.880 2
47.000 21.379 20.125 190 195 205 0.880 2
23.000 22.759 20.125 190 195 205 0.880 2
47.000 22.759 20.125 190 195 205 0.880 2
23.000 24.138 20.125 190 195 205 0.880 2
47.000 24.138 20.125 190 195 205 0.880 2
23.000 25.517 20.125 190 195 205 0.880 2
47.000 25.517 20.125 190 195 205 0.880 2
23.000 26.897 20.125 190 195 205 0.880 2
47.000 26.897 20.125 190 195 205 0.880 2
23.000 28.276 20.125 190 195 205 0.880 2
47.000 28.276 20.125 190 195 205 0.880 2
23.000 29.655 20.125 190 195 205 0.880 2
47.000 29.655 20.125 190 195 205 0.880 2
23.000 31.034 20.125 190 195 205 0.880 2
47.000 31.034 20.125 190 195 205 0.880 2
23.000 32.414 20.125 190 195 205 0.880 2
47.000 32.414 20.125 190 195 205 0.880 2
23.000 33.793 20.125 190 195 205 0.880 2
47.000 33.793 20.125 190 195 205 0.880 2
23.000 35.172 20.125 190 195 205 0.880 2
47.000 35.172 20.125 190 195 205 0.880 2
23.000 36.552 20.125 190 195 205 0.880 2
47.000 36.552 20.125 190 195 205 0.880 2
23.000 37.931 20.125 190 195 205 0.880 2
47.000 37.931 20.125 190 195 205 0.880 2
23.000 39.310 20.125 190 195 205 0.880 2
47.000 39.310 20.125 190 195 205 0.880 2
23.000 20.000 21.000 210 215 220 0.890 2
23.000 40.000 21.000 210 215 220 0.890 2
24.371 20.000 21.000 210 215 220 0.890 2
24.371 40.000 21.000 210 215 220 0.890 2
25.743 20.000 21.000 210 215 220 0.890 2
25.743 40.000 21.000 210 215 220 0.890 2
27.114 20.000 21.000 210 215 220 0.890 2
27.114 40.000 21.000 210 215 220 0.890 2
28.486 20.000 21.000 210 215 220 0.890 2
28.486 40.000 21.000 210 215 220 0.890 2
29.857 20.000 21.000 210 215 220 0.890 2
29.857 40.000 21.000 210 215 220 0.890 2
31.229 20.000 21.000 210 215 220 0.890 2
31.229 40.000 21.000 210 215 220 0.890 2
32.600 20.000 21.000 210 215 220 0.890 2
32.600 40.000 21.000 210 215 220 0.890 2
33.971 20.000 21.000 210 215 220 0.890 2
33.971 40.000 21.000 210 215 220 0.890 2
35.343 20.000 21.000 210 215 220 0.890 2
35.343 40.000 21.000 210 215 220 0.890 2
36.714 20.000 21.000 210 215 220 0.890 2
36.714 40.000 21.000 210 215 220 0.890 2
38.086 20.000 21.000 210 215 220 0.890 2
38.086 40.000 21.000 210 215 220 0.890 2
39.457 20.000 21.000 210 215 220 0.890 2
39.457 40.000 21.000 210 215 220 0.890 2
40.829 20.000 21.000 210 215 220 0.890 2
40.829 40.000 21.000 210 215 220 0.890 2
42.200 20.000 21.000 210 215 220 0.890 2
42.200 40.000 21.000 210 215 220 0.890 2
43.571 20.000 21.000 210 215 220 0.890 2
43.571 40.000 21.000 210 215 220 0.890 2
44.943 20.000 21.000 210 215 220 0.890 2
44.943 40.000 21.000 210 215 220 0.890 2
46.314 20.000 21.000 210 215 220 0.890 2
46.314 40.000 21.000 210 215 220 0.890 2
23.000 20.000 21.000 190 195 205 0.880 2
47.000 20.000 21.000 190 195 205 0.880 2
23.000 21.379 21.000 190 195 205 0.880 2
47.000 21.379 21.000 190 195 205 0.880 2
23.000 22.759 21.000 190 195 205 0.880 2
47.000 22.759 21.000 190 195 205 0.880 2
23.000 24.138 21.000 190 195 205 0.880 2
47.000 24.138 21.000 190 195 205 0.880 2
23.000 25.517 21.000 190 195 205 0.880 2
47.000 25.517 21.000 190 195 205 0.880 2
23.000 26.897 21.000 190 195 205 0.880 2
47.000 26.897 21.000 190 195 205 0.880 2
23.000 28.276 21.000 190 195 205 0.880 2
47.000 28.276 21.000 190 195 205 0.880 2
23.000 29.655 21.000 190 195 205 0.880 2
47.000 29.655 21.000 190 195 205 0.880 2
23.000 31.034 21.000 190 195 205 0.880 2
47.000 31.034 21.000 190 195 205 0.880 2
23.000 32.414 21.000 190 195 205 0.880 2
47.000 32.414 21.000 190 195 205 0.880 2
23.000 33.793 21.000 190 195 205 0.880 2
47.000 33.793 21.000 190 195 205 0.880 2
23.000 35.172 21.000 190 195 205 0.880 2
47.000 35.172 21.000 190 195 205 0.880 2
23.000 36.552 21.000 190 195 205 0.880 2
47.000 36.552 21.000 190 195 205 0.880 2
23.000 37.931 21.000 190 195 205 0.880 2
47.000 37.931 21.000 190 195 205 0.880 2
23.000 39.310 21.000 190 195 205 0.880 2
47.000 39.310 21.000 190 195 205 0.880 2
23.000 20.000 21.875 210 215 220 0.890 2
23.000 40.000 21.875 210 215 220 0.890 2
24.371 20.000 21.875 210 215 220 0.890 2
24.371 40.000 21.875 210 215 220 0.890 2
25.743 20.000 21.875 210 215 220 0.890 2
25.743 40.000 21.875 210 215 220 0.890 2
27.114 20.000 21.875 210 215 220 0.890 2
27.114 40.000 21.875 210 215 220 0.890 2
28.486 20.000 21.875 210 215 220 0.890 2
28.486 40.000 21.875 210 215 220 0.890 2
29.857 20.000 21.875 210 215 220 0.890 2
29.857 40.000 21.875 210 215 220 0.890 2
31.229 20.000 21.875 210 215 220 0.890 2
31.229 40.000 21.875 210 215 220 0.890 2
32.600 20.000 21.875 210 215 220 0.890 2
32.600 40.000 21.875 210 215 220 0.890 2
33.971 20.000 21.875 210 215 220 0.890 2
33.971 40.000 21.875 210 215 220 0.890 2
35.343 20.000 21.875 210 215 220 0.890 2
35.343 40.000 21.875 210 215 220 0.890 2
36.714 20.000 21.875 210 215 220 0.890 2
36.714 40.000 21.875 210 215 220 0.890 2
38.086 20.000 21.875 210 215 220 0.890 2
38.086 40.000 21.875 210 215 220 0.890 2
39.457 20.000 21.875 210 215 220 0.890 2
39.457 40.000 21.875 210 215 220 0.890 2
40.829 20.000 21.875 210 215 220 0.890 2
40.829 40.000 21.875 210 215 220 0.890 2
42.200 20.000 21.875 210 215 220 0.890 2
42.200 40.000 21.875 210 215 220 0.890 2
43.571 20.000 21.875 210 215 220 0.890 2
43.571 40.000 21.875 210 215 220 0.890 2
44.943 20.000 21.875 210 215 220 0.890 2
44.943 40.000 21.875 210 215 220 0.890 2
46.314 20.000 21.875 210 215 220 0.890 2
46.314 40.000 21.875 210 215 220 0.890 2
23.000 20.000 21.875 190 195 205 0.880 2
47.000 20.000 21.875 190 195 205 0.880 2
23.000 21.379 21.875 190 195 205 0.880 2
47.000 21.379 21.875 190 195 205 0.880 2
23.000 22.759 21.875 190 195 205 0.880 2
47.000 22.759 21.875 190 195 205 0.880 2
23.000 24.138 21.875 190 195 205 0.880 2
47.000 24.138 21.875 190 195 205 0.880 2
23.000 25.517 21.875 190 195 205 0.880 2
47.000 25.517 21.875 190 195 205 0.880 2
23.000 26.897 21.875 190 195 205 0.880 2
47.000 26.897 21.875 190 195 205 0.880 2
23.000 28.276 21.875 190 195 205 0.880 2
47.000 28.276 21.875 190 195 205 0.880 2
23.000 29.655 21.875 190 195 205 0.880 2
47.000 29.655 21.875 190 195 205 0.880 2
23.000 31.034 21.875 190 195 205 0.880 2
47.000 31.034 21.875 190 195 205 0.880 2
23.000 32.414 21.875 190 195 205 0.880 2
47.000 32.414 21.875 190 195 205 0.880 2
23.000 33.793 21.875 190 195 205 0.880 2
47.000 33.793 21.875 190 195 205 0.880 2
23.000 35.172 21.875 190 195 205 0.880 2
47.000 35.172 21.875 190 195 205 0.880 2
23.000 36.552 21.875 190 195 205 0.880 2
47.000 36.552 21.875 190 195 205 0.880 2
23.000 37.931 21.875 190 195 205 0.880 2
47.000 37.931 21.875 190 195 205 0.880 2
23.000 39.310 21.875 190 195 205 0.880 2
47.000 39.310 21.875 190 195 205 0.880 2
23.000 20.000 22.750 210 215 220 0.890 2
23.000 40.000 22.750 210 215 220 0.890 2
24.371 20.000 22.750 210 215 220 0.890 2
24.371 40.000 22.750 210 215 220 0.890 2
25.743 20.000 22.750 210 215 220 0.890 2
25.743 40.000 22.750 210 215 220 0.890 2
27.114 20.000 22.750 210 215 220 0.890 2
27.114 40.000 22.750 210 215 220 0.890 2
28.486 20.000 22.750 210 215 220 0.890 2
28.486 40.000 22.750 210 215 220 0.890 2
29.857 20.000 22.750 210 215 220 0.890 2
29.857 40.000 22.750 210 215 220 0.890 2
31.229 20.000 22.750 210 215 220 0.890 2
31.229 40.000 22.750 210 215 220 0.890 2
32.600 20.000 22.750 210 215 220 0.890 2
32.600 40.000 22.750 210 215 220 0.890 2
33.971 20.000 22.750 210 215 220 0.890 2
33.971 40.000 22.750 210 215 220 0.890 2
35.343 20.000 22.750 210 215 220 0.890 2
35.343 40.000 22.750 210 215 220 0.890 2
36.714 20.000 22.750 210 215 220 0.890 2
36.714 40.000 22.750 210 215 220 0.890 2
38.086 20.000 22.750 210 215 220 0.890 2
38.086 40.000 22.750 210 215 220 0.890 2
39.457 20.000 22.750 210 215 220 0.890 2
39.457 40.000 22.750 210 215 220 0.890 2
40.829 20.000 22.750 210 215 220 0.890 2
40.829 40.000 22.750 210 215 220 0.890 2
42.200 20.000 22.750 210 215 220 0.890 2
42.200 40.000 22.750 210 215 220 0.890 2
43.571 20.000 22.750 210 215 220 0.890 2
43.571 40.000 22.750 210 215 220 0.890 2
44.943 20.000 22.750 210 215 220 0.890 2
44.943 40.000 22.750 210 215 220 0.890 2
46.314 20.000 22.750 210 215 220 0.890 2
46.314 40.000 22.750 210 215 220 0.890 2
23.000 20.000 22.750 190 195 205 0.880 2
47.000 20.000 22.750 190 195 205 0.880 2
23.000 21.379 22.750 190 195 205 0.880 2
47.000 21.379 22.750 190 195 205 0.880 2
23.000 22.759 22.750 190 195 205 0.880 2
47.000 22.759 22.750 190 195 205 0.880 2
23.000 24.138 22.750 190 195 205 0.880 2
47.000 24.138 22.750 190 195 205 0.880 2
23.000 25.517 22.750 190 195 205 0.880 2
47.000 25.517 22.750 190 195 205 0.880 2
23.000 26.897 22.750 190 195 205 0.880 2
47.000 26.897 22.750 190 195 205 0.880 2
23.000 28.276 22.750 190 195 205 0.880 2
47.000 28.276 22.750 190 195 205 0.880 2
23.000 29.655 22.750 190 195 205 0.880 2
47.000 29.655 22.750 190 195 205 0.880 2
23.000 31.034 22.750 190 195 205 0.880 2
47.000 31.034 22.750 190 195 205 0.880 2
23.000 32.414 22.750 190 195 205 0.880 2
47.000 32.414 22.750 190 195 205 0.880 2
23.000 33.793 22.750 190 195 205 0.880 2
47.000 33.793 22.750 190 195 205 0.880 2
23.000 35.172 22.750 190 195 205 0.880 2
47.000 35.172 22.750 190 195 205 0.880 2
23.000 36.552 22.750 190 195 205 0.880 2
47.000 36.552 22.750 190 195 205 0.880 2
23.000 37.931 22.750 190 195 205 0.880 2
47.000 37.931 22.750 190 195 205 0.880 2
23.000 39.310 22.750 190 195 205 0.880 2
47.000 39.310 22.750 190 195 205 0.880 2
23.000 20.000 23.625 210 215 220 0.890 2
23.000 40.000 23.625 210 215 220 0.890 2
24.371 20.000 23.625 210 215 220 0.890 2
24.371 40.000 23.625 210 215 220 0.890 2
25.743 20.000 23.625 210 215 220 0.890 2
25.743 40.000 23.625 210 215 220 0.890 2
27.114 20.000 23.625 210 215 220 0.890 2
27.114 40.000 23.625 210 215 220 0.890 2
28.486 20.000 23.625 210 215 220 0.890 2
28.486 40.000 23.625 210 215 220 0.890 2
29.857 20.000 23.625 210 215 220 0.890 2
29.857 40.000 23.625 210 215 220 0.890 2
31.229 20.000 23.625 210 215 220 0.890 2
31.229 40.000 23.625 210 215 220 0.890 2
32.600 20.000 23.625 210 215 220 0.890 2
32.600 40.000 23.625 210 215 220 0.890 2
33.971 20.000 23.625 210 215 220 0.890 2
33.971 40.000 23.625 210 215 220 0.890 2
35.343 20.000 23.625 210 215 220 0.890 2
35.343 40.000 23.625 210 215 220 0.890 2
36.714 20.000 23.625 210 215 220 0.890 2
36.714 40.000 23.625 210 215 220 0.890 2
38.086 20.000 23.625 210 215 220 0.890 2
38.086 40.000 23.625 210 215 220 0.890 2
39.457 20.000 23.625 210 215 220 0.890 2
39.457 40.000 23.625 210 215 220 0.890 2
40.829 20.000 23.625 210 215 220 0.890 2
40.829 40.000 23.625 210 215 220 0.890 2
42.200 20.000 23.625 210 215 220 0.890 2
42.200 40.000 23.625 210 215 220 0.890 2
43.571 20.000 23.625 210 215 220 0.890 2
43.571 40.000 23.625 210 215 220 0.890 2
44.943 20.000 23.625 210 215 220 0.890 2
44.943 40.000 23.625 210 215 220 0.890 2
46.314 20.000 23.625 210 215 220 0.890 2
46.314 40.000 23.625 210 215 220 0.890 2
23.000 20.000 23.625 190 195 205 0.880 2
47.000 20.000 23.625 190 195 205 0.880 2
23.000 21.379 23.625 190 195 205 0.880 2
47.000 21.379 23.625 190 195 205 0.880 2
23.000 22.759 23.625 190 195 205 0.880 2
47.000 22.759 23.625 190 195 205 0.880 2
23.000 24.138 23.625 190 195 205 0.880 2
47.000 24.138 23.625 190 195 205 0.880 2
23.000 25.517 23.625 190 195 205 0.880 2
47.000 25.517 23.625 190 195 205 0.880 2
23.000 26.897 23.625 190 195 205 0.880 2
47.000 26.897 23.625 190 195 205 0.880 2
23.000 28.276 23.625 190 195 205 0.880 2
47.000 28.276 23.625 190 195 205 0.880 2
23.000 29.655 23.625 190 195 205 0.880 2
47.000 29.655 23.625 190 195 205 0.880 2
23.000 31.034 23.625 190 195 205 0.880 2
47.000 31.034 23.625 190 195 205 0.880 2
23.000 32.414 23.625 190 195 205 0.880 2
47.000 32.414 23.625 190 195 205 0.880 2
23.000 33.793 23.625 190 195 205 0.880 2
47.000 33.793 23.625 190 195 205 0.880 2
23.000 35.172 23.625 190 195 205 0.880 2
47.000 35.172 23.625 190 195 205 0.880 2
23.000 36.552 23.625 190 195 205 0.880 2
47.000 36.552 23.625 190 195 205 0.880 2
23.000 37.931 23.625 190 195 205 0.880 2
47.000 37.931 23.625 190 195 205 0.880 2
23.000 39.310 23.625 190 195 205 0.880 2
47.000 39.310 23.625 190 195 205 0.880 2
23.000 20.000 24.500 210 215 220 0.890 2
23.000 40.000 24.500 210 215 220 0.890 2
24.371 20.000 24.500 210 215 220 0.890 2
24.371 40.000 24.500 210 215 220 0.890 2
25.743 20.000 24.500 210 215 220 0.890 2
25.743 40.000 24.500 210 215 220 0.890 2
27.114 20.000 24.500 210 215 220 0.890 2
27.114 40.000 24.500 210 215 220 0.890 2
28.486 20.000 24.500 210 215 220 0.890 2
28.486 40.000 24.500 210 215 220 0.890 2
29.857 20.000 24.500 210 215 220 0.890 2
29.857 40.000 24.500 210 215 220 0.890 2
31.229 20.000 24.500 210 215 220 0.890 2
31.229 40.000 24.500 210 215 220 0.890 2
32.600 20.000 24.500 210 215 220 0.890 2
32.600 40.000 24.500 210 215 220 0.890 2
33.971 20.000 24.500 210 215 220 0.890 2
33.971 40.000 24.500 210 215 220 0.890 2
35.343 20.000 24.500 210 215 220 0.890 2
35.343 40.000 24.500 210 215 220 0.890 2
36.714 20.000 24.500 210 215 220 0.890 2
36.714 40.000 24.500 210 215 220 0.890 2
38.086 20.000 24.500 210 215 220 0.890 2
38.086 40.000 24.500 210 215 220 0.890 2
39.457 20.000 24.500 210 215 220 0.890 2
39.457 40.000 24.500 210 215 220 0.890 2
40.829 20.000 24.500 210 215 220 0.890 2
40.829 40.000 24.500 210 215 220 0.890 2
42.200 20.000 24.500 210 215 220 0.890 2
42.200 40.000 24.500 210 215 220 0.890 2
43.571 20.000 24.500 210 215 220 0.890 2
43.571 40.000 24.500 210 215 220 0.890 2
44.943 20.000 24.500 210 215 220 0.890 2
44.943 40.000 24.500 210 215 220 0.890 2
46.314 20.000 24.500 210 215 220 0.890 2
46.314 40.000 24.500 210 215 220 0.890 2
23.000 20.000 24.500 190 195 205 0.880 2
47.000 20.000 24.500 190 195 205 0.880 2
23.000 21.379 24.500 190 195 205 0.880 2
47.000 21.379 24.500 190 195 205 0.880 2
23.000 22.759 24.500 190 195 205 0.880 2
47.000 22.759 24.500 190 195 205 0.880 2
23.000 24.138 24.500 190 195 205 0.880 2
47.000 24.138 24.500 190 195 205 0.880 2
23.000 25.517 24.500 190 195 205 0.880 2
47.000 25.517 24.500 190 195 205 0.880 2
23.000 26.897 24.500 190 195 205 0.880 2
47.000 26.897 24.500 190 195 205 0.880 2
23.000 28.276 24.500 190 195 205 0.880 2
47.000 28.276 24.500 190 195 205 0.880 2
23.000 29.655 24.500 190 195 205 0.880 2
47.000 29.655 24.500 190 195 205 0.880 2
23.000 31.034 24.500 190 195 205 0.880 2
47.000 31.034 24.500 190 195 205 0.880 2
23.000 32.414 24.500 190 195 205 0.880 2
47.000 32.414 24.500 190 195 205 0.880 2
23.000 33.793 24.500 190 195 205 0.880 2
47.000 33.793 24.500 190 195 205 0.880 2
23.000 35.172 24.500 190 195 205 0.880 2
47.000 35.172 24.500 190 195 205 0.880 2
23.000 36.552 24.500 190 195 205 0.880 2
47.000 36.552 24.500 190 195 205 0.880 2
23.000 37.931 24.500 190 195 205 0.880 2
47.000 37.931 24.500 190 195 205 0.880 2
23.000 39.310 24.500 190 195 205 0.880 2
47.000 39.310 24.500 190 195 205 0.880 2
23.000 20.000 25.375 210 215 220 0.890 2
23.000 40.000 25.375 210 215 220 0.890 2
24.371 20.000 25.375 210 215 220 0.890 2
24.371 40.000 25.375 210 215 220 0.890 2
25.743 20.000 25.375 210 215 220 0.890 2
25.743 40.000 25.375 210 215 220 0.890 2
27.114 20.000 25.375 210 215 220 0.890 2
27.114 40.000 25.375 210 215 220 0.890 2
28.486 20.000 25.375 210 215 220 0.890 2
28.486 40.000 25.375 210 215 220 0.890 2
29.857 20.000 25.375 210 215 220 0.890 2
29.857 40.000 25.375 210 215 220 0.890 2
31.229 20.000 25.375 210 215 220 0.890 2
31.229 40.000 25.375 210 215 220 0.890 2
32.600 20.000 25.375 210 215 220 0.890 2
32.600 40.000 25.375 210 215 220 0.890 2
33.971 20.000 25.375 210 215 220 0.890 2
33.971 40.000 25.375 210 215 220 0.890 2
35.343 20.000 25.375 210 215 220 0.890 2
35.343 40.000 25.375 210 215 220 0.890 2
36.714 20.000 25.375 210 215 220 0.890 2
36.714 40.000 25.375 210 215 220 0.890 2
38.086 20.000 25.375 210 215 220 0.890 2
38.086 40.000 25.375 210 215 220 0.890 2
39.457 20.000 25.375 210 215 220 0.890 2
39.457 40.000 25.375 210 215 220 0.890 2
40.829 20.000 25.375 210 215 220 0.890 2
40.829 40.000 25.375 210 215 220 0.890 2
42.200 20.000 25.375 210 215 220 0.890 2
42.200 40.000 25.375 210 215 220 0.890 2
43.571 20.000 25.375 210 215 220 0.890 2
43.571 40.000 25.375 210 215 220 0.890 2
44.943 20.000 25.375 210 215 220 0.890 2
44.943 40.000 25.375 210 215 220 0.890 2
46.314 20.000 25.375 210 215 220 0.890 2
46.314 40.000 25.375 210 215 220 0.890 2
23.000 20.000 25.375 190 195 205 0.880 2
47.000 20.000 25.375 190 195 205 0.880 2
23.000 21.379 25.375 190 195 205 0.880 2
47.000 21.379 25.375 190 195 205 0.880 2
23.000 22.759 25.375 190 195 205 0.880 2
47.000 22.759 25.375 190 195 205 0.880 2
23.000 24.138 25.375 190 195 205 0.880 2
47.000 24.138 25.375 190 195 205 0.880 2
23.000 25.517 25.375 190 195 205 0.880 2
47.000 25.517 25.375 190 195 205 0.880 2
23.000 26.897 25.375 190 195 205 0.880 2
47.000 26.897 25.375 190 195 205 0.880 2
23.000 28.276 25.375 190 195 205 0.880 2
47.000 28.276 25.375 190 195 205 0.880 2
23.000 29.655 25.375 190 195 205 0.880 2
47.000 29.655 25.375 190 195 205 0.880 2
23.000 31.034 25.375 190 195 205 0.880 2
47.000 31.034 25.375 190 195 205 0.880 2
23.000 32.414 25.375 190 195 205 0.880 2
47.000 32.414 25.375 190 195 205 0.880 2
23.000 33.793 25.375 190 195 205 0.880 2
47.000 33.793 25.375 190 195 205 0.880 2
23.000 35.172 25.375 190 195 205 0.880 2
47.000 35.172 25.375 190 195 205 0.880 2
23.000 36.552 25.375 190 195 205 0.880 2
47.000 36.552 25.375 190 195 205 0.880 2
23.000 37.931 25.375 190 195 205 0.880 2
47.000 37.931 25.375 190 195 205 0.880 2
23.000 39.310 25.375 190 195 205 0.880 2
47.000 39.310 25.375 190 195 205 0.880 2
23.000 20.000 26.250 210 215 220 0.890 2
23.000 40.000 26.250 210 215 220 0.890 2
24.371 20.000 26.250 210 215 220 0.890 2
24.371 40.000 26.250 210 215 220 0.890 2
25.743 20.000 26.250 210 215 220 0.890 2
25.743 40.000 26.250 210 215 220 0.890 2
27.114 20.000 26.250 210 215 220 0.890 2
27.114 40.000 26.250 210 215 220 0.890 2
28.486 20.000 26.250 210 215 220 0.890 2
28.486 40.000 26.250 210 215 220 0.890 2
29.857 20.000 26.250 210 215 220 0.890 2
29.857 40.000 26.250 210 215 220 0.890 2
31.229 20.000 26.250 210 215 220 0.890 2
31.229 40.000 26.250 210 215 220 0.890 2
32.600 20.000 26.250 210 215 220 0.890 2
32.600 40.000 26.250 210 215 220 0.890 2
33.971 20.000 26.250 210 215 220 0.890 2
33.971 40.000 26.250 210 215 220 0.890 2
35.343 20.000 26.250 210 215 220 0.890 2
35.343 40.000 26.250 210 215 220 0.890 2
36.714 20.000 26.250 210 215 220 0.890 2
36.714 40.000 26.250 210 215 220 0.890 2
38.086 20.000 26.250 210 215 220 0.890 2
38.086 40.000 26.250 210 215 220 0.890 2
39.457 20.000 26.250 210 215 220 0.890 2
39.457 40.000 26.250 210 215 220 0.890 2
40.829 20.000 26.250 210 215 220 0.890 2
40.829 40.000 26.250 210 215 220 0.890 2
42.200 20.000 26.250 210 215 220 0.890 2
42.200 40.000 26.250 210 215 220 0.890 2
43.571 20.000 26.250 210 215 220 0.890 2
43.571 40.000 26.250 210 215 220 0.890 2
44.943 20.000 26.250 210 215 220 0.890 2
44.943 40.000 26.250 210 215 220 0.890 2
46.314 20.000 26.250 210 215 220 0.890 2
46.314 40.000 26.250 210 215 220 0.890 2
23.000 20.000 26.250 190 195 205 0.880 2
47.000 20.000 26.250 190 195 205 0.880 2
23.000 21.379 26.250 190 195 205 0.880 2
47.000 21.379 26.250 190 195 205 0.880 2
23.000 22.759 26.250 190 195 205 0.880 2
47.000 22.759 26.250 190 195 205 0.880 2
23.000 24.138 26.250 190 195 205 0.880 2
47.000 24.138 26.250 190 195 205 0.880 2
23.000 25.517 26.250 190 195 205 0.880 2
47.000 25.517 26.250 190 195 205 0.880 2
23.000 26.897 26.250 190 195 205 0.880 2
47.000 26.897 26.250 190 195 205 0.880 2
23.000 28.276 26.250 190 195 205 0.880 2
47.000 28.276 26.250 190 195 205 0.880 2
23.000 29.655 26.250 190 195 205 0.880 2
47.000 29.655 26.250 190 195 205 0.880 2
23.000 31.034 26.250 190 195 205 0.880 2
47.000 31.034 26.250 190 195 205 0.880 2
23.000 32.414 26.250 190 195 205 0.880 2
47.000 32.414 26.250 190 195 205 0.880 2
23.000 33.793 26.250 190 195 205 0.880 2
47.000 33.793 26.250 190 195 205 0.880 2
23.000 35.172 26.250 190 195 205 0.880 2
47.000 35.172 26.250 190 195 205 0.880 2
23.000 36.552 26.250 190 195 205 0.880 2
47.000 36.552 26.250 190 195 205 0.880 2
23.000 37.931 26.250 190 195 205 0.880 2
47.000 37.931 26.250 190 195 205 0.880 2
23.000 39.310 26.250 190 195 205 0.880 2
47.000 39.310 26.250 190 195 205 0.880 2
23.000 20.000 27.125 210 215 220 0.890 2
23.000 40.000 27.125 210 215 220 0.890 2
24.371 20.000 27.125 210 215 220 0.890 2
24.371 40.000 27.125 210 215 220 0.890 2
25.743 20.000 27.125 210 215 220 0.890 2
25.743 40.000 27.125 210 215 220 0.890 2
27.114 20.000 27.125 210 215 220 0.890 2
27.114 40.000 27.125 210 215 220 0.890 2
28.486 20.000 27.125 210 215 220 0.890 2
28.486 40.000 27.125 210 215 220 0.890 2
29.857 20.000 27.125 210 215 220 0.890 2
29.857 40.000 27.125 210 215 220 0.890 2
31.229 20.000 27.125 210 215 220 0.890 2
31.229 40.000 27.125 210 215 220 0.890 2
32.600 20.000 27.125 210 215 220 0.890 2
32.600 40.000 27.125 210 215 220 0.890 2
33.971 20.000 27.125 210 215 220 0.890 2
33.971 40.000 27.125 210 215 220 0.890 2
35.343 20.000 27.125 210 215 220 0.890 2
35.343 40.000 27.125 210 215 220 0.890 2
36.714 20.000 27.125 210 215 220 0.890 2
36.714 40.000 27.125 210 215 220 0.890 2
38.086 20.000 27.125 210 215 220 0.890 2
38.086 40.000 27.125 210 215 220 0.890 2
39.457 20.000 27.125 210 215 220 0.890 2
39.457 40.000 27.125 210 215 220 0.890 2
40.829 20.000 27.125 210 215 220 0.890 2
40.829 40.000 27.125 210 215 220 0.890 2
42.200 20.000 27.125 210 215 220 0.890 2
42.200 40.000 27.125 210 215 220 0.890 2
43.571 20.000 27.125 210 215 220 0.890 2
43.571 40.000 27.125 210 215 220 0.890 2
44.943 20.000 27.125 210 215 220 0.890 2
44.943 40.000 27.125 210 215 220 0.890 2
46.314 20.000 27.125 210 215 220 0.890 2
46.314 40.000 27.125 210 215 220 0.890 2
23.000 20.000 27.125 190 195 205 0.880 2
47.000 20.000 27.125 190 195 205 0.880 2
23.000 21.379 27.125 190 195 205 0.880 2
47.000 21.379 27.125 190 195 205 0.880 2
23.000 22.759 27.125 190 195 205 0.880 2
47.000 22.759 27.125 190 195 205 0.880 2
23.000 24.138 27.125 190 195 205 0.880 2
47.000 24.138 27.125 190 195 205 0.880 2
23.000 25.517 27.125 190 195 205 0.880 2
47.000 25.517 27.125 190 195 205 0.880 2
23.000 26.897 27.125 190 195 205 0.880 2
47.000 26.897 27.125 190 195 205 0.880 2
23.000 28.276 27.125 190 195 205 0.880 2
47.000 28.276 27.125 190 195 205 0.880 2
23.000 29.655 27.125 190 195 205 0.880 2
47.000 29.655 27.125 190 195 205 0.880 2
23.000 31.034 27.125 190 195 205 0.880 2
47.000 31.034 27.125 190 195 205 0.880 2
23.000 32.414 27.125 190 195 205 0.880 2
47.000 32.414 27.125 190 195 205 0.880 2
23.000 33.793 27.125 190 195 205 0.880 2
47.000 33.793 27.125 190 195 205 0.880 2
23.000 35.172 27.125 190 195 205 0.880 2
47.000 35.172 27.125 190 195 205 0.880 2
23.000 36.552 27.125 190 195 205 0.880 2
47.000 36.552 27.125 190 195 205 0.880 2
23.000 37.931 27.125 190 195 205 0.880 2
47.000 37.931 27.125 190 195 205 0.880 2
23.000 39.310 27.125 190 195 205 0.880 2
47.000 39.310 27.125 190 195 205 0.880 2
23.000 20.000 28.000 210 215 220 0.890 2
23.000 40.000 28.000 210 215 220 0.890 2
24.371 20.000 28.000 210 215 220 0.890 2
24.371 40.000 28.000 210 215 220 0.890 2
25.743 20.000 28.000 210 215 220 0.890 2
25.743 40.000 28.000 210 215 220 0.890 2
27.114 20.000 28.000 210 215 220 0.890 2
27.114 40.000 28.000 210 215 220 0.890 2
28.486 20.000 28.000 210 215 220 0.890 2
28.486 40.000 28.000 210 215 220 0.890 2
29.857 20.000 28.000 210 215 220 0.890 2
29.857 40.000 28.000 210 215 220 0.890 2
31.229 20.000 28.000 210 215 220 0.890 2
31.229 40.000 28.000 210 215 220 0.890 2
32.600 20.000 28.000 210 215 220 0.890 2
32.600 40.000 28.000 210 215 220 0.890 2
33.971 20.000 28.000 210 215 220 0.890 2
33.971 40.000 28.000 210 215 220 0.890 2
35.343 20.000 28.000 210 215 220 0.890 2
35.343 40.000 28.000 210 215 220 0.890 2
36.714 20.000 28.000 210 215 220 0.890 2
36.714 40.000 28.000 210 215 220 0.890 2
38.086 20.000 28.000 210 215 220 0.890 2
38.086 40.000 28.000 210 215 220 0.890 2
39.457 20.000 28.000 210 215 220 0.890 2
39.457 40.000 28.000 210 215 220 0.890 2
40.829 20.000 28.000 210 215 220 0.890 2
40.829 40.000 28.000 210 215 220 0.890 2
42.200 20.000 28.000 210 215 220 0.890 2
42.200 40.000 28.000 210 215 220 0.890 2
43.571 20.000 28.000 210 215 220 0.890 2
43.571 40.000 28.000 210 215 220 0.890 2
44.943 20.000 28.000 210 215 220 0.890 2
44.943 40.000 28.000 210 215 220 0.890 2
46.314 20.000 28.000 210 215 220 0.890 2
46.314 40.000 28.000 210 215 220 0.890 2
23.000 20.000 28.000 190 195 205 0.880 2
47.000 20.000 28.000 190 195 205 0.880 2
23.000 21.379 28.000 190 195 205 0.880 2
47.000 21.379 28.000 190 195 205 0.880 2
23.000 22.759 28.000 190 195 205 0.880 2
47.000 22.759 28.000 190 195 205 0.880 2
23.000 24.138 28.000 190 195 205 0.880 2
47.000 24.138 28.000 190 195 205 0.880 2
23.000 25.517 28.000 190 195 205 0.880 2
47.000 25.517 28.000 190 195 205 0.880 2
23.000 26.897 28.000 190 195 205 0.880 2
47.000 26.897 28.000 190 195 205 0.880 2
23.000 28.276 28.000 190 195 205 0.880 2
47.000 28.276 28.000 190 195 205 0.880 2
23.000 29.655 28.000 190 195 205 0.880 2
47.000 29.655 28.000 190 195 205 0.880 2
23.000 31.034 28.000 190 195 205 0.880 2
47.000 31.034 28.000 190 195 205 0.880 2
23.000 32.414 28.000 190 195 205 0.880 2
47.000 32.414 28.000 190 195 205 0.880 2
23.000 33.793 28.000 190 195 205 0.880 2
47.000 33.793 28.000 190 195 205 0.880 2
23.000 35.172 28.000 190 195 205 0.880 2
47.000 35.172 28.000 190 195 205 0.880 2
23.000 36.552 28.000 190 195 205 0.880 2
47.000 36.552 28.000 190 195 205 0.880 2
23.000 37.931 28.000 190 195 205 0.880 2
47.000 37.931 28.000 190 195 205 0.880 2
23.000 39.310 28.000 190 195 205 0.880 2
47.000 39.310 28.000 190 195 205 0.880 2
-52.500 -42.500 12.000 70 130 180 0.960 2
-51.786 -42.500 12.000 70 130 180 0.960 2
-51.071 -42.500 12.000 70 130 180 0.960 2
-50.357 -42.500 12.000 70 130 180 0.960 2
-49.643 -42.500 12.000 70 130 180 0.960 2
-48.929 -42.500 12.000 70 130 180 0.960 2
-48.214 -42.500 12.000 70 130 180 0.960 2
-47.500 -42.500 12.000 70 130 180 0.960 2
-46.786 -42.500 12.000 70 130 180 0.960 2
-46.071 -42.500 12.000 70 130 180 0.960 2
-45.357 -42.500 12.000 70 130 180 0.960 2
-44.643 -42.500 12.000 70 130 180 0.960 2
-43.929 -42.500 12.000 70 130 180 0.960 2
-43.214 -42.500 12.000 70 130 180 0.960 2
-42.500 -42.500 12.000 70 130 180 0.960 2
-41.786 -42.500 12.000 70 130 180 0.960 2
-41.071 -42.500 12.000 70 130 180 0.960 2
-40.357 -42.500 12.000 70 130 180 0.960 2
-39.643 -42.500 12.000 70 130 180 0.960 2
-38.929 -42.500 12.000 70 130 180 0.960 2
-38.214 -42.500 12.000 70 130 180 0.960 2
-37.500 -42.500 12.000 70 130 180 0.960 2
-52.500 -41.786 12.000 70 130 180 0.960 2
-51.786 -41.786 12.000 70 130 180 0.960 2
-51.071 -41.786 12.000 70 130 180 0.960 2
-50.357 -41.786 12.000 70 130 180 0.960 2
-49.643 -41.786 12.000 70 130 180 0.960 2
-48.929 -41.786 12.000 70 130 180 0.960 2
-48.214 -41.786 12.000 70 130 180 0.960 2
-47.500 -41.786 12.000 70 130 180 0.960 2
-46.786 -41.786 12.000 70 130 180 0.960 2
-46.071 -41.786 12.000 70 130 180 0.960 2
-45.357 -41.786 12.000 70 130 180 0.960 2
-44.643 -41.786 12.000 70 130 180 0.960 2
-43.929 -41.786 12.000 70 130 180 0.960 2
-43.214 -41.786 12.000 70 130 180 0.960 2
-42.500 -41.786 12.000 70 130 180 0.960 2
-41.786 -41.786 12.000 70 130 180 0.960 2
-41.071 -41.786 12.000 70 130 180 0.960 2
-40.357 -41.786 12.000 70 130 180 0.960 2
-39.643 -41.786 12.000 70 130 180 0.960 2
-38.929 -41.786 12.000 70 130 180 0.960 2
-38.214 -41.786 12.000 70 130 180 0.960 2
-37.500 -41.786 12.000 70 130 180 0.960 2
-52.500 -41.071 12.000 70 130 180 0.960 2
-51.786 -41.071 12.000 70 130 180 0.960 2
-51.071 -41.071 12.000 70 130 180 0.960 2
-50.357 -41.071 12.000 70 130 180 0.960 2
-49.643 -41.071 12.000 70 130 180 0.960 2
-48.929 -41.071 12.000 70 130 180 0.960 2
-48.214 -41.071 12.000 70 130 180 0.960 2
-47.500 -41.071 12.000 70 130 180 0.960 2
-46.786 -41.071 12.000 70 130 180 0.960 2
-46.071 -41.071 12.000 70 130 180 0.960 2
-45.357 -41.071 12.000 70 130 180 0.960 2
-44.643 -41.071 12.000 70 130 180 0.960 2
-43.929 -41.071 12.000 70 130 180 0.960 2
-43.214 -41.071 12.000 70 130 180 0.960 2
-42.500 -41.071 12.000 70 130 180 0.960 2
-41.786 -41.071 12.000 70 130 180 0.960 2
-41.071 -41.071 12.000 70 130 180 0.960 2
-40.357 -41.071 12.000 70 130 180 0.960 2
-39.643 -41.071 12.000 70 130 180 0.960 2
-38.929 -41.071 12.000 70 130 180 0.960 2
-38.214 -41.071 12.000 70 130 180 0.960 2
-37.500 -41.071 12.000 70 130 180 0.960 2
-52.500 -40.357 12.000 70 130 180 0.960 2
-51.786 -40.357 12.000 70 130 180 0.960 2
-51.071 -40.357 12.000 70 130 180 0.960 2
-50.357 -40.357 12.000 70 130 180 0.960 2
-49.643 -40.357 12.000 70 130 180 0.960 2
-48.929 -40.357 12.000 70 130 180 0.960 2
-48.214 -40.357 12.000 70 130 180 0.960 2
-47.500 -40.357 12.000 70 130 180 0.960 2
-46.786 -40.357 12.000 70 130 180 0.960 2
-46.071 -40.357 12.000 70 130 180 0.960 2
-45.357 -40.357 12.000 70 130 180 0.960 2
-44.643 -40.357 12.000 70 130 180 0.960 2
-43.929 -40.357 12.000 70 130 180 0.960 2
-43.214 -40.357 12.000 70 130 180 0.960 2
-42.500 -40.357 12.000 70 130 180 0.960 2
-41.786 -40.357 12.000 70 130 180 0.960 2
-41.071 -40.357 12.000 70 130 180 0.960 2
-40.357 -40.357 12.000 70 130 180 0.960 2
-39.643 -40.357 12.000 70 130 180 0.960 2
-38.929 -40.357 12.000 70 130 180 0.960 2
-38.214 -40.357 12.000 70 130 180 0.960 2
-37.500 -40.357 12.000 70 130 180 0.960 2
-52.500 -39.643 12.000 70 130 180 0.960 2
-51.786 -39.643 12.000 70 130 180 0.960 2
-51.071 -39.643 12.000 70 130 180 0.960 2
-50.357 -39.643 12.000 70 130 180 0.960 2
-49.643 -39.643 12.000 70 130 180 0.960 2
-48.929 -39.643 12.000 70 130 180 0.960 2
-48.214 -39.643 12.000 70 130 180 0.960 2
-47.500 -39.643 12.000 70 130 180 0.960 2
-46.786 -39.643 12.000 70 130 180 0.960 2
-46.071 -39.643 12.000 70 130 180 0.960 2
-45.357 -39.643 12.000 70 130 180 0.960 2
-44.643 -39.643 12.000 70 130 180 0.960 2
-43.929 -39.643 12.000 70 130 180 0.960 2
-43.214 -39.643 12.000 70 130 180 0.960 2
-42.500 -39.643 12.000 70 130 180 0.960 2
-41.786 -39.643 12.000 70 130 180 0.960 2
-41.071 -39.643 12.000 70 130 180 0.960 2
-40.357 -39.643 12.000 70 130 180 0.960 2
-39.643 -39.643 12.000 70 130 180 0.960 2
-38.929 -39.643 12.000 70 130 180 0.960 2
-38.214 -39.643 12.000 70 130 180 0.960 2
-37.500 -39.643 12.000 70 130 180 0.960 2
-52.500 -38.929 12.000 70 130 180 0.960 2
-51.786 -38.929 12.000 70 130 180 0.960 2
-51.071 -38.929 12.000 70 130 180 0.960 2
-50.357 -38.929 12.000 70 130 180 0.960 2
-49.643 -38.929 12.000 70 130 180 0.960 2
-48.929 -38.929 12.000 70 130 180 0.960 2
-48.214 -38.929 12.000 70 130 180 0.960 2
-47.500 -38.929 12.000 70 130 180 0.960 2
-46.786 -38.929 12.000 70 130 180 0.960 2
-46.071 -38.929 12.000 70 130 180 0.960 2
-45.357 -38.929 12.000 70 130 180 0.960 2
-44.643 -38.929 12.000 70 130 180 0.960 2
-43.929 -38.929 12.000 70 130 180 0.960 2
-43.214 -38.929 12.000 70 130 180 0.960 2
-42.500 -38.929 12.000 70 130 180 0.960 2
-41.786 -38.929 12.000 70 130 180 0.960 2
-41.071 -38.929 12.000 70 130 180 0.960 2
-40.357 -38.929 12.000 70 130 180 0.960 2
-39.643 -38.929 12.000 70 130 180 0.960 2
-38.929 -38.929 12.000 70 130 180 0.960 2
-38.214 -38.929 12.000 70 130 180 0.960 2
-37.500 -38.929 12.000 70 130 180 0.960 2
-52.500 -38.214 12.000 70 130 180 0.960 2
-51.786 -38.214 12.000 70 130 180 0.960 2
-51.071 -38.214 12.000 70 130 180 0.960 2
-50.357 -38.214 12.000 70 130 180 0.960 2
-49.643 -38.214 12.000 70 130 180 0.960 2
-48.929 -38.214 12.000 70 130 180 0.960 2
-48.214 -38.214 12.000 70 130 180 0.960 2
-47.500 -38.214 12.000 70 130 180 0.960 2
-46.786 -38.214 12.000 70 130 180 0.960 2
-46.071 -38.214 12.000 70 130 180 0.960 2
-45.357 -38.214 12.000 70 130 180 0.960 2
-44.643 -38.214 12.000 70 130 180 0.960 2
-43.929 -38.214 12.000 70 130 180 0.960 2
-43.214 -38.214 12.000 70 130 180 0.960 2
-42.500 -38.214 12.000 70 130 180 0.960 2
-41.786 -38.214 12.000 70 130 180 0.960 2
-41.071 -38.214 12.000 70 130 180 0.960 2
-40.357 -38.214 12.000 70 130 180 0.960 2
-39.643 -38.214 12.000 70 130 180 0.960 2
-38.929 -38.214 12.000 70 130 180 0.960 2
-38.214 -38.214 12.000 70 130 180 0.960 2
-37.500 -38.214 12.000 70 130 180 0.960 2
-52.500 -37.500 12.000 70 130 180 0.960 2
-51.786 -37.500 12.000 70 130 180 0.960 2
-51.071 -37.500 12.000 70 130 180 0.960 2
-50.357 -37.500 12.000 70 130 180 0.960 2
-49.643 -37.500 12.000 70 130 180 0.960 2
-48.929 -37.500 12.000 70 130 180 0.960 2
-48.214 -37.500 12.000 70 130 180 0.960 2
-47.500 -37.500 12.000 70 130 180 0.960 2
-46.786 -37.500 12.000 70 130 180 0.960 2
-46.071 -37.500 12.000 70 130 180 0.960 2
-45.357 -37.500 12.000 70 130 180 0.960 2
-44.643 -37.500 12.000 70 130 180 0.960 2
-43.929 -37.500 12.000 70 130 180 0.960 2
-43.214 -37.500 12.000 70 130 180 0.960 2
-42.500 -37.500 12.000 70 130 180 0.960 2
-41.786 -37.500 12.000 70 130 180 0.960 2
-41.071 -37.500 12.000 70 130 180 0.960 2
-40.357 -37.500 12.000 70 130 180 0.960 2
-39.643 -37.500 12.000 70 130 180 0.960 2
-38.929 -37.500 12.000 70 130 180 0.960 2
-38.214 -37.500 12.000 70 130 180 0.960 2
-37.500 -37.500 12.000 70 130 180 0.960 2
-52.500 -36.786 12.000 70 130 180 0.960 2
-51.786 -36.786 12.000 70 130 180 0.960 2
-51.071 -36.786 12.000 70 130 180 0.960 2
-50.357 -36.786 12.000 70 130 180 0.960 2
-49.643 -36.786 12.000 70 130 180 0.960 2
-48.929 -36.786 12.000 70 130 180 0.960 2
-48.214 -36.786 12.000 70 130 180 0.960 2
-47.500 -36.786 12.000 70 130 180 0.960 2
-46.786 -36.786 12.000 70 130 180 0.960 2
-46.071 -36.786 12.000 70 130 180 0.960 2
-45.357 -36.786 12.000 70 130 180 0.960 2
-44.643 -36.786 12.000 70 130 180 0.960 2
-43.929 -36.786 12.000 70 130 180 0.960 2
-43.214 -36.786 12.000 70 130 180 0.960 2
-42.500 -36.786 12.000 70 130 180 0.960 2
-41.786 -36.786 12.000 70 130 180 0.960 2
-41.071 -36.786 12.000 70 130 180 0.960 2
-40.357 -36.786 12.000 70 130 180 0.960 2
-39.643 -36.786 12.000 70 130 180 0.960 2
-38.929 -36.786 12.000 70 130 180 0.960 2
-38.214 -36.786 12.000 70 130 180 0.960 2
-37.500 -36.786 12.000 70 130 180 0.960 2
-52.500 -36.071 12.000 70 130 180 0.960 2
-51.786 -36.071 12.000 70 130 180 0.960 2
-51.071 -36.071 12.000 70 130 180 0.960 2
-50.357 -36.071 12.000 70 130 180 0.960 2
-49.643 -36.071 12.000 70 130 180 0.960 2
-48.929 -36.071 12.000 70 130 180 0.960 2
-48.214 -36.071 12.000 70 130 180 0.960 2
-47.500 -36.071 12.000 70 130 180 0.960 2
-46.786 -36.071 12.000 70 130 180 0.960 2
-46.071 -36.071 12.000 70 130 180 0.960 2
-45.357 -36.071 12.000 70 130 180 0.960 2
-44.643 -36.071 12.000 70 130 180 0.960 2
-43.929 -36.071 12.000 70 130 180 0.960 2
-43.214 -36.071 12.000 70 130 180 0.960 2
-42.500 -36.071 12.000 70 130 180 0.960 2
-41.786 -36.071 12.000 70 130 180 0.960 2
-41.071 -36.071 12.000 70 130 180 0.960 2
-40.357 -36.071 12.000 70 130 180 0.960 2
-39.643 -36.071 12.000 70 130 180 0.960 2
-38.929 -36.071 12.000 70 130 180 0.960 2
-38.214 -36.071 12.000 70 130 180 0.960 2
-37.500 -36.071 12.000 70 130 180 0.960 2
-52.500 -35.357 12.000 70 130 180 0.960 2
-51.786 -35.357 12.000 70 130 180 0.960 2
-51.071 -35.357 12.000 70 130 180 0.960 2
-50.357 -35.357 12.000 70 130 180 0.960 2
-49.643 -35.357 12.000 70 130 180 0.960 2
-48.929 -35.357 12.000 70 130 180 0.960 2
-48.214 -35.357 12.000 70 130 180 0.960 2
-47.500 -35.357 12.000 70 130 180 0.960 2
-46.786 -35.357 12.000 70 130 180 0.960 2
-46.071 -35.357 12.000 70 130 180 0.960 2
-45.357 -35.357 12.000 70 130 180 0.960 2
-44.643 -35.357 12.000 70 130 180 0.960 2
-43.929 -35.357 12.000 70 130 180 0.960 2
-43.214 -35.357 12.000 70 130 180 0.960 2
-42.500 -35.357 12.000 70 130 180 0.960 2
-41.786 -35.357 12.000 70 130 180 0.960 2
-41.071 -35.357 12.000 70 130 180 0.960 2
-40.357 -35.357 12.000 70 130 180 0.960 2
-39.643 -35.357 12.000 70 130 180 0.960 2
-38.929 -35.357 12.000 70 130 180 0.960 2
-38.214 -35.357 12.000 70 130 180 0.960 2
-37.500 -35.357 12.000 70 130 180 0.960 2
-52.500 -34.643 12.000 70 130 180 0.960 2
-51.786 -34.643 12.000 70 130 180 0.960 2
-51.071 -34.643 12.000 70 130 180 0.960 2
-50.357 -34.643 12.000 70 130 180 0.960 2
-49.643 -34.643 12.000 70 130 180 0.960 2
-48.929 -34.643 12.000 70 130 180 0.960 2
-48.214 -34.643 12.000 70 130 180 0.960 2
-47.500 -34.643 12.000 70 130 180 0.960 2
-46.786 -34.643 12.000 70 130 180 0.960 2
-46.071 -34.643 12.000 70 130 180 0.960 2
-45.357 -34.643 12.000 70 130 180 0.960 2
-44.643 -34.643 12.000 70 130 180 0.960 2
-43.929 -34.643 12.000 70 130 180 0.960 2
-43.214 -34.643 12.000 70 130 180 0.960 2
-42.500 -34.643 12.000 70 130 180 0.960 2
-41.786 -34.643 12.000 70 130 180 0.960 2
-41.071 -34.643 12.000 70 130 180 0.960 2
-40.357 -34.643 12.000 70 130 180 0.960 2
-39.643 -34.643 12.000 70 130 180 0.960 2
-38.929 -34.643 12.000 70 130 180 0.960 2
-38.214 -34.643 12.000 70 130 180 0.960 2
-37.500 -34.643 12.000 70 130 180 0.960 2
-52.500 -33.929 12.000 70 130 180 0.960 2
-51.786 -33.929 12.000 70 130 180 0.960 2
-51.071 -33.929 12.000 70 130 180 0.960 2
-50.357 -33.929 12.000 70 130 180 0.960 2
-49.643 -33.929 12.000 70 130 180 0.960 2
-48.929 -33.929 12.000 70 130 180 0.960 2
-48.214 -33.929 12.000 70 130 180 0.960 2
-47.500 -33.929 12.000 70 130 180 0.960 2
-46.786 -33.929 12.000 70 130 180 0.960 2
-46.071 -33.929 12.000 70 130 180 0.960 2
-45.357 -33.929 12.000 70 130 180 0.960 2
-44.643 -33.929 12.000 70 130 180 0.960 2
-43.929 -33.929 12.000 70 130 180 0.960 2
-43.214 -33.929 12.000 70 130 180 0.960 2
-42.500 -33.929 12.000 70 130 180 0.960 2
-41.786 -33.929 12.000 70 130 180 0.960 2
-41.071 -33.929 12.000 70 130 180 0.960 2
-40.357 -33.929 12.000 70 130 180 0.960 2
-39.643 -33.929 12.000 70 130 180 0.960 2
-38.929 -33.929 12.000 70 130 180 0.960 2
-38.214 -33.929 12.000 70 130 180 0.960 2
-37.500 -33.929 12.000 70 130 180 0.960 2
-52.500 -33.214 12.000 70 130 180 0.960 2
-51.786 -33.214 12.000 70 130 180 0.960 2
-51.071 -33.214 12.000 70 130 180 0.960 2
-50.357 -33.214 12.000 70 130 180 0.960 2
-49.643 -33.214 12.000 70 130 180 0.960 2
-48.929 -33.214 12.000 70 130 180 0.960 2
-48.214 -33.214 12.000 70 130 180 0.960 2
-47.500 -33.214 12.000 70 130 180 0.960 2
-46.786 -33.214 12.000 70 130 180 0.960 2
-46.071 -33.214 12.000 70 130 180 0.960 2
-45.357 -33.214 12.000 70 130 180 0.960 2
-44.643 -33.214 12.000 70 130 180 0.960 2
-43.929 -33.214 12.000 70 130 180 0.960 2
-43.214 -33.214 12.000 70 130 180 0.960 2
-42.500 -33.214 12.000 70 130 180 0.960 2
-41.786 -33.214 12.000 70 130 180 0.960 2
-41.071 -33.214 12.000 70 130 180 0.960 2
-40.357 -33.214 12.000 70 130 180 0.960 2
-39.643 -33.214 12.000 70 130 180 0.960 2
-38.929 -33.214 12.000 70 130 180 0.960 2
-38.214 -33.214 12.000 70 130 180 0.960 2
-37.500 -33.214 12.000 70 130 180 0.960 2
-52.500 -32.500 12.000 70 130 180 0.960 2
-51.786 -32.500 12.000 70 130 180 0.960 2
-51.071 -32.500 12.000 70 130 180 0.960 2
-50.357 -32.500 12.000 70 130 180 0.960 2
-49.643 -32.500 12.000 70 130 180 0.960 2
-48.929 -32.500 12.000 70 130 180 0.960 2
-48.214 -32.500 12.000 70 130 180 0.960 2
-47.500 -32.500 12.000 70 130 180 0.960 2
-46.786 -32.500 12.000 70 130 180 0.960 2
-46.071 -32.500 12.000 70 130 180 0.960 2
-45.357 -32.500 12.000 70 130 180 0.960 2
-44.643 -32.500 12.000 70 130 180 0.960 2
-43.929 -32.500 12.000 70 130 180 0.960 2
-43.214 -32.500 12.000 70 130 180 0.960 2
-42.500 -32.500 12.000 70 130 180 0.960 2
-41.786 -32.500 12.000 70 130 180 0.960 2
-41.071 -32.500 12.000 70 130 180 0.960 2
-40.357 -32.500 12.000 70 130 180 0.960 2
-39.643 -32.500 12.000 70 130 180 0.960 2
-38.929 -32.500 12.000 70 130 180 0.960 2
-38.214 -32.500 12.000 70 130 180 0.960 2
-37.500 -32.500 12.000 70 130 180 0.960 2
-52.500 -31.786 12.000 70 130 180 0.960 2
-51.786 -31.786 12.000 70 130 180 0.960 2
-51.071 -31.786 12.000 70 130 180 0.960 2
-50.357 -31.786 12.000 70 130 180 0.960 2
-49.643 -31.786 12.000 70 130 180 0.960 2
-48.929 -31.786 12.000 70 130 180 0.960 2
-48.214 -31.786 12.000 70 130 180 0.960 2
-47.500 -31.786 12.000 70 130 180 0.960 2
-46.786 -31.786 12.000 70 130 180 0.960 2
-46.071 -31.786 12.000 70 130 180 0.960 2
-45.357 -31.786 12.000 70 130 180 0.960 2
-44.643 -31.786 12.000 70 130 180 0.960 2
-43.929 -31.786 12.000 70 130 180 0.960 2
-43.214 -31.786 12.000 70 130 180 0.960 2
-42.500 -31.786 12.000 70 130 180 0.960 2
-41.786 -31.786 12.000 70 130 180 0.960 2
-41.071 -31.786 12.000 70 130 180 0.960 2
-40.357 -31.786 12.000 70 130 180 0.960 2
-39.643 -31.786 12.000 70 130 180 0.960 2
-38.929 -31.786 12.000 70 130 180 0.960 2
-38.214 -31.786 12.000 70 130 180 0.960 2
-37.500 -31.786 12.000 70 130 180 0.960 2
-52.500 -31.071 12.000 70 130 180 0.960 2
-51.786 -31.071 12.000 70 130 180 0.960 2
-51.071 -31.071 12.000 70 130 180 0.960 2
-50.357 -31.071 12.000 70 130 180 0.960 2
-49.643 -31.071 12.000 70 130 180 0.960 2
-48.929 -31.071 12.000 70 130 180 0.960 2
-48.214 -31.071 12.000 70 130 180 0.960 2
-47.500 -31.071 12.000 70 130 180 0.960 2
-46.786 -31.071 12.000 70 130 180 0.960 2
-46.071 -31.071 12.000 70 130 180 0.960 2
-45.357 -31.071 12.000 70 130 180 0.960 2
-44.643 -31.071 12.000 70 130 180 0.960 2
-43.929 -31.071 12.000 70 130 180 0.960 2
-43.214 -31.071 12.000 70 130 180 0.960 2
-42.500 -31.071 12.000 70 130 180 0.960 2
-41.786 -31.071 12.000 70 130 180 0.960 2
-41.071 -31.071 12.000 70 130 180 0.960 2
-40.357 -31.071 12.000 70 130 180 0.960 2
-39.643 -31.071 12.000 70 130 180 0.960 2
-38.929 -31.071 12.000 70 130 180 0.960 2
-38.214 -31.071 12.000 70 130 180 0.960 2
-37.500 -31.071 12.000 70 130 180 0.960 2
-52.500 -30.357 12.000 70 130 180 0.960 2
-51.786 -30.357 12.000 70 130 180 0.960 2
-51.071 -30.357 12.000 70 130 180 0.960 2
-50.357 -30.357 12.000 70 130 180 0.960 2
-49.643 -30.357 12.000 70 130 180 0.960 2
-48.929 -30.357 12.000 70 130 180 0.960 2
-48.214 -30.357 12.000 70 130 180 0.960 2
-47.500 -30.357 12.000 70 130 180 0.960 2
-46.786 -30.357 12.000 70 130 180 0.960 2
-46.071 -30.357 12.000 70 130 180 0.960 2
-45.357 -30.357 12.000 70 130 180 0.960 2
-44.643 -30.357 12.000 70 130 180 0.960 2
-43.929 -30.357 12.000 70 130 180 0.960 2
-43.214 -30.357 12.000 70 130 180 0.960 2
-42.500 -30.357 12.000 70 130 180 0.960 2
-41.786 -30.357 12.000 70 130 180 0.960 2
-41.071 -30.357 12.000 70 130 180 0.960 2
-40.357 -30.357 12.000 70 130 180 0.960 2
-39.643 -30.357 12.000 70 130 180 0.960 2
-38.929 -30.357 12.000 70 130 180 0.960 2
-38.214 -30.357 12.000 70 130 180 0.960 2
-37.500 -30.357 12.000 70 130 180 0.960 2
-52.500 -29.643 12.000 70 130 180 0.960 2
-51.786 -29.643 12.000 70 130 180 0.960 2
-51.071 -29.643 12.000 70 130 180 0.960 2
-50.357 -29.643 12.000 70 130 180 0.960 2
-49.643 -29.643 12.000 70 130 180 0.960 2
-48.929 -29.643 12.000 70 130 180 0.960 2
-48.214 -29.643 12.000 70 130 180 0.960 2
-47.500 -29.643 12.000 70 130 180 0.960 2
-46.786 -29.643 12.000 70 130 180 0.960 2
-46.071 -29.643 12.000 70 130 180 0.960 2
-45.357 -29.643 12.000 70 130 180 0.960 2
-44.643 -29.643 12.000 70 130 180 0.960 2
-43.929 -29.643 12.000 70 130 180 0.960 2
-43.214 -29.643 12.000 70 130 180 0.960 2
-42.500 -29.643 12.000 70 130 180 0.960 2
-41.786 -29.643 12.000 70 130 180 0.960 2
-41.071 -29.643 12.000 70 130 180 0.960 2
-40.357 -29.643 12.000 70 130 180 0.960 2
-39.643 -29.643 12.000 70 130 180 0.960 2
-38.929 -29.643 12.000 70 130 180 0.960 2
-38.214 -29.643 12.000 70 130 180 0.960 2
-37.500 -29.643 12.000 70 130 180 0.960 2
-52.500 -28.929 12.000 70 130 180 0.960 2
-51.786 -28.929 12.000 70 130 180 0.960 2
-51.071 -28.929 12.000 70 130 180 0.960 2
-50.357 -28.929 12.000 70 130 180 0.960 2
-49.643 -28.929 12.000 70 130 180 0.960 2
-48.929 -28.929 12.000 70 130 180 0.960 2
-48.214 -28.929 12.000 70 130 180 0.960 2
-47.500 -28.929 12.000 70 130 180 0.960 2
-46.786 -28.929 12.000 70 130 180 0.960 2
-46.071 -28.929 12.000 70 130 180 0.960 2
-45.357 -28.929 12.000 70 130 180 0.960 2
-44.643 -28.929 12.000 70 130 180 0.960 2
-43.929 -28.929 12.000 70 130 180 0.960 2
-43.214 -28.929 12.000 70 130 180 0.960 2
-42.500 -28.929 12.000 70 130 180 0.960 2
-41.786 -28.929 12.000 70 130 180 0.960 2
-41.071 -28.929 12.000 70 130 180 0.960 2
-40.357 -28.929 12.000 70 130 180 0.960 2
-39.643 -28.929 12.000 70 130 180 0.960 2
-38.929 -28.929 12.000 70 130 180 0.960 2
-38.214 -28.929 12.000 70 130 180 0.960 2
-37.500 -28.929 12.000 70 130 180 0.960 2
-52.500 -28.214 12.000 70 130 180 0.960 2
-51.786 -28.214 12.000 70 130 180 0.960 2
-51.071 -28.214 12.000 70 130 180 0.960 2
-50.357 -28.214 12.000 70 130 180 0.960 2
-49.643 -28.214 12.000 70 130 180 0.960 2
-48.929 -28.214 12.000 70 130 180 0.960 2
-48.214 -28.214 12.000 70 130 180 0.960 2
-47.500 -28.214 12.000 70 130 180 0.960 2
-46.786 -28.214 12.000 70 130 180 0.960 2
-46.071 -28.214 12.000 70 130 180 0.960 2
-45.357 -28.214 12.000 70 130 180 0.960 2
-44.643 -28.214 12.000 70 130 180 0.960 2
-43.929 -28.214 12.000 70 130 180 0.960 2
-43.214 -28.214 12.000 70 130 180 0.960 2
-42.500 -28.214 12.000 70 130 180 0.960 2
-41.786 -28.214 12.000 70 130 180 0.960 2
-41.071 -28.214 12.000 70 130 180 0.960 2
-40.357 -28.214 12.000 70 130 180 0.960 2
-39.643 -28.214 12.000 70 130 180 0.960 2
-38.929 -28.214 12.000 70 130 180 0.960 2
-38.214 -28.214 12.000 70 130 180 0.960 2
-37.500 -28.214 12.000 70 130 180 0.960 2
-52.500 -27.500 12.000 70 130 180 0.960 2
-51.786 -27.500 12.000 70 130 180 0.960 2
-51.071 -27.500 12.000 70 130 180 0.960 2
-50.357 -27.500 12.000 70 130 180 0.960 2
-49.643 -27.500 12.000 70 130 180 0.960 2
-48.929 -27.500 12.000 70 130 180 0.960 2
-48.214 -27.500 12.000 70 130 180 0.960 2
-47.500 -27.500 12.000 70 130 180 0.960 2
-46.786 -27.500 12.000 70 130 180 0.960 2
-46.071 -27.500 12.000 70 130 180 0.960 2
-45.357 -27.500 12.000 70 130 180 0.960 2
-44.643 -27.500 12.000 70 130 180 0.960 2
-43.929 -27.500 12.000 70 130 180 0.960 2
-43.214 -27.500 12.000 70 130 180 0.960 2
-42.500 -27.500 12.000 70 130 180 0.960 2
-41.786 -27.500 12.000 70 130 180 0.960 2
-41.071 -27.500 12.000 70 130 180 0.960 2
-40.357 -27.500 12.000 70 130 180 0.960 2
-39.643 -27.500 12.000 70 130 180 0.960 2
-38.929 -27.500 12.000 70 130 180 0.960 2
-38.214 -27.500 12.000 70 130 180 0.960 2
-37.500 -27.500 12.000 70 130 180 0.960 2
-52.500 -42.500 0.000 210 215 220 0.890 2
-52.500 -27.500 0.000 210 215 220 0.890 2
-51.071 -42.500 0.000 210 215 220 0.890 2
-51.071 -27.500 0.000 210 215 220 0.890 2
-49.643 -42.500 0.000 210 215 220 0.890 2
-49.643 -27.500 0.000 210 215 220 0.890 2
-48.214 -42.500 0.000 210 215 220 0.890 2
-48.214 -27.500 0.000 210 215 220 0.890 2
-46.786 -42.500 0.000 210 215 220 0.890 2
-46.786 -27.500 0.000 210 215 220 0.890 2
-45.357 -42.500 0.000 210 215 220 0.890 2
-45.357 -27.500 0.000 210 215 220 0.890 2
-43.929 -42.500 0.000 210 215 220 0.890 2
-43.929 -27.500 0.000 210 215 220 0.890 2
-42.500 -42.500 0.000 210 215 220 0.890 2
-42.500 -27.500 0.000 210 215 220 0.890 2
-41.071 -42.500 0.000 210 215 220 0.890 2
-41.071 -27.500 0.000 210 215 220 0.890 2
-39.643 -42.500 0.000 210 215 220 0.890 2
-39.643 -27.500 0.000 210 215 220 0.890 2
-38.214 -42.500 0.000 210 215 220 0.890 2
-38.214 -27.500 0.000 210 215 220 0.890 2
-52.500 -42.500 0.000 190 195 205 0.880 2
-37.500 -42.500 0.000 190 195 205 0.880 2
-52.500 -41.071 0.000 190 195 205 0.880 2
-37.500 -41.071 0.000 190 195 205 0.880 2
-52.500 -39.643 0.000 190 195 205 0.880 2
-37.500 -39.643 0.000 190 195 205 0.880 2
-52.500 -38.214 0.000 190 195 205 0.880 2
-37.500 -38.214 0.000 190 195 205 0.880 2
-52.500 -36.786 0.000 190 195 205 0.880 2
-37.500 -36.786 0.000 190 195 205 0.880 2
-52.500 -35.357 0.000 190 195 205 0.880 2
-37.500 -35.357 0.000 190 195 205 0.880 2
-52.500 -33.929 0.000 190 195 205 0.880 2
-37.500 -33.929 0.000 190 195 205 0.880 2
-52.500 -32.500 0.000 190 195 205 0.880 2
-37.500 -32.500 0.000 190 195 205 0.880 2
-52.500 -31.071 0.000 190 195 205 0.880 2
-37.500 -31.071 0.000 190 195 205 0.880 2
-52.500 -29.643 0.000 190 195 205 0.880 2
-37.500 -29.643 0.000 190 195 205 0.880 2
-52.500 -28.214 0.000 190 195 205 0.880 2
-37.500 -28.214 0.000 190 195 205 0.880 2
-52.500 -42.500 0.923 210 215 220 0.890 2
-52.500 -27.500 0.923 210 215 220 0.890 2
-51.071 -42.500 0.923 210 215 220 0.890 2
-51.071 -27.500 0.923 210 215 220 0.890 2
-49.643 -42.500 0.923 210 215 220 0.890 2
-49.643 -27.500 0.923 210 215 220 0.890 2
-48.214 -42.500 0.923 210 215 220 0.890 2
-48.214 -27.500 0.923 210 215 220 0.890 2
-46.786 -42.500 0.923 210 215 220 0.890 2
-46.786 -27.500 0.923 210 215 220 0.890 2
-45.357 -42.500 0.923 210 215 220 0.890 2
-45.357 -27.500 0.923 210 215 220 0.890 2
-43.929 -42.500 0.923 210 215 220 0.890 2
-43.929 -27.500 0.923 210 215 220 0.890 2
-42.500 -42.500 0.923 210 215 220 0.890 2
-42.500 -27.500 0.923 210 215 220 0.890 2
-41.071 -42.500 0.923 210 215 220 0.890 2
-41.071 -27.500 0.923 210 215 220 0.890 2
-39.643 -42.500 0.923 210 215 220 0.890 2
-39.643 -27.500 0.923 210 215 220 0.890 2
-38.214 -42.500 0.923 210 215 220 0.890 2
-38.214 -27.500 0.923 210 215 220 0.890 2
-52.500 -42.500 0.923 190 195 205 0.880 2
-37.500 -42.500 0.923 190 195 205 0.880 2
-52.500 -41.071 0.923 190 195 205 0.880 2
-37.500 -41.071 0.923 190 195 205 0.880 2
-52.500 -39.643 0.923 190 195 205 0.880 2
-37.500 -39.643 0.923 190 195 205 0.880 2
-52.500 -38.214 0.923 190 195 205 0.880 2
-37.500 -38.214 0.923 190 195 205 0.880 2
-52.500 -36.786 0.923 190 195 205 0.880 2
-37.500 -36.786 0.923 190 195 205 0.880 2
-52.500 -35.357 0.923 190 195 205 0.880 2
-37.500 -35.357 0.923 190 195 205 0.880 2
-52.500 -33.929 0.923 190 195 205 0.880 2
-37.500 -33.929 0.923 190 195 205 0.880 2
-52.500 -32.500 0.923 190 195 205 0.880 2
-37.500 -32.500 0.923 190 195 205 0.880 2
-52.500 -31.071 0.923 190 195 205 0.880 2
-37.500 -31.071 0.923 190 195 205 0.880 2
-52.500 -29.643 0.923 190 195 205 0.880 2
-37.500 -29.643 0.923 190 195 205 0.880 2
-52.500 -28.214 0.923 190 195 205 0.880 2
-37.500 -28.214 0.923 190 195 205 0.880 2
-52.500 -42.500 1.846 210 215 220 0.890 2
-52.500 -27.500 1.846 210 215 220 0.890 2
-51.071 -42.500 1.846 210 215 220 0.890 2
-51.071 -27.500 1.846 210 215 220 0.890 2
-49.643 -42.500 1.846 210 215 220 0.890 2
-49.643 -27.500 1.846 210 215 220 0.890 2
-48.214 -42.500 1.846 210 215 220 0.890 2
-48.214 -27.500 1.846 210 215 220 0.890 2
-46.786 -42.500 1.846 210 215 220 0.890 2
-46.786 -27.500 1.846 210 215 220 0.890 2
-45.357 -42.500 1.846 210 215 220 0.890 2
-45.357 -27.500 1.846 210 215 220 0.890 2
-43.929 -42.500 1.846 210 215 220 0.890 2
-43.929 -27.500 1.846 210 215 220 0.890 2
-42.500 -42.500 1.846 210 215 220 0.890 2
-42.500 -27.500 1.846 210 215 220 0.890 2
-41.071 -42.500 1.846 210 215 220 0.890 2
-41.071 -27.500 1.846 210 215 220 0.890 2
-39.643 -42.500 1.846 210 215 220 0.890 2
-39.643 -27.500 1.846 210 215 220 0.890 2
-38.214 -42.500 1.846 210 215 220 0.890 2
-38.214 -27.500 1.846 210 215 220 0.890 2
-52.500 -42.500 1.846 190 195 205 0.880 2
-37.500 -42.500 1.846 190 195 205 0.880 2
-52.500 -41.071 1.846 190 195 205 0.880 2
-37.500 -41.071 1.846 190 195 205 0.880 2
-52.500 -39.643 1.846 190 195 205 0.880 2
-37.500 -39.643 1.846 190 195 205 0.880 2
-52.500 -38.214 1.846 190 195 205 0.880 2
-37.500 -38.214 1.846 190 195 205 0.880 2
-52.500 -36.786 1.846 190 195 205 0.880 2
-37.500 -36.786 1.846 190 195 205 0.880 2
-52.500 -35.357 1.846 190 195 205 0.880 2
-37.500 -35.357 1.846 190 195 205 0.880 2
-52.500 -33.929 1.846 190 195 205 0.880 2
-37.500 -33.929 1.846 190 195 205 0.880 2
-52.500 -32.500 1.846 190 195 205 0.880 2
-37.500 -32.500 1.846 190 195 205 0.880 2
-52.500 -31.071 1.846 190 195 205 0.880 2
-37.500 -31.071 1.846 190 195 205 0.880 2
-52.500 -29.643 1.846 190 195 205 0.880 2
-37.500 -29.643 1.846 190 195 205 0.880 2
-52.500 -28.214 1.846 190 195 205 0.880 2
-37.500 -28.214 1.846 190 195 205 0.880 2
-52.500 -42.500 2.769 210 215 220 0.890 2
-52.500 -27.500 2.769 210 215 220 0.890 2
-51.071 -42.500 2.769 210 215 220 0.890 2
-51.071 -27.500 2.769 210 215 220 0.890 2
-49.643 -42.500 2.769 210 215 220 0.890 2
-49.643 -27.500 2.769 210 215 220 0.890 2
-48.214 -42.500 2.769 210 215 220 0.890 2
-48.214 -27.500 2.769 210 215 220 0.890 2
-46.786 -42.500 2.769 210 215 220 0.890 2
-46.786 -27.500 2.769 210 215 220 0.890 2
-45.357 -42.500 2.769 210 215 220 0.890 2
-45.357 -27.500 2.769 210 215 220 0.890 2
-43.929 -42.500 2.769 210 215 220 0.890 2
-43.929 -27.500 2.769 210 215 220 0.890 2
-42.500 -42.500 2.769 210 215 220 0.890 2
-42.500 -27.500 2.769 210 215 220 0.890 2
-41.071 -42.500 2.769 210 215 220 0.890 2
-41.071 -27.500 2.769 210 215 220 0.890 2
-39.643 -42.500 2.769 210 215 220 0.890 2
-39.643 -27.500 2.769 210 215 220 0.890 2
-38.214 -42.500 2.769 210 215 220 0.890 2
-38.214 -27.500 2.769 210 215 220 0.890 2
-52.500 -42.500 2.769 190 195 205 0.880 2
-37.500 -42.500 2.769 190 195 205 0.880 2
-52.500 -41.071 2.769 190 195 205 0.880 2
-37.500 -41.071 2.769 190 195 205 0.880 2
-52.500 -39.643 2.769 190 195 205 0.880 2
-37.500 -39.643 2.769 190 195 205 0.880 2
-52.500 -38.214 2.769 190 195 205 0.880 2
-37.500 -38.214 2.769 190 195 205 0.880 2
-52.500 -36.786 2.769 190 195 205 0.880 2
-37.500 -36.786 2.769 190 195 205 0.880 2
-52.500 -35.357 2.769 190 195 205 0.880 2
-37.500 -35.357 2.769 190 195 205 0.880 2
-52.500 -33.929 2.769 190 195 205 0.880 2
-37.500 -33.929 2.769 190 195 205 0.880 2
-52.500 -32.500 2.769 190 195 205 0.880 2
-37.500 -32.500 2.769 190 195 205 0.880 2
-52.500 -31.071 2.769 190 195 205 0.880 2
-37.500 -31.071 2.769 190 195 205 0.880 2
-52.500 -29.643 2.769 190 195 205 0.880 2
-37.500 -29.643 2.769 190 195 205 0.880 2
-52.500 -28.214 2.769 190 195 205 0.880 2
-37.500 -28.214 2.769 190 195 205 0.880 2
-52.500 -42.500 3.692 210 215 220 0.890 2
-52.500 -27.500 3.692 210 215 220 0.890 2
-51.071 -42.500 3.692 210 215 220 0.890 2
-51.071 -27.500 3.692 210 215 220 0.890 2
-49.643 -42.500 3.692 210 215 220 0.890 2
-49.643 -27.500 3.692 210 215 220 0.890 2
-48.214 -42.500 3.692 210 215 220 0.890 2
-48.214 -27.500 3.692 210 215 220 0.890 2
-46.786 -42.500 3.692 210 215 220 0.890 2
-46.786 -27.500 3.692 210 215 220 0.890 2
-45.357 -42.500 3.692 210 215 220 0.890 2
-45.357 -27.500 3.692 210 215 220 0.890 2
-43.929 -42.500 3.692 210 215 220 0.890 2
-43.929 -27.500 3.692 210 215 220 0.890 2
-42.500 -42.500 3.692 210 215 220 0.890 2
-42.500 -27.500 3.692 210 215 220 0.890 2
-41.071 -42.500 3.692 210 215 220 0.890 2
-41.071 -27.500 3.692 210 215 220 0.890 2
-39.643 -42.500 3.692 210 215 220 0.890 2
-39.643 -27.500 3.692 210 215 220 0.890 2
-38.214 -42.500 3.692 210 215 220 0.890 2
-38.214 -27.500 3.692 210 215 220 0.890 2
-52.500 -42.500 3.692 190 195 205 0.880 2
-37.500 -42.500 3.692 190 195 205 0.880 2
-52.500 -41.071 3.692 190 195 205 0.880 2
-37.500 -41.071 3.692 190 195 205 0.880 2
-52.500 -39.643 3.692 190 195 205 0.880 2
-37.500 -39.643 3.692 190 195 205 0.880 2
-52.500 -38.214 3.692 190 195 205 0.880 2
-37.500 -38.214 3.692 190 195 205 0.880 2
-52.500 -36.786 3.692 190 195 205 0.880 2
-37.500 -36.786 3.692 190 195 205 0.880 2
-52.500 -35.357 3.692 190 195 205 0.880 2
-37.500 -35.357 3.692 190 195 205 0.880 2
-52.500 -33.929 3.692 190 195 205 0.880 2
-37.500 -33.929 3.692 190 195 205 0.880 2
-52.500 -32.500 3.692 190 195 205 0.880 2
-37.500 -32.500 3.692 190 195 205 0.880 2
-52.500 -31.071 3.692 190 195 205 0.880 2
-37.500 -31.071 3.692 190 195 205 0.880 2
-52.500 -29.643 3.692 190 195 205 0.880 2
-37.500 -29.643 3.692 190 195 205 0.880 2
-52.500 -28.214 3.692 190 195 205 0.880 2
-37.500 -28.214 3.692 190 195 205 0.880 2
-52.500 -42.500 4.615 210 215 220 0.890 2
-52.500 -27.500 4.615 210 215 220 0.890 2
-51.071 -42.500 4.615 210 215 220 0.890 2
-51.071 -27.500 4.615 210 215 220 0.890 2
-49.643 -42.500 4.615 210 215 220 0.890 2
-49.643 -27.500 4.615 210 215 220 0.890 2
-48.214 -42.500 4.615 210 215 220 0.890 2
-48.214 -27.500 4.615 210 215 220 0.890 2
-46.786 -42.500 4.615 210 215 220 0.890 2
-46.786 -27.500 4.615 210 215 220 0.890 2
-45.357 -42.500 4.615 210 215 220 0.890 2
-45.357 -27.500 4.615 210 215 220 0.890 2
-43.929 -42.500 4.615 210 215 220 0.890 2
-43.929 -27.500 4.615 210 215 220 0.890 2
-42.500 -42.500 4.615 210 215 220 0.890 2
-42.500 -27.500 4.615 210 215 220 0.890 2
-41.071 -42.500 4.615 210 215 220 0.890 2
-41.071 -27.500 4.615 210 215 220 0.890 2
-39.643 -42.500 4.615 210 215 220 0.890 2
-39.643 -27.500 4.615 210 215 220 0.890 2
-38.214 -42.500 4.615 210 215 220 0.890 2
-38.214 -27.500 4.615 210 215 220 0.890 2
-52.500 -42.500 4.615 190 195 205 0.880 2
-37.500 -42.500 4.615 190 195 205 0.880 2
-52.500 -41.071 4.615 190 195 205 0.880 2
-37.500 -41.071 4.615 190 195 205 0.880 2
-52.500 -39.643 4.615 190 195 205 0.880 2
-37.500 -39.643 4.615 190 195 205 0.880 2
-52.500 -38.214 4.615 190 195 205 0.880 2
-37.500 -38.214 4.615 190 195 205 0.880 2
-52.500 -36.786 4.615 190 195 205 0.880 2
-37.500 -36.786 4.615 190 195 205 0.880 2
-52.500 -35.357 4.615 190 195 205 0.880 2
-37.500 -35.357 4.615 190 195 205 0.880 2
-52.500 -33.929 4.615 190 195 205 0.880 2
-37.500 -33.929 4.615 190 195 205 0.880 2
-52.500 -32.500 4.615 190 195 205 0.880 2
-37.500 -32.500 4.615 190 195 205 0.880 2
-52.500 -31.071 4.615 190 195 205 0.880 2
-37.500 -31.071 4.615 190 195 205 0.880 2
-52.500 -29.643 4.615 190 195 205 0.880 2
-37.500 -29.643 4.615 190 195 205 0.880 2
-52.500 -28.214 4.615 190 195 205 0.880 2
-37.500 -28.214 4.615 190 195 205 0.880 2
-52.500 -42.500 5.538 210 215 220 0.890 2
-52.500 -27.500 5.538 210 215 220 0.890 2
-51.071 -42.500 5.538 210 215 220 0.890 2
-51.071 -27.500 5.538 210 215 220 0.890 2
-49.643 -42.500 5.538 210 215 220 0.890 2
-49.643 -27.500 5.538 210 215 220 0.890 2
-48.214 -42.500 5.538 210 215 220 0.890 2
-48.214 -27.500 5.538 210 215 220 0.890 2
-46.786 -42.500 5.538 210 215 220 0.890 2
-46.786 -27.500 5.538 210 215 220 0.890 2
-45.357 -42.500 5.538 210 215 220 0.890 2
-45.357 -27.500 5.538 210 215 220 0.890 2
-43.929 -42.500 5.538 210 215 220 0.890 2
-43.929 -27.500 5.538 210 215 220 0.890 2
-42.500 -42.500 5.538 210 215 220 0.890 2
-42.500 -27.500 5.538 210 215 220 0.890 2
-41.071 -42.500 5.538 210 215 220 0.890 2
-41.071 -27.500 5.538 210 215 220 0.890 2
-39.643 -42.500 5.538 210 215 220 0.890 2
-39.643 -27.500 5.538 210 215 220 0.890 2
-38.214 -42.500 5.538 210 215 220 0.890 2
-38.214 -27.500 5.538 210 215 220 0.890 2
-52.500 -42.500 5.538 190 195 205 0.880 2
-37.500 -42.500 5.538 190 195 205 0.880 2
-52.500 -41.071 5.538 190 195 205 0.880 2
-37.500 -41.071 5.538 190 195 205 0.880 2
-52.500 -39.643 5.538 190 195 205 0.880 2
-37.500 -39.643 5.538 190 195 205 0.880 2
-52.500 -38.214 5.538 190 195 205 0.880 2
-37.500 -38.214 5.538 190 195 205 0.880 2
-52.500 -36.786 5.538 190 195 205 0.880 2
-37.500 -36.786 5.538 190 195 205 0.880 2
-52.500 -35.357 5.538 190 195 205 0.880 2
-37.500 -35.357 5.538 190 195 205 0.880 2
-52.500 -33.929 5.538 190 195 205 0.880 2
-37.500 -33.929 5.538 190 195 205 0.880 2
-52.500 -32.500 5.538 190 195 205 0.880 2
-37.500 -32.500 5.538 190 195 205 0.880 2
-52.500 -31.071 5.538 190 195 205 0.880 2
-37.500 -31.071 5.538 190 195 205 0.880 2
-52.500 -29.643 5.538 190 195 205 0.880 2
-37.500 -29.643 5.538 190 195 205 0.880 2
-52.500 -28.214 5.538 190 195 205 0.880 2
-37.500 -28.214 5.538 190 195 205 0.880 2
-52.500 -42.500 6.462 210 215 220 0.890 2
-52.500 -27.500 6.462 210 215 220 0.890 2
-51.071 -42.500 6.462 210 215 220 0.890 2
-51.071 -27.500 6.462 210 215 220 0.890 2
-49.643 -42.500 6.462 210 215 220 0.890 2
-49.643 -27.500 6.462 210 215 220 0.890 2
-48.214 -42.500 6.462 210 215 220 0.890 2
-48.214 -27.500 6.462 210 215 220 0.890 2
-46.786 -42.500 6.462 210 215 220 0.890 2
-46.786 -27.500 6.462 210 215 220 0.890 2
-45.357 -42.500 6.462 210 215 220 0.890 2
-45.357 -27.500 6.462 210 215 220 0.890 2
-43.929 -42.500 6.462 210 215 220 0.890 2
-43.929 -27.500 6.462 210 215 220 0.890 2
-42.500 -42.500 6.462 210 215 220 0.890 2
-42.500 -27.500 6.462 210 215 220 0.890 2
-41.071 -42.500 6.462 210 215 220 0.890 2
-41.071 -27.500 6.462 210 215 220 0.890 2
-39.643 -42.500 6.462 210 215 220 0.890 2
-39.643 -27.500 6.462 210 215 220 0.890 2
-38.214 -42.500 6.462 210 215 220 0.890 2
-38.214 -27.500 6.462 210 215 220 0.890 2
-52.500 -42.500 6.462 190 195 205 0.880 2
-37.500 -42.500 6.462 190 195 205 0.880 2
-52.500 -41.071 6.462 190 195 205 0.880 2
-37.500 -41.071 6.462 190 195 205 0.880 2
-52.500 -39.643 6.462 190 195 205 0.880 2
-37.500 -39.643 6.462 190 195 205 0.880 2
-52.500 -38.214 6.462 190 195 205 0.880 2
-37.500 -38.214 6.462 190 195 205 0.880 2
-52.500 -36.786 6.462 190 195 205 0.880 2
-37.500 -36.786 6.462 190 195 205 0.880 2
-52.500 -35.357 6.462 190 195 205 0.880 2
-37.500 -35.357 6.462 190 195 205 0.880 2
-52.500 -33.929 6.462 190 195 205 0.880 2
-37.500 -33.929 6.462 190 195 205 0.880 2
-52.500 -32.500 6.462 190 195 205 0.880 2
-37.500 -32.500 6.462 190 195 205 0.880 2
-52.500 -31.071 6.462 190 195 205 0.880 2
-37.500 -31.071 6.462 190 195 205 0.880 2
-52.500 -29.643 6.462 190 195 205 0.880 2
-37.500 -29.643 6.462 190 195 205 0.880 2
-52.500 -28.214 6.462 190 195 205 0.880 2
-37.500 -28.214 6.462 190 195 205 0.880 2
-52.500 -42.500 7.385 210 215 220 0.890 2
-52.500 -27.500 7.385 210 215 220 0.890 2
-51.071 -42.500 7.385 210 215 220 0.890 2
-51.071 -27.500 7.385 210 215 220 0.890 2
-49.643 -42.500 7.385 210 215 220 0.890 2
-49.643 -27.500 7.385 210 215 220 0.890 2
-48.214 -42.500 7.385 210 215 220 0.890 2
-48.214 -27.500 7.385 210 215 220 0.890 2
-46.786 -42.500 7.385 210 215 220 0.890 2
-46.786 -27.500 7.385 210 215 220 0.890 2
-45.357 -42.500 7.385 210 215 220 0.890 2
-45.357 -27.500 7.385 210 215 220 0.890 2
-43.929 -42.500 7.385 210 215 220 0.890 2
-43.929 -27.500 7.385 210 215 220 0.890 2
-42.500 -42.500 7.385 210 215 220 0.890 2
-42.500 -27.500 7.385 210 215 220 0.890 2
-41.071 -42.500 7.385 210 215 220 0.890 2
-41.071 -27.500 7.385 210 215 220 0.890 2
-39.643 -42.500 7.385 210 215 220 0.890 2
-39.643 -27.500 7.385 210 215 220 0.890 2
-38.214 -42.500 7.385 210 215 220 0.890 2
-38.214 -27.500 7.385 210 215 220 0.890 2
-52.500 -42.500 7.385 190 195 205 0.880 2
-37.500 -42.500 7.385 190 195 205 0.880 2
-52.500 -41.071 7.385 190 195 205 0.880 2
-37.500 -41.071 7.385 190 195 205 0.880 2
-52.500 -39.643 7.385 190 195 205 0.880 2
-37.500 -39.643 7.385 190 195 205 0.880 2
-52.500 -38.214 7.385 190 195 205 0.880 2
-37.500 -38.214 7.385 190 195 205 0.880 2
-52.500 -36.786 7.385 190 195 205 0.880 2
-37.500 -36.786 7.385 190 195 205 0.880 2
-52.500 -35.357 7.385 190 195 205 0.880 2
-37.500 -35.357 7.385 190 195 205 0.880 2
-52.500 -33.929 7.385 190 195 205 0.880 2
-37.500 -33.929 7.385 190 195 205 0.880 2
-52.500 -32.500 7.385 190 195 205 0.880 2
-37.500 -32.500 7.385 190 195 205 0.880 2
-52.500 -31.071 7.385 190 195 205 0.880 2
-37.500 -31.071 7.385 190 195 205 0.880 2
-52.500 -29.643 7.385 190 195 205 0.880 2
-37.500 -29.643 7.385 190 195 205 0.880 2
-52.500 -28.214 7.385 190 195 205 0.880 2
-37.500 -28.214 7.385 190 195 205 0.880 2
-52.500 -42.500 8.308 210 215 220 0.890 2
-52.500 -27.500 8.308 210 215 220 0.890 2
-51.071 -42.500 8.308 210 215 220 0.890 2
-51.071 -27.500 8.308 210 215 220 0.890 2
-49.643 -42.500 8.308 210 215 220 0.890 2
-49.643 -27.500 8.308 210 215 220 0.890 2
-48.214 -42.500 8.308 210 215 220 0.890 2
-48.214 -27.500 8.308 210 215 220 0.890 2
-46.786 -42.500 8.308 210 215 220 0.890 2
-46.786 -27.500 8.308 210 215 220 0.890 2
-45.357 -42.500 8.308 210 215 220 0.890 2
-45.357 -27.500 8.308 210 215 220 0.890 2
-43.929 -42.500 8.308 210 215 220 0.890 2
-43.929 -27.500 8.308 210 215 220 0.890 2
-42.500 -42.500 8.308 210 215 220 0.890 2
-42.500 -27.500 8.308 210 215 220 0.890 2
-41.071 -42.500 8.308 210 215 220 0.890 2
-41.071 -27.500 8.308 210 215 220 0.890 2
-39.643 -42.500 8.308 210 215 220 0.890 2
-39.643 -27.500 8.308 210 215 220 0.890 2
-38.214 -42.500 8.308 210 215 220 0.890 2
-38.214 -27.500 8.308 210 215 220 0.890 2
-52.500 -42.500 8.308 190 195 205 0.880 2
-37.500 -42.500 8.308 190 195 205 0.880 2
-52.500 -41.071 8.308 190 195 205 0.880 2
-37.500 -41.071 8.308 190 195 205 0.880 2
-52.500 -39.643 8.308 190 195 205 0.880 2
-37.500 -39.643 8.308 190 195 205 0.880 2
-52.500 -38.214 8.308 190 195 205 0.880 2
-37.500 -38.214 8.308 190 195 205 0.880 2
-52.500 -36.786 8.308 190 195 205 0.880 2
-37.500 -36.786 8.308 190 195 205 0.880 2
-52.500 -35.357 8.308 190 195 205 0.880 2
-37.500 -35.357 8.308 190 195 205 0.880 2
-52.500 -33.929 8.308 190 195 205 0.880 2
-37.500 -33.929 8.308 190 195 205 0.880 2
-52.500 -32.500 8.308 190 195 205 0.880 2
-37.500 -32.500 8.308 190 195 205 0.880 2
-52.500 -31.071 8.308 190 195 205 0.880 2
-37.500 -31.071 8.308 190 195 205 0.880 2
-52.500 -29.643 8.308 190 195 205 0.880 2
-37.500 -29.643 8.308 190 195 205 0.880 2
-52.500 -28.214 8.308 190 195 205 0.880 2
-37.500 -28.214 8.308 190 195 205 0.880 2
-52.500 -42.500 9.231 210 215 220 0.890 2
-52.500 -27.500 9.231 210 215 220 0.890 2
-51.071 -42.500 9.231 210 215 220 0.890 2
-51.071 -27.500 9.231 210 215 220 0.890 2
-49.643 -42.500 9.231 210 215 220 0.890 2
-49.643 -27.500 9.231 210 215 220 0.890 2
-48.214 -42.500 9.231 210 215 220 0.890 2
-48.214 -27.500 9.231 210 215 220 0.890 2
-46.786 -42.500 9.231 210 215 220 0.890 2
-46.786 -27.500 9.231 210 215 220 0.890 2
-45.357 -42.500 9.231 210 215 220 0.890 2
-45.357 -27.500 9.231 210 215 220 0.890 2
-43.929 -42.500 9.231 210 215 220 0.890 2
-43.929 -27.500 9.231 210 215 220 0.890 2
-42.500 -42.500 9.231 210 215 220 0.890 2
-42.500 -27.500 9.231 210 215 220 0.890 2
-41.071 -42.500 9.231 210 215 220 0.890 2
-41.071 -27.500 9.231 210 215 220 0.890 2
-39.643 -42.500 9.231 210 215 220 0.890 2
-39.643 -27.500 9.231 210 215 220 0.890 2
-38.214 -42.500 9.231 210 215 220 0.890 2
-38.214 -27.500 9.231 210 215 220 0.890 2
-52.500 -42.500 9.231 190 195 205 0.880 2
-37.500 -42.500 9.231 190 195 205 0.880 2
-52.500 -41.071 9.231 190 195 205 0.880 2
-37.500 -41.071 9.231 190 195 205 0.880 2
-52.500 -39.643 9.231 190 195 205 0.880 2
-37.500 -39.643 9.231 190 195 205 0.880 2
-52.500 -38.214 9.231 190 195 205 0.880 2
-37.500 -38.214 9.231 190 195 205 0.880 2
-52.500 -36.786 9.231 190 195 205 0.880 2
-37.500 -36.786 9.231 190 195 205 0.880 2
-52.500 -35.357 9.231 190 195 205 0.880 2
-37.500 -35.357 9.231 190 195 205 0.880 2
-52.500 -33.929 9.231 190 195 205 0.880 2
-37.500 -33.929 9.231 190 195 205 0.880 2
-52.500 -32.500 9.231 190 195 205 0.880 2
-37.500 -32.500 9.231 190 195 205 0.880 2
-52.500 -31.071 9.231 190 195 205 0.880 2
-37.500 -31.071 9.231 190 195 205 0.880 2
-52.500 -29.643 9.231 190 195 205 0.880 2
-37.500 -29.643 9.231 190 195 205 0.880 2
-52.500 -28.214 9.231 190 195 205 0.880 2
-37.500 -28.214 9.231 190 195 205 0.880 2
-52.500 -42.500 10.154 210 215 220 0.890 2
-52.500 -27.500 10.154 210 215 220 0.890 2
-51.071 -42.500 10.154 210 215 220 0.890 2
-51.071 -27.500 10.154 210 215 220 0.890 2
-49.643 -42.500 10.154 210 215 220 0.890 2
-49.643 -27.500 10.154 210 215 220 0.890 2
-48.214 -42.500 10.154 210 215 220 0.890 2
-48.214 -27.500 10.154 210 215 220 0.890 2
-46.786 -42.500 10.154 210 215 220 0.890 2
-46.786 -27.500 10.154 210 215 220 0.890 2
-45.357 -42.500 10.154 210 215 220 0.890 2
-45.357 -27.500 10.154 210 215 220 0.890 2
-43.929 -42.500 10.154 210 215 220 0.890 2
-43.929 -27.500 10.154 210 215 220 0.890 2
-42.500 -42.500 10.154 210 215 220 0.890 2
-42.500 -27.500 10.154 210 215 220 0.890 2
-41.071 -42.500 10.154 210 215 220 0.890 2
-41.071 -27.500 10.154 210 215 220 0.890 2
-39.643 -42.500 10.154 210 215 220 0.890 2
-39.643 -27.500 10.154 210 215 220 0.890 2
-38.214 -42.500 10.154 210 215 220 0.890 2
-38.214 -27.500 10.154 210 215 220 0.890 2
-52.500 -42.500 10.154 190 195 205 0.880 2
-37.500 -42.500 10.154 190 195 205 0.880 2
-52.500 -41.071 10.154 190 195 205 0.880 2
-37.500 -41.071 10.154 190 195 205 0.880 2
-52.500 -39.643 10.154 190 195 205 0.880 2
-37.500 -39.643 10.154 190 195 205 0.880 2
-52.500 -38.214 10.154 190 195 205 0.880 2
-37.500 -38.214 10.154 190 195 205 0.880 2
-52.500 -36.786 10.154 190 195 205 0.880 2
-37.500 -36.786 10.154 190 195 205 0.880 2
-52.500 -35.357 10.154 190 195 205 0.880 2
-37.500 -35.357 10.154 190 195 205 0.880 2
-52.500 -33.929 10.154 190 195 205 0.880 2
-37.500 -33.929 10.154 190 195 205 0.880 2
-52.500 -32.500 10.154 190 195 205 0.880 2
-37.500 -32.500 10.154 190 195 205 0.880 2
-52.500 -31.071 10.154 190 195 205 0.880 2
-37.500 -31.071 10.154 190 195 205 0.880 2
-52.500 -29.643 10.154 190 195 205 0.880 2
-37.500 -29.643 10.154 190 195 205 0.880 2
-52.500 -28.214 10.154 190 195 205 0.880 2
-37.500 -28.214 10.154 190 195 205 0.880 2
-52.500 -42.500 11.077 210 215 220 0.890 2
-52.500 -27.500 11.077 210 215 220 0.890 2
-51.071 -42.500 11.077 210 215 220 0.890 2
-51.071 -27.500 11.077 210 215 220 0.890 2
-49.643 -42.500 11.077 210 215 220 0.890 2
-49.643 -27.500 11.077 210 215 220 0.890 2
-48.214 -42.500 11.077 210 215 220 0.890 2
-48.214 -27.500 11.077 210 215 220 0.890 2
-46.786 -42.500 11.077 210 215 220 0.890 2
-46.786 -27.500 11.077 210 215 220 0.890 2
-45.357 -42.500 11.077 210 215 220 0.890 2
-45.357 -27.500 11.077 210 215 220 0.890 2
-43.929 -42.500 11.077 210 215 220 0.890 2
-43.929 -27.500 11.077 210 215 220 0.890 2
-42.500 -42.500 11.077 210 215 220 0.890 2
-42.500 -27.500 11.077 210 215 220 0.890 2
-41.071 -42.500 11.077 210 215 220 0.890 2
-41.071 -27.500 11.077 210 215 220 0.890 2
-39.643 -42.500 11.077 210 215 220 0.890 2
-39.643 -27.500 11.077 210 215 220 0.890 2
-38.214 -42.500 11.077 210 215 220 0.890 2
-38.214 -27.500 11.077 210 215 220 0.890 2
-52.500 -42.500 11.077 190 195 205 0.880 2
-37.500 -42.500 11.077 190 195 205 0.880 2
-52.500 -41.071 11.077 190 195 205 0.880 2
-37.500 -41.071 11.077 190 195 205 0.880 2
-52.500 -39.643 11.077 190 195 205 0.880 2
-37.500 -39.643 11.077 190 195 205 0.880 2
-52.500 -38.214 11.077 190 195 205 0.880 2
-37.500 -38.214 11.077 190 195 205 0.880 2
-52.500 -36.786 11.077 190 195 205 0.880 2
-37.500 -36.786 11.077 190 195 205 0.880 2
-52.500 -35.357 11.077 190 195 205 0.880 2
-37.500 -35.357 11.077 190 195 205 0.880 2
-52.500 -33.929 11.077 190 195 205 0.880 2
-37.500 -33.929 11.077 190 195 205 0.880 2
-52.500 -32.500 11.077 190 195 205 0.880 2
-37.500 -32.500 11.077 190 195 205 0.880 2
-52.500 -31.071 11.077 190 195 205 0.880 2
-37.500 -31.071 11.077 190 195 205 0.880 2
-52.500 -29.643 11.077 190 195 205 0.880 2
-37.500 -29.643 11.077 190 195 205 0.880 2
-52.500 -28.214 11.077 190 195 205 0.880 2
-37.500 -28.214 11.077 190 195 205 0.880 2
-52.500 -42.500 12.000 210 215 220 0.890 2
-52.500 -27.500 12.000 210 215 220 0.890 2
-51.071 -42.500 12.000 210 215 220 0.890 2
-51.071 -27.500 12.000 210 215 220 0.890 2
-49.643 -42.500 12.000 210 215 220 0.890 2
-49.643 -27.500 12.000 210 215 220 0.890 2
-48.214 -42.500 12.000 210 215 220 0.890 2
-48.214 -27.500 12.000 210 215 220 0.890 2
-46.786 -42.500 12.000 210 215 220 0.890 2
-46.786 -27.500 12.000 210 215 220 0.890 2
-45.357 -42.500 12.000 210 215 220 0.890 2
-45.357 -27.500 12.000 210 215 220 0.890 2
-43.929 -42.500 12.000 210 215 220 0.890 2
-43.929 -27.500 12.000 210 215 220 0.890 2
-42.500 -42.500 12.000 210 215 220 0.890 2
-42.500 -27.500 12.000 210 215 220 0.890 2
-41.071 -42.500 12.000 210 215 220 0.890 2
-41.071 -27.500 12.000 210 215 220 0.890 2
-39.643 -42.500 12.000 210 215 220 0.890 2
-39.643 -27.500 12.000 210 215 220 0.890 2
-38.214 -42.500 12.000 210 215 220 0.890 2
-38.214 -27.500 12.000 210 215 220 0.890 2
-52.500 -42.500 12.000 190 195 205 0.880 2
-37.500 -42.500 12.000 190 195 205 0.880 2
-52.500 -41.071 12.000 190 195 205 0.880 2
-37.500 -41.071 12.000 190 195 205 0.880 2
-52.500 -39.643 12.000 190 195 205 0.880 2
-37.500 -39.643 12.000 190 195 205 0.880 2
-52.500 -38.214 12.000 190 195 205 0.880 2
-37.500 -38.214 12.000 190 195 205 0.880 2
-52.500 -36.786 12.000 190 195 205 0.880 2
-37.500 -36.786 12.000 190 195 205 0.880 2
-52.500 -35.357 12.000 190 195 205 0.880 2
-37.500 -35.357 12.000 190 195 205 0.880 2
-52.500 -33.929 12.000 190 195 205 0.880 2
-37.500 -33.929 12.000 190 195 205 0.880 2
-52.500 -32.500 12.000 190 195 205 0.880 2
-37.500 -32.500 12.000 190 195 205 0.880 2
-52.500 -31.071 12.000 190 195 205 0.880 2
-37.500 -31.071 12.000 190 195 205 0.880 2
-52.500 -29.643 12.000 190 195 205 0.880 2
-37.500 -29.643 12.000 190 195 205 0.880 2
-52.500 -28.214 12.000 190 195 205 0.880 2
-37.500 -28.214 12.000 190 195 205 0.880 2
